ISO-10303-21;
HEADER;
FILE_DESCRIPTION((''),'2;1');
FILE_NAME('PRT0004','2026-07-06T12:07:18',('Sakura'),(''),
'CREO PARAMETRIC BY PTC INC, 2024103','CREO PARAMETRIC BY PTC INC, 2024103','');
FILE_SCHEMA(('CONFIG_CONTROL_DESIGN'));
ENDSEC;
DATA;
#1=CARTESIAN_POINT('',(-1.8055E2,8.5E0,1.525E2));
#2=DIRECTION('',(0.E0,0.E0,-1.E0));
#3=DIRECTION('',(1.E0,1.717144944754E-13,0.E0));
#4=AXIS2_PLACEMENT_3D('',#1,#2,#3);
#6=CARTESIAN_POINT('',(-2.2235E2,3.077978813184E1,1.525E2));
#7=DIRECTION('',(0.E0,0.E0,1.E0));
#8=DIRECTION('',(1.E0,1.808331262504E-11,0.E0));
#9=AXIS2_PLACEMENT_3D('',#6,#7,#8);
#11=CARTESIAN_POINT('',(-2.201E2,3.276410161514E1,1.525E2));
#12=DIRECTION('',(0.E0,0.E0,-1.E0));
#13=DIRECTION('',(-7.500000000006E-1,-6.614378277655E-1,0.E0));
#14=AXIS2_PLACEMENT_3D('',#11,#12,#13);
#16=CARTESIAN_POINT('',(-2.201E2,4.983589838486E1,1.525E2));
#17=DIRECTION('',(0.E0,0.E0,-1.E0));
#18=DIRECTION('',(-1.E0,0.E0,0.E0));
#19=AXIS2_PLACEMENT_3D('',#16,#17,#18);
#21=CARTESIAN_POINT('',(-2.2235E2,5.182021186816E1,1.525E2));
#22=DIRECTION('',(0.E0,0.E0,1.E0));
#23=DIRECTION('',(7.499999999981E-1,-6.614378277683E-1,0.E0));
#24=AXIS2_PLACEMENT_3D('',#21,#22,#23);
#26=CARTESIAN_POINT('',(-2.071E2,8.68E1,1.525E2));
#27=DIRECTION('',(0.E0,0.E0,-1.E0));
#28=DIRECTION('',(0.E0,1.E0,0.E0));
#29=AXIS2_PLACEMENT_3D('',#26,#27,#28);
#31=CARTESIAN_POINT('',(-2.071E2,7.998331477355E1,1.525E2));
#32=DIRECTION('',(0.E0,0.E0,-1.E0));
#33=DIRECTION('',(1.E0,0.E0,0.E0));
#34=AXIS2_PLACEMENT_3D('',#31,#32,#33);
#36=CARTESIAN_POINT('',(-2.066E2,7.25E1,1.525E2));
#37=DIRECTION('',(0.E0,0.E0,1.E0));
#38=DIRECTION('',(-6.666666667518E-2,9.977753031391E-1,0.E0));
#39=AXIS2_PLACEMENT_3D('',#36,#37,#38);
#41=CARTESIAN_POINT('',(-2.086E2,6.527158385260E1,1.525E2));
#42=DIRECTION('',(0.E0,0.E0,-1.E0));
#43=DIRECTION('',(2.666666664940E-1,9.637888197012E-1,0.E0));
#44=AXIS2_PLACEMENT_3D('',#41,#42,#43);
#46=DIRECTION('',(2.101033825652E-12,-1.E0,0.E0));
#47=VECTOR('',#46,1.271583852596E0);
#48=CARTESIAN_POINT('',(-2.066E2,6.527158385260E1,1.525E2));
#49=LINE('',#48,#47);
#50=DIRECTION('',(1.E0,0.E0,0.E0));
#51=VECTOR('',#50,2.825E1);
#52=CARTESIAN_POINT('',(-2.066E2,6.4E1,1.525E2));
#53=LINE('',#52,#51);
#54=CARTESIAN_POINT('',(-1.7735E2,5.182021186816E1,1.525E2));
#55=DIRECTION('',(0.E0,0.E0,1.E0));
#56=DIRECTION('',(-1.E0,-1.760724899208E-11,0.E0));
#57=AXIS2_PLACEMENT_3D('',#54,#55,#56);
#59=CARTESIAN_POINT('',(-1.796E2,4.983589838486E1,1.525E2));
#60=DIRECTION('',(0.E0,0.E0,-1.E0));
#61=DIRECTION('',(7.500000000006E-1,6.614378277655E-1,0.E0));
#62=AXIS2_PLACEMENT_3D('',#59,#60,#61);
#64=CARTESIAN_POINT('',(-1.796E2,3.276410161514E1,1.525E2));
#65=DIRECTION('',(0.E0,0.E0,-1.E0));
#66=DIRECTION('',(1.E0,0.E0,0.E0));
#67=AXIS2_PLACEMENT_3D('',#64,#65,#66);
#69=CARTESIAN_POINT('',(-1.7735E2,3.077978813184E1,1.525E2));
#70=DIRECTION('',(0.E0,0.E0,1.E0));
#71=DIRECTION('',(-7.499999999981E-1,6.614378277683E-1,0.E0));
#72=AXIS2_PLACEMENT_3D('',#69,#70,#71);
#74=DIRECTION('',(-1.E0,-6.821210263289E-13,-2.842170943037E-14));
#75=VECTOR('',#74,1.000000000001E0);
#76=CARTESIAN_POINT('',(-1.7835E2,1.43E1,1.525E2));
#77=LINE('',#76,#75);
#78=DIRECTION('',(7.350442094070E-14,-1.E0,0.E0));
#79=VECTOR('',#78,5.8E0);
#80=CARTESIAN_POINT('',(-1.7935E2,1.43E1,1.525E2));
#81=LINE('',#80,#79);
#82=CARTESIAN_POINT('',(-2.208614271531E2,4.537643193782E1,1.524996145075E2));
#83=CARTESIAN_POINT('',(-2.209575411981E2,4.490591838423E1,1.524996145075E2));
#84=CARTESIAN_POINT('',(-2.211147649168E2,4.396414760531E1,1.525004627175E2));
#85=CARTESIAN_POINT('',(-2.212645770794E2,4.255749474572E1,1.524989587273E2));
#86=CARTESIAN_POINT('',(-2.212896573840E2,4.161127657035E1,1.525021211580E2));
#87=CARTESIAN_POINT('',(-2.212907112146E2,4.113708636801E1,1.525021211580E2));
#89=CARTESIAN_POINT('',(-2.212907112146E2,4.113708636801E1,1.525021211580E2));
#90=CARTESIAN_POINT('',(-2.212943215411E2,4.112944215561E1,1.525021211580E2));
#91=CARTESIAN_POINT('',(-2.212987901369E2,4.111381121414E1,1.524992355191E2));
#92=CARTESIAN_POINT('',(-2.212971395509E2,4.108885927780E1,1.524994939462E2));
#93=CARTESIAN_POINT('',(-2.212942889543E2,4.107218254692E1,1.525016904461E2));
#94=CARTESIAN_POINT('',(-2.212921528196E2,4.106527603715E1,1.525016904461E2));
#96=CARTESIAN_POINT('',(-2.212921528196E2,4.106527603715E1,1.525016904461E2));
#97=CARTESIAN_POINT('',(-2.212936018271E2,4.012310147322E1,1.525016904461E2));
#98=CARTESIAN_POINT('',(-2.211749956047E2,3.826048924730E1,1.524991890240E2));
#99=CARTESIAN_POINT('',(-2.206288070639E2,3.549392114139E1,1.525003027466E2));
#100=CARTESIAN_POINT('',(-2.200312402690E2,3.372523392272E1,1.524998342418E2));
#101=CARTESIAN_POINT('',(-2.196727832093E2,3.285514378515E1,1.524998342418E2));
#103=CARTESIAN_POINT('',(-2.196727832093E2,3.285514378515E1,1.524998342418E2));
#104=CARTESIAN_POINT('',(-2.192638306755E2,3.186256497355E1,1.524998342418E2));
#105=CARTESIAN_POINT('',(-2.183086173552E2,2.996390539666E1,1.525000768725E2));
#106=CARTESIAN_POINT('',(-2.164641145999E2,2.734171848399E1,1.524999795835E2));
#107=CARTESIAN_POINT('',(-2.142584530019E2,2.502535046809E1,1.525000047934E2));
#108=CARTESIAN_POINT('',(-2.117366257167E2,2.305724566952E1,1.525000012430E2));
#109=CARTESIAN_POINT('',(-2.089529434633E2,2.148124187799E1,1.524999902345E2));
#110=CARTESIAN_POINT('',(-2.059685864403E2,2.033032477553E1,1.525000378189E2));
#111=CARTESIAN_POINT('',(-2.028400476651E2,1.963141663566E1,1.524998584898E2));
#112=CARTESIAN_POINT('',(-2.007203407409E2,1.947345004278E1,1.525003049779E2));
#113=CARTESIAN_POINT('',(-1.996468430549E2,1.947525396901E1,1.525003049779E2));
#115=CARTESIAN_POINT('',(-1.996468430549E2,1.947525396901E1,1.525003049779E2));
#116=CARTESIAN_POINT('',(-1.995598090127E2,1.947509099920E1,1.525003049779E2));
#117=CARTESIAN_POINT('',(-1.993858194596E2,1.947470424677E1,1.524998583639E2));
#118=CARTESIAN_POINT('',(-1.991247065558E2,1.947957803391E1,1.525000382593E2));
#119=CARTESIAN_POINT('',(-1.989508350559E2,1.948473939041E1,1.525000051523E2));
#120=CARTESIAN_POINT('',(-1.988636669993E2,1.948786476841E1,1.525000051523E2));
#122=CARTESIAN_POINT('',(-1.988636669993E2,1.948786476841E1,1.525000051523E2));
#123=CARTESIAN_POINT('',(-1.977485604831E2,1.952772301318E1,1.525000051523E2));
#124=CARTESIAN_POINT('',(-1.955507967493E2,1.977849014855E1,1.524999976084E2));
#125=CARTESIAN_POINT('',(-1.923078701259E2,2.065851335556E1,1.525000006421E2));
#126=CARTESIAN_POINT('',(-1.892524167E2,2.202217748591E1,1.524999998233E2));
#127=CARTESIAN_POINT('',(-1.864321606624E2,2.384132165556E1,1.525000000647E2));
#128=CARTESIAN_POINT('',(-1.839293476703E2,2.606889734177E1,1.524999999178E2));
#129=CARTESIAN_POINT('',(-1.818047625573E2,2.864551181753E1,1.525000002640E2));
#130=CARTESIAN_POINT('',(-1.801032000605E2,3.151001428611E1,1.524999990262E2));
#131=CARTESIAN_POINT('',(-1.788610923425E2,3.459879594807E1,1.525000036312E2));
#132=CARTESIAN_POINT('',(-1.781123557895E2,3.783565556493E1,1.524999864489E2));
#133=CARTESIAN_POINT('',(-1.779447970177E2,4.000218951759E1,1.525000291984E2));
#134=CARTESIAN_POINT('',(-1.779470204841E2,4.109511670542E1,1.525000291984E2));
#136=CARTESIAN_POINT('',(-1.779470204841E2,4.109511670542E1,1.525000291984E2));
#137=CARTESIAN_POINT('',(-1.779469837612E2,4.110845637717E1,1.525000291984E2));
#138=CARTESIAN_POINT('',(-1.779468058945E2,4.113482089052E1,1.524999898317E2));
#139=CARTESIAN_POINT('',(-1.779468283013E2,4.117179762810E1,1.524999917916E2));
#140=CARTESIAN_POINT('',(-1.779469597539E2,4.119798950363E1,1.525000259318E2));
#141=CARTESIAN_POINT('',(-1.779470216875E2,4.121119965843E1,1.525000259318E2));
#143=CARTESIAN_POINT('',(-1.779470216875E2,4.121119965843E1,1.525000259318E2));
#144=CARTESIAN_POINT('',(-1.779513937411E2,4.230531498978E1,1.525000259318E2));
#145=CARTESIAN_POINT('',(-1.781306244367E2,4.446989514366E1,1.524999879650E2));
#146=CARTESIAN_POINT('',(-1.788936880054E2,4.768944443945E1,1.525000032247E2));
#147=CARTESIAN_POINT('',(-1.801417914369E2,5.075107152083E1,1.524999991361E2));
#148=CARTESIAN_POINT('',(-1.818407266993E2,5.358595926830E1,1.525000002310E2));
#149=CARTESIAN_POINT('',(-1.839537210430E2,5.613320258887E1,1.524999999399E2));
#150=CARTESIAN_POINT('',(-1.864377966391E2,5.833549374657E1,1.525000000094E2));
#151=CARTESIAN_POINT('',(-1.892349958164E2,6.013600951984E1,1.525000000225E2));
#152=CARTESIAN_POINT('',(-1.922617148296E2,6.148769603697E1,1.524999999008E2));
#153=CARTESIAN_POINT('',(-1.954834970988E2,6.236613167675E1,1.525000003745E2));
#154=CARTESIAN_POINT('',(-1.976762272889E2,6.262113750450E1,1.524999991923E2));
#155=CARTESIAN_POINT('',(-1.987911723619E2,6.266286696061E1,1.524999991923E2));
#157=CARTESIAN_POINT('',(-1.987911723619E2,6.266286696061E1,1.524999991923E2));
#158=CARTESIAN_POINT('',(-1.988824519160E2,6.266632891469E1,1.524999991923E2));
#159=CARTESIAN_POINT('',(-1.990652069326E2,6.267194063354E1,1.525000636186E2));
#160=CARTESIAN_POINT('',(-1.993394295814E2,6.267752837155E1,1.524997785464E2));
#161=CARTESIAN_POINT('',(-1.995221681545E2,6.267671628137E1,1.525004743126E2));
#162=CARTESIAN_POINT('',(-1.996135903230E2,6.267653224990E1,1.525004743126E2));
#164=CARTESIAN_POINT('',(-1.996135903230E2,6.267653224990E1,1.525004743126E2));
#165=CARTESIAN_POINT('',(-2.007224972704E2,6.267857992181E1,1.525004743126E2));
#166=CARTESIAN_POINT('',(-2.029104764164E2,6.251004396064E1,1.524997798517E2));
#167=CARTESIAN_POINT('',(-2.061367725650E2,6.176692610342E1,1.525000590500E2));
#168=CARTESIAN_POINT('',(-2.092049042674E2,6.054331414404E1,1.524999839482E2));
#169=CARTESIAN_POINT('',(-2.120527702239E2,5.887016160453E1,1.525000051571E2));
#170=CARTESIAN_POINT('',(-2.146137285899E2,5.678541451455E1,1.524999954234E2));
#171=CARTESIAN_POINT('',(-2.168300075958E2,5.433626654117E1,1.525000131492E2));
#172=CARTESIAN_POINT('',(-2.186502923238E2,5.158010374033E1,1.524999519799E2));
#173=CARTESIAN_POINT('',(-2.200340222160E2,4.857191535251E1,1.525001789311E2));
#174=CARTESIAN_POINT('',(-2.206393300194E2,4.646289713703E1,1.524996145075E2));
#175=CARTESIAN_POINT('',(-2.208614271531E2,4.537643193782E1,1.524996145075E2));
#177=DIRECTION('',(-1.E0,0.E0,0.E0));
#178=VECTOR('',#177,4.E-1);
#179=CARTESIAN_POINT('',(-1.866E2,1.445E1,1.525E2));
#180=LINE('',#179,#178);
#181=CARTESIAN_POINT('',(-1.87E2,1.23E1,1.525E2));
#182=DIRECTION('',(0.E0,0.E0,1.E0));
#183=DIRECTION('',(0.E0,1.E0,0.E0));
#184=AXIS2_PLACEMENT_3D('',#181,#182,#183);
#186=DIRECTION('',(1.E0,0.E0,0.E0));
#187=VECTOR('',#186,4.E-1);
#188=CARTESIAN_POINT('',(-1.87E2,1.015E1,1.525E2));
#189=LINE('',#188,#187);
#190=CARTESIAN_POINT('',(-1.866E2,1.23E1,1.525E2));
#191=DIRECTION('',(0.E0,0.E0,1.E0));
#192=DIRECTION('',(0.E0,-1.E0,0.E0));
#193=AXIS2_PLACEMENT_3D('',#190,#191,#192);
#195=CARTESIAN_POINT('',(-2.131E2,8.4E1,1.525E2));
#196=DIRECTION('',(0.E0,0.E0,1.E0));
#197=DIRECTION('',(1.E0,0.E0,0.E0));
#198=AXIS2_PLACEMENT_3D('',#195,#196,#197);
#200=CARTESIAN_POINT('',(-2.131E2,8.4E1,1.525E2));
#201=DIRECTION('',(0.E0,0.E0,1.E0));
#202=DIRECTION('',(0.E0,1.E0,0.E0));
#203=AXIS2_PLACEMENT_3D('',#200,#201,#202);
#205=DIRECTION('',(0.E0,-1.E0,0.E0));
#206=VECTOR('',#205,4.E-1);
#207=CARTESIAN_POINT('',(-2.1525E2,8.4E1,1.525E2));
#208=LINE('',#207,#206);
#209=CARTESIAN_POINT('',(-2.131E2,8.36E1,1.525E2));
#210=DIRECTION('',(0.E0,0.E0,1.E0));
#211=DIRECTION('',(-1.E0,0.E0,0.E0));
#212=AXIS2_PLACEMENT_3D('',#209,#210,#211);
#214=CARTESIAN_POINT('',(-2.131E2,8.36E1,1.525E2));
#215=DIRECTION('',(0.E0,0.E0,1.E0));
#216=DIRECTION('',(0.E0,-1.E0,0.E0));
#217=AXIS2_PLACEMENT_3D('',#214,#215,#216);
#219=DIRECTION('',(0.E0,1.E0,0.E0));
#220=VECTOR('',#219,4.E-1);
#221=CARTESIAN_POINT('',(-2.1095E2,8.36E1,1.525E2));
#222=LINE('',#221,#220);
#223=CARTESIAN_POINT('',(-2.131E2,1.23E1,1.525E2));
#224=DIRECTION('',(0.E0,0.E0,1.E0));
#225=DIRECTION('',(1.421085471520E-14,-1.E0,0.E0));
#226=AXIS2_PLACEMENT_3D('',#223,#224,#225);
#228=CARTESIAN_POINT('',(-2.131E2,1.23E1,1.525E2));
#229=DIRECTION('',(0.E0,0.E0,1.E0));
#230=DIRECTION('',(1.421085471520E-14,1.E0,0.E0));
#231=AXIS2_PLACEMENT_3D('',#228,#229,#230);
#233=DIRECTION('',(4.357995445993E-13,2.703615109566E-12,-1.E0));
#234=VECTOR('',#233,1.500000000001E0);
#235=CARTESIAN_POINT('',(-1.7935E2,8.5E0,1.525E2));
#236=LINE('',#235,#234);
#237=DIRECTION('',(0.E0,0.E0,1.E0));
#238=VECTOR('',#237,1.500000000001E0);
#239=CARTESIAN_POINT('',(-1.8055E2,7.3E0,1.51E2));
#240=LINE('',#239,#238);
#241=DIRECTION('',(2.842170943040E-13,1.421085471520E-13,-1.E0));
#242=VECTOR('',#241,1.5E0);
#243=CARTESIAN_POINT('',(-1.7935E2,1.43E1,1.525E2));
#244=LINE('',#243,#242);
#245=DIRECTION('',(1.E0,2.664535259099E-14,-5.684341886078E-13));
#246=VECTOR('',#245,1.000000000001E0);
#247=CARTESIAN_POINT('',(-1.7935E2,1.43E1,1.51E2));
#248=LINE('',#247,#246);
#249=DIRECTION('',(-1.E0,-3.291589223407E-12,5.684341886078E-13));
#250=VECTOR('',#249,1.000000000001E0);
#251=CARTESIAN_POINT('',(-1.7835E2,1.55E1,1.498E2));
#252=LINE('',#251,#250);
#253=CARTESIAN_POINT('',(-1.7935E2,1.55E1,1.51E2));
#254=DIRECTION('',(1.E0,0.E0,0.E0));
#255=DIRECTION('',(0.E0,-1.E0,0.E0));
#256=AXIS2_PLACEMENT_3D('',#253,#254,#255);
#258=DIRECTION('',(3.438945200555E-14,1.E0,-3.619942316373E-14));
#259=VECTOR('',#258,1.570285211554E1);
#260=CARTESIAN_POINT('',(-1.7935E2,1.55E1,1.498E2));
#261=LINE('',#260,#259);
#262=DIRECTION('',(-3.531095781697E-14,-1.E0,-8.911813163331E-14));
#263=VECTOR('',#262,1.690285211554E1);
#264=CARTESIAN_POINT('',(-1.7935E2,3.120285211554E1,1.51E2));
#265=LINE('',#264,#263);
#266=CARTESIAN_POINT('',(-1.7835E2,5.139714788446E1,1.498E2));
#267=DIRECTION('',(0.E0,0.E0,1.E0));
#268=DIRECTION('',(-1.E0,-1.057998133547E-11,0.E0));
#269=AXIS2_PLACEMENT_3D('',#266,#267,#268);
#271=CARTESIAN_POINT('',(-1.796E2,4.983589838486E1,1.498E2));
#272=DIRECTION('',(0.E0,0.E0,-1.E0));
#273=DIRECTION('',(6.249999999999E-1,7.806247497999E-1,0.E0));
#274=AXIS2_PLACEMENT_3D('',#271,#272,#273);
#276=CARTESIAN_POINT('',(-1.796E2,3.276410161514E1,1.498E2));
#277=DIRECTION('',(0.E0,0.E0,-1.E0));
#278=DIRECTION('',(1.E0,0.E0,0.E0));
#279=AXIS2_PLACEMENT_3D('',#276,#277,#278);
#281=CARTESIAN_POINT('',(-1.7835E2,3.120285211554E1,1.498E2));
#282=DIRECTION('',(0.E0,0.E0,1.E0));
#283=DIRECTION('',(-6.249999999999E-1,7.806247497999E-1,0.E0));
#284=AXIS2_PLACEMENT_3D('',#281,#282,#283);
#286=CARTESIAN_POINT('',(-1.7735E2,3.077978813184E1,1.498E2));
#287=DIRECTION('',(0.E0,0.E0,-1.E0));
#288=DIRECTION('',(-1.E0,4.462208380560E-12,0.E0));
#289=AXIS2_PLACEMENT_3D('',#286,#287,#288);
#291=CARTESIAN_POINT('',(-1.796E2,3.276410161514E1,1.498E2));
#292=DIRECTION('',(0.E0,0.E0,1.E0));
#293=DIRECTION('',(7.500000000006E-1,-6.614378277655E-1,0.E0));
#294=AXIS2_PLACEMENT_3D('',#291,#292,#293);
#296=CARTESIAN_POINT('',(-1.796E2,4.983589838486E1,1.498E2));
#297=DIRECTION('',(0.E0,0.E0,1.E0));
#298=DIRECTION('',(1.E0,0.E0,0.E0));
#299=AXIS2_PLACEMENT_3D('',#296,#297,#298);
#301=CARTESIAN_POINT('',(-1.7735E2,5.182021186816E1,1.498E2));
#302=DIRECTION('',(0.E0,0.E0,-1.E0));
#303=DIRECTION('',(-7.499999999981E-1,-6.614378277683E-1,0.E0));
#304=AXIS2_PLACEMENT_3D('',#301,#302,#303);
#306=DIRECTION('',(-1.E0,-6.110667527532E-13,-1.136868377215E-12));
#307=VECTOR('',#306,1.000000000001E0);
#308=CARTESIAN_POINT('',(-1.7835E2,6.4E1,1.51E2));
#309=LINE('',#308,#307);
#310=DIRECTION('',(1.E0,3.346656285427E-12,5.968558980380E-13));
#311=VECTOR('',#310,1.000000000001E0);
#312=CARTESIAN_POINT('',(-1.7935E2,6.28E1,1.498E2));
#313=LINE('',#312,#311);
#314=DIRECTION('',(4.168517383126E-13,0.E0,-1.E0));
#315=VECTOR('',#314,1.5E0);
#316=CARTESIAN_POINT('',(-2.066E2,6.4E1,1.525E2));
#317=LINE('',#316,#315);
#318=CARTESIAN_POINT('',(-1.7835E2,6.28E1,1.51E2));
#319=DIRECTION('',(-1.E0,0.E0,0.E0));
#320=DIRECTION('',(0.E0,1.E0,2.344791028008E-12));
#321=AXIS2_PLACEMENT_3D('',#318,#319,#320);
#323=DIRECTION('',(-1.656670767871E-13,-1.E0,-5.435950957077E-14));
#324=VECTOR('',#323,1.097978813185E1);
#325=CARTESIAN_POINT('',(-1.7835E2,6.28E1,1.498E2));
#326=LINE('',#325,#324);
#327=DIRECTION('',(6.300488533248E-14,1.E0,0.E0));
#328=VECTOR('',#327,1.217978813185E1);
#329=CARTESIAN_POINT('',(-1.7835E2,5.182021186815E1,1.525E2));
#330=LINE('',#329,#328);
#331=DIRECTION('',(3.600083194521E-13,0.E0,-1.E0));
#332=VECTOR('',#331,1.499999999999E0);
#333=CARTESIAN_POINT('',(-1.7835E2,6.4E1,1.525E2));
#334=LINE('',#333,#332);
#335=DIRECTION('',(0.E0,0.E0,1.E0));
#336=VECTOR('',#335,2.7E0);
#337=CARTESIAN_POINT('',(-1.781E2,5.115877404039E1,1.498E2));
#338=LINE('',#337,#336);
#339=DIRECTION('',(1.157921495313E-13,-9.000207986295E-13,-1.E0));
#340=VECTOR('',#339,2.7E0);
#341=CARTESIAN_POINT('',(-1.7835E2,5.182021186815E1,1.525E2));
#342=LINE('',#341,#340);
#343=DIRECTION('',(0.E0,0.E0,1.E0));
#344=VECTOR('',#343,2.7E0);
#345=CARTESIAN_POINT('',(-1.776E2,4.983589838486E1,1.498E2));
#346=LINE('',#345,#344);
#347=DIRECTION('',(0.E0,-1.E0,0.E0));
#348=VECTOR('',#347,1.707179676972E1);
#349=CARTESIAN_POINT('',(-1.776E2,4.983589838486E1,1.498E2));
#350=LINE('',#349,#348);
#351=DIRECTION('',(0.E0,1.E0,0.E0));
#352=VECTOR('',#351,1.707179676972E1);
#353=CARTESIAN_POINT('',(-1.776E2,3.276410161514E1,1.525E2));
#354=LINE('',#353,#352);
#355=DIRECTION('',(0.E0,0.E0,-1.E0));
#356=VECTOR('',#355,2.7E0);
#357=CARTESIAN_POINT('',(-1.776E2,3.276410161514E1,1.525E2));
#358=LINE('',#357,#356);
#359=DIRECTION('',(0.E0,0.E0,-1.E0));
#360=VECTOR('',#359,2.7E0);
#361=CARTESIAN_POINT('',(-1.781E2,3.144122595961E1,1.525E2));
#362=LINE('',#361,#360);
#363=DIRECTION('',(3.157967714489E-13,2.518479252305E-12,1.E0));
#364=VECTOR('',#363,2.700000000001E0);
#365=CARTESIAN_POINT('',(-1.7835E2,3.077978813184E1,1.498E2));
#366=LINE('',#365,#364);
#367=CARTESIAN_POINT('',(-1.7835E2,1.55E1,1.51E2));
#368=DIRECTION('',(-1.E0,0.E0,0.E0));
#369=DIRECTION('',(0.E0,5.447494307494E-13,-1.E0));
#370=AXIS2_PLACEMENT_3D('',#367,#368,#369);
#372=DIRECTION('',(2.084258691562E-13,2.936909974474E-13,1.E0));
#373=VECTOR('',#372,1.500000000001E0);
#374=CARTESIAN_POINT('',(-1.7835E2,1.43E1,1.51E2));
#375=LINE('',#374,#373);
#376=DIRECTION('',(-1.103769896186E-13,1.E0,0.E0));
#377=VECTOR('',#376,1.647978813185E1);
#378=CARTESIAN_POINT('',(-1.7835E2,1.43E1,1.525E2));
#379=LINE('',#378,#377);
#380=DIRECTION('',(1.190454597833E-13,-1.E0,3.906179149138E-14));
#381=VECTOR('',#380,1.527978813184E1);
#382=CARTESIAN_POINT('',(-1.7835E2,3.077978813184E1,1.498E2));
#383=LINE('',#382,#381);
#384=CARTESIAN_POINT('',(-2.2135E2,5.139714788446E1,1.51E2));
#385=DIRECTION('',(0.E0,0.E0,-1.E0));
#386=DIRECTION('',(1.E0,-7.744915819785E-12,0.E0));
#387=AXIS2_PLACEMENT_3D('',#384,#385,#386);
#389=CARTESIAN_POINT('',(-2.201E2,4.983589838486E1,1.51E2));
#390=DIRECTION('',(0.E0,0.E0,1.E0));
#391=DIRECTION('',(-6.249999999999E-1,7.806247497999E-1,0.E0));
#392=AXIS2_PLACEMENT_3D('',#389,#390,#391);
#394=CARTESIAN_POINT('',(-2.201E2,3.276410161514E1,1.51E2));
#395=DIRECTION('',(0.E0,0.E0,1.E0));
#396=DIRECTION('',(-1.E0,0.E0,0.E0));
#397=AXIS2_PLACEMENT_3D('',#394,#395,#396);
#399=CARTESIAN_POINT('',(-2.2135E2,3.120285211554E1,1.51E2));
#400=DIRECTION('',(0.E0,0.E0,-1.E0));
#401=DIRECTION('',(6.249999999999E-1,7.806247497999E-1,0.E0));
#402=AXIS2_PLACEMENT_3D('',#399,#400,#401);
#404=CARTESIAN_POINT('',(-1.8055E2,8.5E0,1.51E2));
#405=DIRECTION('',(0.E0,0.E0,1.E0));
#406=DIRECTION('',(2.368475785867E-14,-1.E0,0.E0));
#407=AXIS2_PLACEMENT_3D('',#404,#405,#406);
#409=DIRECTION('',(-1.029061893171E-13,1.E0,1.225073682346E-13));
#410=VECTOR('',#409,5.799999999996E0);
#411=CARTESIAN_POINT('',(-1.7935E2,8.500000000004E0,1.51E2));
#412=LINE('',#411,#410);
#413=CARTESIAN_POINT('',(-1.7835E2,3.120285211554E1,1.51E2));
#414=DIRECTION('',(0.E0,0.E0,-1.E0));
#415=DIRECTION('',(-1.E0,1.228173118761E-11,0.E0));
#416=AXIS2_PLACEMENT_3D('',#413,#414,#415);
#418=CARTESIAN_POINT('',(-1.796E2,3.276410161514E1,1.51E2));
#419=DIRECTION('',(0.E0,0.E0,1.E0));
#420=DIRECTION('',(6.249999999999E-1,-7.806247497999E-1,0.E0));
#421=AXIS2_PLACEMENT_3D('',#418,#419,#420);
#423=CARTESIAN_POINT('',(-1.796E2,4.983589838486E1,1.51E2));
#424=DIRECTION('',(0.E0,0.E0,1.E0));
#425=DIRECTION('',(1.E0,0.E0,0.E0));
#426=AXIS2_PLACEMENT_3D('',#423,#424,#425);
#428=CARTESIAN_POINT('',(-1.7835E2,5.139714788446E1,1.51E2));
#429=DIRECTION('',(0.E0,0.E0,-1.E0));
#430=DIRECTION('',(-6.249999999999E-1,-7.806247497999E-1,0.E0));
#431=AXIS2_PLACEMENT_3D('',#428,#429,#430);
#433=DIRECTION('',(-1.E0,2.190296873536E-14,0.E0));
#434=VECTOR('',#433,2.725E1);
#435=CARTESIAN_POINT('',(-1.7935E2,6.4E1,1.51E2));
#436=LINE('',#435,#434);
#437=DIRECTION('',(-2.078682401983E-12,1.E0,0.E0));
#438=VECTOR('',#437,1.271583852591E0);
#439=CARTESIAN_POINT('',(-2.066E2,6.4E1,1.51E2));
#440=LINE('',#439,#438);
#441=CARTESIAN_POINT('',(-2.086E2,6.527158385260E1,1.51E2));
#442=DIRECTION('',(0.E0,0.E0,1.E0));
#443=DIRECTION('',(1.E0,-2.286526523683E-11,0.E0));
#444=AXIS2_PLACEMENT_3D('',#441,#442,#443);
#446=CARTESIAN_POINT('',(-2.066E2,7.25E1,1.51E2));
#447=DIRECTION('',(0.E0,0.E0,-1.E0));
#448=DIRECTION('',(-2.666666666973E-1,-9.637888196449E-1,0.E0));
#449=AXIS2_PLACEMENT_3D('',#446,#447,#448);
#451=CARTESIAN_POINT('',(-2.071E2,7.998331477355E1,1.51E2));
#452=DIRECTION('',(0.E0,0.E0,1.E0));
#453=DIRECTION('',(6.666666649052E-2,-9.977753031515E-1,0.E0));
#454=AXIS2_PLACEMENT_3D('',#451,#452,#453);
#456=CARTESIAN_POINT('',(-2.071E2,8.68E1,1.51E2));
#457=DIRECTION('',(0.E0,0.E0,1.E0));
#458=DIRECTION('',(1.E0,0.E0,0.E0));
#459=AXIS2_PLACEMENT_3D('',#456,#457,#458);
#461=CARTESIAN_POINT('',(-2.209469961674E2,4.105158413542E1,1.509999980267E2));
#462=CARTESIAN_POINT('',(-2.209475822340E2,4.164355950646E1,1.509999980267E2));
#463=CARTESIAN_POINT('',(-2.208969267484E2,4.283345021178E1,1.510000008200E2));
#464=CARTESIAN_POINT('',(-2.206614592991E2,4.464852937545E1,1.510000000901E2));
#465=CARTESIAN_POINT('',(-2.203978805173E2,4.585390780064E1,1.509999992431E2));
#466=CARTESIAN_POINT('',(-2.202382633282E2,4.645632680197E1,1.509999992431E2));
#468=CARTESIAN_POINT('',(-2.202382633282E2,4.645632680197E1,1.509999992431E2));
#469=CARTESIAN_POINT('',(-2.199833624514E2,4.745883878475E1,1.509999992431E2));
#470=CARTESIAN_POINT('',(-2.193337754924E2,4.939968900947E1,1.510000003517E2));
#471=CARTESIAN_POINT('',(-2.179375844862E2,5.215392782125E1,1.509999999044E2));
#472=CARTESIAN_POINT('',(-2.161564408795E2,5.466752476247E1,1.510000000308E2));
#473=CARTESIAN_POINT('',(-2.140271924098E2,5.689408036424E1,1.509999999724E2));
#474=CARTESIAN_POINT('',(-2.115957890276E2,5.878483456696E1,1.510000000795E2));
#475=CARTESIAN_POINT('',(-2.089133628128E2,6.030004521883E1,1.509999997096E2));
#476=CARTESIAN_POINT('',(-2.060384004030E2,6.140715384115E1,1.510000010822E2));
#477=CARTESIAN_POINT('',(-2.030252727277E2,6.208195645425E1,1.509999959616E2));
#478=CARTESIAN_POINT('',(-2.009836745677E2,6.223332134954E1,1.510000087014E2));
#479=CARTESIAN_POINT('',(-1.999502730373E2,6.223333955569E1,1.510000087014E2));
#481=CARTESIAN_POINT('',(-1.999502730373E2,6.223333955569E1,1.510000087014E2));
#482=CARTESIAN_POINT('',(-1.993573102826E2,6.223322431328E1,1.510000087014E2));
#483=CARTESIAN_POINT('',(-1.981774705892E2,6.218302559229E1,1.509999958144E2));
#484=CARTESIAN_POINT('',(-1.964149383410E2,6.195784609718E1,1.510000015973E2));
#485=CARTESIAN_POINT('',(-1.952602101721E2,6.170970195112E1,1.509999990632E2));
#486=CARTESIAN_POINT('',(-1.946866637248E2,6.156082566499E1,1.509999990632E2));
#488=CARTESIAN_POINT('',(-1.946866637248E2,6.156082566499E1,1.509999990632E2));
#489=CARTESIAN_POINT('',(-1.936595791031E2,6.130673318048E1,1.509999990632E2));
#490=CARTESIAN_POINT('',(-1.916701825847E2,6.065605666918E1,1.510000004348E2));
#491=CARTESIAN_POINT('',(-1.888510785925E2,5.924274210951E1,1.509999998832E2));
#492=CARTESIAN_POINT('',(-1.862828793006E2,5.743013590855E1,1.510000000324E2));
#493=CARTESIAN_POINT('',(-1.840040214918E2,5.525614693070E1,1.509999999873E2));
#494=CARTESIAN_POINT('',(-1.820853563627E2,5.278970819525E1,1.510000000186E2));
#495=CARTESIAN_POINT('',(-1.805638352304E2,5.009447073168E1,1.509999999384E2));
#496=CARTESIAN_POINT('',(-1.794475787331E2,4.718407064481E1,1.510000002277E2));
#497=CARTESIAN_POINT('',(-1.787666572405E2,4.412511874887E1,1.509999991508E2));
#498=CARTESIAN_POINT('',(-1.786157639674E2,4.209245619011E1,1.510000018296E2));
#499=CARTESIAN_POINT('',(-1.786168247915E2,4.106893867680E1,1.510000018296E2));
#501=CARTESIAN_POINT('',(-1.786168247915E2,4.106893867680E1,1.510000018296E2));
#502=CARTESIAN_POINT('',(-1.786168140323E2,4.105821255161E1,1.510000018296E2));
#503=CARTESIAN_POINT('',(-1.786168298522E2,4.103668400528E1,1.509999991462E2));
#504=CARTESIAN_POINT('',(-1.786168660554E2,4.100442010834E1,1.510000002440E2));
#505=CARTESIAN_POINT('',(-1.786169166793E2,4.098290523388E1,1.51E2));
#506=CARTESIAN_POINT('',(-1.786169576437E2,4.097214859244E1,1.51E2));
#508=CARTESIAN_POINT('',(-1.786169576437E2,4.097214859244E1,1.51E2));
#509=CARTESIAN_POINT('',(-1.786204272187E2,4.004716618065E1,1.51E2));
#510=CARTESIAN_POINT('',(-1.787524191651E2,3.820364198460E1,1.509999995327E2));
#511=CARTESIAN_POINT('',(-1.793267457440E2,3.541934678647E1,1.510000016356E2));
#512=CARTESIAN_POINT('',(-1.802679556579E2,3.273101069733E1,1.509999939250E2));
#513=CARTESIAN_POINT('',(-1.815641491374E2,3.019184708992E1,1.510000226642E2));
#514=CARTESIAN_POINT('',(-1.826331781237E2,2.865371880865E1,1.509999511667E2));
#515=CARTESIAN_POINT('',(-1.832211331973E2,2.791695002085E1,1.509999511667E2));
#517=CARTESIAN_POINT('',(-1.832211331973E2,2.791695002085E1,1.509999511667E2));
#518=CARTESIAN_POINT('',(-1.838844870084E2,2.708490345901E1,1.509999511667E2));
#519=CARTESIAN_POINT('',(-1.853195743624E2,2.553919392753E1,1.510000231187E2));
#520=CARTESIAN_POINT('',(-1.878087473766E2,2.355261006964E1,1.509999923346E2));
#521=CARTESIAN_POINT('',(-1.905626871352E2,2.196313968002E1,1.510000075430E2));
#522=CARTESIAN_POINT('',(-1.935220691562E2,2.080057546208E1,1.509999774935E2));
#523=CARTESIAN_POINT('',(-1.966279257320E2,2.009321997609E1,1.510000824829E2));
#524=CARTESIAN_POINT('',(-1.987291620624E2,1.993327980136E1,1.509998225441E2));
#525=CARTESIAN_POINT('',(-1.997973979743E2,1.993329784332E1,1.509998225441E2));
#527=CARTESIAN_POINT('',(-1.997973979743E2,1.993329784332E1,1.509998225441E2));
#528=CARTESIAN_POINT('',(-2.008973691893E2,1.993213867539E1,1.509998225441E2));
#529=CARTESIAN_POINT('',(-2.030836675259E2,2.010492298221E1,1.510000823576E2));
#530=CARTESIAN_POINT('',(-2.063616161229E2,2.088757338630E1,1.509999779323E2));
#531=CARTESIAN_POINT('',(-2.094411202080E2,2.215820009841E1,1.510000059133E2));
#532=CARTESIAN_POINT('',(-2.122680713708E2,2.388865598585E1,1.509999984143E2));
#533=CARTESIAN_POINT('',(-2.148174738910E2,2.606590835489E1,1.510000004293E2));
#534=CARTESIAN_POINT('',(-2.169933008970E2,2.861005770984E1,1.509999998686E2));
#535=CARTESIAN_POINT('',(-2.187218946229E2,3.142876552925E1,1.510000000962E2));
#536=CARTESIAN_POINT('',(-2.199943487909E2,3.450809038621E1,1.509999997464E2));
#537=CARTESIAN_POINT('',(-2.207755625832E2,3.777981594733E1,1.510000009182E2));
#538=CARTESIAN_POINT('',(-2.209480912691E2,3.995457916061E1,1.509999980267E2));
#539=CARTESIAN_POINT('',(-2.209469961674E2,4.105158413542E1,1.509999980267E2));
#541=DIRECTION('',(1.E0,0.E0,7.105427357600E-14));
#542=VECTOR('',#541,4.E-1);
#543=CARTESIAN_POINT('',(-1.87E2,1.445E1,1.51E2));
#544=LINE('',#543,#542);
#545=CARTESIAN_POINT('',(-1.866E2,1.23E1,1.51E2));
#546=DIRECTION('',(0.E0,0.E0,-1.E0));
#547=DIRECTION('',(1.321939973507E-14,1.E0,0.E0));
#548=AXIS2_PLACEMENT_3D('',#545,#546,#547);
#550=DIRECTION('',(-1.E0,0.E0,7.105427357600E-14));
#551=VECTOR('',#550,4.E-1);
#552=CARTESIAN_POINT('',(-1.866E2,1.015E1,1.51E2));
#553=LINE('',#552,#551);
#554=CARTESIAN_POINT('',(-1.87E2,1.23E1,1.51E2));
#555=DIRECTION('',(0.E0,0.E0,-1.E0));
#556=DIRECTION('',(0.E0,-1.E0,0.E0));
#557=AXIS2_PLACEMENT_3D('',#554,#555,#556);
#559=CARTESIAN_POINT('',(-2.131E2,8.4E1,1.51E2));
#560=DIRECTION('',(0.E0,0.E0,-1.E0));
#561=DIRECTION('',(-1.E0,0.E0,0.E0));
#562=AXIS2_PLACEMENT_3D('',#559,#560,#561);
#564=CARTESIAN_POINT('',(-2.131E2,8.4E1,1.51E2));
#565=DIRECTION('',(0.E0,0.E0,-1.E0));
#566=DIRECTION('',(0.E0,1.E0,0.E0));
#567=AXIS2_PLACEMENT_3D('',#564,#565,#566);
#569=DIRECTION('',(0.E0,-1.E0,7.105427357601E-14));
#570=VECTOR('',#569,4.E-1);
#571=CARTESIAN_POINT('',(-2.1095E2,8.4E1,1.51E2));
#572=LINE('',#571,#570);
#573=CARTESIAN_POINT('',(-2.131E2,8.36E1,1.51E2));
#574=DIRECTION('',(0.E0,0.E0,-1.E0));
#575=DIRECTION('',(1.E0,0.E0,0.E0));
#576=AXIS2_PLACEMENT_3D('',#573,#574,#575);
#578=CARTESIAN_POINT('',(-2.131E2,8.36E1,1.51E2));
#579=DIRECTION('',(0.E0,0.E0,-1.E0));
#580=DIRECTION('',(0.E0,-1.E0,0.E0));
#581=AXIS2_PLACEMENT_3D('',#578,#579,#580);
#583=DIRECTION('',(0.E0,1.E0,7.105427357601E-14));
#584=VECTOR('',#583,4.E-1);
#585=CARTESIAN_POINT('',(-2.1525E2,8.36E1,1.51E2));
#586=LINE('',#585,#584);
#587=CARTESIAN_POINT('',(-2.131E2,1.23E1,1.51E2));
#588=DIRECTION('',(0.E0,0.E0,-1.E0));
#589=DIRECTION('',(0.E0,1.E0,0.E0));
#590=AXIS2_PLACEMENT_3D('',#587,#588,#589);
#592=CARTESIAN_POINT('',(-2.131E2,1.23E1,1.51E2));
#593=DIRECTION('',(0.E0,0.E0,-1.E0));
#594=DIRECTION('',(0.E0,-1.E0,0.E0));
#595=AXIS2_PLACEMENT_3D('',#592,#593,#594);
#597=DIRECTION('',(1.E0,0.E0,-1.287020804396E-14));
#598=VECTOR('',#597,1.325E1);
#599=CARTESIAN_POINT('',(-2.2035E2,8.88E1,1.51E2));
#600=LINE('',#599,#598);
#601=DIRECTION('',(-1.E0,0.E0,0.E0));
#602=VECTOR('',#601,1.425E1);
#603=CARTESIAN_POINT('',(-2.071E2,8.88E1,1.525E2));
#604=LINE('',#603,#602);
#605=DIRECTION('',(-1.E0,0.E0,-1.392663762089E-12));
#606=VECTOR('',#605,1.000000000001E0);
#607=CARTESIAN_POINT('',(-2.2035E2,8.88E1,1.51E2));
#608=LINE('',#607,#606);
#609=DIRECTION('',(1.E0,2.842170943040E-13,0.E0));
#610=VECTOR('',#609,1.E0);
#611=CARTESIAN_POINT('',(-2.2135E2,8.76E1,1.498E2));
#612=LINE('',#611,#610);
#613=CARTESIAN_POINT('',(-2.2035E2,8.76E1,1.51E2));
#614=DIRECTION('',(-1.E0,0.E0,0.E0));
#615=DIRECTION('',(0.E0,1.E0,0.E0));
#616=AXIS2_PLACEMENT_3D('',#613,#614,#615);
#618=DIRECTION('',(1.063833129079E-14,1.E0,-2.355630500104E-14));
#619=VECTOR('',#618,3.740285211554E1);
#620=CARTESIAN_POINT('',(-2.2035E2,5.139714788446E1,1.51E2));
#621=LINE('',#620,#619);
#622=CARTESIAN_POINT('',(-2.2235E2,5.182021186816E1,1.498E2));
#623=DIRECTION('',(0.E0,0.E0,-1.E0));
#624=DIRECTION('',(1.E0,-4.696687483360E-12,0.E0));
#625=AXIS2_PLACEMENT_3D('',#622,#623,#624);
#627=CARTESIAN_POINT('',(-2.201E2,4.983589838486E1,1.498E2));
#628=DIRECTION('',(0.E0,0.E0,1.E0));
#629=DIRECTION('',(-7.500000000006E-1,6.614378277655E-1,0.E0));
#630=AXIS2_PLACEMENT_3D('',#627,#628,#629);
#632=CARTESIAN_POINT('',(-2.201E2,3.276410161514E1,1.498E2));
#633=DIRECTION('',(0.E0,0.E0,1.E0));
#634=DIRECTION('',(-1.E0,0.E0,0.E0));
#635=AXIS2_PLACEMENT_3D('',#632,#633,#634);
#637=CARTESIAN_POINT('',(-2.2235E2,3.077978813184E1,1.498E2));
#638=DIRECTION('',(0.E0,0.E0,-1.E0));
#639=DIRECTION('',(7.500000000105E-1,6.614378277543E-1,0.E0));
#640=AXIS2_PLACEMENT_3D('',#637,#638,#639);
#642=CARTESIAN_POINT('',(-2.2135E2,3.120285211554E1,1.498E2));
#643=DIRECTION('',(0.E0,0.E0,1.E0));
#644=DIRECTION('',(1.E0,1.058353404915E-11,0.E0));
#645=AXIS2_PLACEMENT_3D('',#642,#643,#644);
#647=CARTESIAN_POINT('',(-2.201E2,3.276410161514E1,1.498E2));
#648=DIRECTION('',(0.E0,0.E0,-1.E0));
#649=DIRECTION('',(-6.249999999999E-1,-7.806247497999E-1,0.E0));
#650=AXIS2_PLACEMENT_3D('',#647,#648,#649);
#652=CARTESIAN_POINT('',(-2.201E2,4.983589838486E1,1.498E2));
#653=DIRECTION('',(0.E0,0.E0,-1.E0));
#654=DIRECTION('',(-1.E0,0.E0,0.E0));
#655=AXIS2_PLACEMENT_3D('',#652,#653,#654);
#657=CARTESIAN_POINT('',(-2.2135E2,5.139714788446E1,1.498E2));
#658=DIRECTION('',(0.E0,0.E0,1.E0));
#659=DIRECTION('',(6.249999999999E-1,-7.806247497999E-1,0.E0));
#660=AXIS2_PLACEMENT_3D('',#657,#658,#659);
#662=DIRECTION('',(1.491629657946E-14,1.E0,1.491629657946E-14));
#663=VECTOR('',#662,3.620285211554E1);
#664=CARTESIAN_POINT('',(-2.2035E2,5.139714788446E1,1.498E2));
#665=LINE('',#664,#663);
#666=CARTESIAN_POINT('',(-2.2135E2,8.76E1,1.51E2));
#667=DIRECTION('',(1.E0,0.E0,0.E0));
#668=DIRECTION('',(0.E0,-5.684341886081E-13,-1.E0));
#669=AXIS2_PLACEMENT_3D('',#666,#667,#668);
#671=DIRECTION('',(1.515824502954E-13,0.E0,1.E0));
#672=VECTOR('',#671,1.500000000001E0);
#673=CARTESIAN_POINT('',(-2.2135E2,8.88E1,1.51E2));
#674=LINE('',#673,#672);
#675=DIRECTION('',(3.381726283772E-14,-1.E0,0.E0));
#676=VECTOR('',#675,3.697978813185E1);
#677=CARTESIAN_POINT('',(-2.2135E2,8.88E1,1.525E2));
#678=LINE('',#677,#676);
#679=DIRECTION('',(-5.083846211842E-14,1.E0,1.668137038261E-14));
#680=VECTOR('',#679,3.577978813184E1);
#681=CARTESIAN_POINT('',(-2.2135E2,5.182021186816E1,1.498E2));
#682=LINE('',#681,#680);
#683=DIRECTION('',(0.E0,0.E0,-1.E0));
#684=VECTOR('',#683,2.7E0);
#685=CARTESIAN_POINT('',(-2.216E2,5.115877404039E1,1.525E2));
#686=LINE('',#685,#684);
#687=DIRECTION('',(-2.947436533523E-13,-2.492162854684E-12,1.E0));
#688=VECTOR('',#687,2.700000000001E0);
#689=CARTESIAN_POINT('',(-2.2135E2,5.182021186816E1,1.498E2));
#690=LINE('',#689,#688);
#691=DIRECTION('',(0.E0,0.E0,-1.E0));
#692=VECTOR('',#691,2.7E0);
#693=CARTESIAN_POINT('',(-2.221E2,4.983589838486E1,1.525E2));
#694=LINE('',#693,#692);
#695=DIRECTION('',(0.E0,1.E0,0.E0));
#696=VECTOR('',#695,1.707179676972E1);
#697=CARTESIAN_POINT('',(-2.221E2,3.276410161514E1,1.498E2));
#698=LINE('',#697,#696);
#699=DIRECTION('',(0.E0,-1.E0,0.E0));
#700=VECTOR('',#699,1.707179676972E1);
#701=CARTESIAN_POINT('',(-2.221E2,4.983589838486E1,1.525E2));
#702=LINE('',#701,#700);
#703=DIRECTION('',(0.E0,0.E0,1.E0));
#704=VECTOR('',#703,2.7E0);
#705=CARTESIAN_POINT('',(-2.221E2,3.276410161514E1,1.498E2));
#706=LINE('',#705,#704);
#707=DIRECTION('',(-1.547404180100E-12,1.735566423088E-12,1.E0));
#708=VECTOR('',#707,2.7E0);
#709=CARTESIAN_POINT('',(-2.216E2,3.144122595960E1,1.498E2));
#710=LINE('',#709,#708);
#711=DIRECTION('',(-8.421247238638E-14,8.381772642207E-13,-1.E0));
#712=VECTOR('',#711,2.7E0);
#713=CARTESIAN_POINT('',(-2.2135E2,3.077978813185E1,1.525E2));
#714=LINE('',#713,#712);
#715=CARTESIAN_POINT('',(-2.2135E2,8.5E0,1.51E2));
#716=DIRECTION('',(1.E0,0.E0,0.E0));
#717=DIRECTION('',(0.E0,-1.E0,1.657933050107E-13));
#718=AXIS2_PLACEMENT_3D('',#715,#716,#717);
#720=DIRECTION('',(7.909168499524E-14,1.E0,-2.678911911129E-14));
#721=VECTOR('',#720,2.227978813185E1);
#722=CARTESIAN_POINT('',(-2.2135E2,8.499999999996E0,1.498E2));
#723=LINE('',#722,#721);
#724=DIRECTION('',(-5.447139970712E-14,-1.E0,0.E0));
#725=VECTOR('',#724,2.347978813185E1);
#726=CARTESIAN_POINT('',(-2.2135E2,3.077978813185E1,1.525E2));
#727=LINE('',#726,#725);
#728=DIRECTION('',(1.E0,3.286260152887E-13,-7.105427357593E-13));
#729=VECTOR('',#728,1.000000000001E0);
#730=CARTESIAN_POINT('',(-2.2135E2,7.3E0,1.51E2));
#731=LINE('',#730,#729);
#732=DIRECTION('',(-1.E0,-1.934452598105E-12,5.968558980380E-13));
#733=VECTOR('',#732,1.000000000001E0);
#734=CARTESIAN_POINT('',(-2.2035E2,8.499999999998E0,1.498E2));
#735=LINE('',#734,#733);
#736=DIRECTION('',(3.600083194519E-13,0.E0,1.E0));
#737=VECTOR('',#736,1.5E0);
#738=CARTESIAN_POINT('',(-2.2135E2,7.3E0,1.51E2));
#739=LINE('',#738,#737);
#740=DIRECTION('',(1.E0,0.E0,0.E0));
#741=VECTOR('',#740,4.08E1);
#742=CARTESIAN_POINT('',(-2.2135E2,7.3E0,1.525E2));
#743=LINE('',#742,#741);
#744=DIRECTION('',(-1.E0,0.E0,1.999517246360E-14));
#745=VECTOR('',#744,3.98E1);
#746=CARTESIAN_POINT('',(-1.8055E2,7.3E0,1.51E2));
#747=LINE('',#746,#745);
#748=CARTESIAN_POINT('',(-2.2035E2,8.5E0,1.51E2));
#749=DIRECTION('',(-1.E0,0.E0,0.E0));
#750=DIRECTION('',(0.E0,-4.144832625267E-12,-1.E0));
#751=AXIS2_PLACEMENT_3D('',#748,#749,#750);
#753=DIRECTION('',(-2.853722321640E-14,1.E0,1.426861160820E-14));
#754=VECTOR('',#753,2.390285211554E1);
#755=CARTESIAN_POINT('',(-2.2035E2,7.3E0,1.51E2));
#756=LINE('',#755,#754);
#757=DIRECTION('',(2.378610742075E-14,-1.E0,2.378610742075E-14));
#758=VECTOR('',#757,2.270285211555E1);
#759=CARTESIAN_POINT('',(-2.2035E2,3.120285211554E1,1.498E2));
#760=LINE('',#759,#758);
#761=DIRECTION('',(4.500103993145E-13,-2.939870569206E-12,1.E0));
#762=VECTOR('',#761,1.200000000001E0);
#763=CARTESIAN_POINT('',(-2.2035E2,3.120285211554E1,1.498E2));
#764=LINE('',#763,#762);
#765=DIRECTION('',(0.E0,0.E0,1.E0));
#766=VECTOR('',#765,1.2E0);
#767=CARTESIAN_POINT('',(-2.20725E2,3.198347686534E1,1.498E2));
#768=LINE('',#767,#766);
#769=DIRECTION('',(0.E0,0.E0,-1.E0));
#770=VECTOR('',#769,1.2E0);
#771=CARTESIAN_POINT('',(-2.211E2,3.276410161514E1,1.51E2));
#772=LINE('',#771,#770);
#773=DIRECTION('',(0.E0,1.E0,0.E0));
#774=VECTOR('',#773,1.707179676972E1);
#775=CARTESIAN_POINT('',(-2.211E2,3.276410161514E1,1.51E2));
#776=LINE('',#775,#774);
#777=DIRECTION('',(0.E0,-1.E0,0.E0));
#778=VECTOR('',#777,1.707179676972E1);
#779=CARTESIAN_POINT('',(-2.211E2,4.983589838486E1,1.498E2));
#780=LINE('',#779,#778);
#781=DIRECTION('',(0.E0,0.E0,-1.E0));
#782=VECTOR('',#781,1.2E0);
#783=CARTESIAN_POINT('',(-2.20725E2,5.061652313466E1,1.51E2));
#784=LINE('',#783,#782);
#785=DIRECTION('',(0.E0,0.E0,1.E0));
#786=VECTOR('',#785,1.2E0);
#787=CARTESIAN_POINT('',(-2.211E2,4.983589838486E1,1.498E2));
#788=LINE('',#787,#786);
#789=DIRECTION('',(-1.184237892932E-13,-7.460698725471E-13,-1.E0));
#790=VECTOR('',#789,1.200000000002E0);
#791=CARTESIAN_POINT('',(-2.2035E2,5.139714788446E1,1.51E2));
#792=LINE('',#791,#790);
#793=DIRECTION('',(0.E0,0.E0,1.E0));
#794=VECTOR('',#793,1.5E0);
#795=CARTESIAN_POINT('',(-2.051E2,8.68E1,1.51E2));
#796=LINE('',#795,#794);
#797=DIRECTION('',(0.E0,0.E0,-1.E0));
#798=VECTOR('',#797,1.5E0);
#799=CARTESIAN_POINT('',(-2.071E2,8.88E1,1.525E2));
#800=LINE('',#799,#798);
#801=DIRECTION('',(0.E0,-1.E0,0.E0));
#802=VECTOR('',#801,6.816685226450E0);
#803=CARTESIAN_POINT('',(-2.051E2,8.68E1,1.51E2));
#804=LINE('',#803,#802);
#805=DIRECTION('',(0.E0,1.E0,0.E0));
#806=VECTOR('',#805,6.816685226450E0);
#807=CARTESIAN_POINT('',(-2.051E2,7.998331477355E1,1.525E2));
#808=LINE('',#807,#806);
#809=DIRECTION('',(0.E0,0.E0,-1.E0));
#810=VECTOR('',#809,1.5E0);
#811=CARTESIAN_POINT('',(-2.051E2,7.998331477355E1,1.525E2));
#812=LINE('',#811,#810);
#813=DIRECTION('',(-3.956301952712E-11,1.019391978237E-11,1.E0));
#814=VECTOR('',#813,1.5E0);
#815=CARTESIAN_POINT('',(-2.080666666667E2,6.719916149193E1,1.51E2));
#816=LINE('',#815,#814);
#817=DIRECTION('',(-6.785209431352E-11,-4.632738637156E-12,-1.E0));
#818=VECTOR('',#817,1.5E0);
#819=CARTESIAN_POINT('',(-2.069666666667E2,7.798776416726E1,1.525E2));
#820=LINE('',#819,#818);
#821=DIRECTION('',(-4.357995445995E-13,3.268496584496E-12,1.E0));
#822=VECTOR('',#821,1.5E0);
#823=CARTESIAN_POINT('',(-2.066E2,6.527158385259E1,1.51E2));
#824=LINE('',#823,#822);
#825=DIRECTION('',(-5.210646728901E-13,-3.410605131644E-12,-1.E0));
#826=VECTOR('',#825,1.200000000001E0);
#827=CARTESIAN_POINT('',(-1.7935E2,3.120285211554E1,1.51E2));
#828=LINE('',#827,#826);
#829=DIRECTION('',(0.E0,0.E0,-1.E0));
#830=VECTOR('',#829,1.2E0);
#831=CARTESIAN_POINT('',(-1.78975E2,3.198347686534E1,1.51E2));
#832=LINE('',#831,#830);
#833=DIRECTION('',(0.E0,0.E0,1.E0));
#834=VECTOR('',#833,1.2E0);
#835=CARTESIAN_POINT('',(-1.786E2,3.276410161514E1,1.498E2));
#836=LINE('',#835,#834);
#837=DIRECTION('',(0.E0,-1.E0,0.E0));
#838=VECTOR('',#837,1.707179676972E1);
#839=CARTESIAN_POINT('',(-1.786E2,4.983589838486E1,1.51E2));
#840=LINE('',#839,#838);
#841=DIRECTION('',(0.E0,1.E0,0.E0));
#842=VECTOR('',#841,1.707179676972E1);
#843=CARTESIAN_POINT('',(-1.786E2,3.276410161514E1,1.498E2));
#844=LINE('',#843,#842);
#845=DIRECTION('',(0.E0,0.E0,1.E0));
#846=VECTOR('',#845,1.2E0);
#847=CARTESIAN_POINT('',(-1.78975E2,5.061652313466E1,1.498E2));
#848=LINE('',#847,#846);
#849=DIRECTION('',(0.E0,0.E0,-1.E0));
#850=VECTOR('',#849,1.2E0);
#851=CARTESIAN_POINT('',(-1.786E2,4.983589838486E1,1.51E2));
#852=LINE('',#851,#850);
#853=DIRECTION('',(-4.263256414559E-13,2.936909974474E-12,1.E0));
#854=VECTOR('',#853,1.200000000001E0);
#855=CARTESIAN_POINT('',(-1.7935E2,5.139714788446E1,1.498E2));
#856=LINE('',#855,#854);
#857=CARTESIAN_POINT('',(-1.7935E2,6.28E1,1.51E2));
#858=DIRECTION('',(1.E0,0.E0,0.E0));
#859=DIRECTION('',(0.E0,4.121147867409E-12,-1.E0));
#860=AXIS2_PLACEMENT_3D('',#857,#858,#859);
#862=DIRECTION('',(5.412433789401E-14,-1.E0,0.E0));
#863=VECTOR('',#862,1.260285211554E1);
#864=CARTESIAN_POINT('',(-1.7935E2,6.4E1,1.51E2));
#865=LINE('',#864,#863);
#866=DIRECTION('',(-4.486515869568E-14,1.E0,4.735766751210E-14));
#867=VECTOR('',#866,1.140285211555E1);
#868=CARTESIAN_POINT('',(-1.7935E2,5.139714788446E1,1.498E2));
#869=LINE('',#868,#867);
#870=DIRECTION('',(-7.361096063927E-1,1.259635100481E-1,-6.650382256027E-1));
#871=VECTOR('',#870,4.511020117826E0);
#872=CARTESIAN_POINT('',(-2.169176580848E2,4.588810287403E1,1.540000000579E2));
#873=LINE('',#872,#871);
#874=DIRECTION('',(7.498064728869E-1,1.793067152422E-2,6.614142002072E-1));
#875=VECTOR('',#874,4.535738682935E0);
#876=CARTESIAN_POINT('',(-2.209469961674E2,4.105158413542E1,1.509999980267E2));
#877=LINE('',#876,#875);
#878=CARTESIAN_POINT('',(-2.169176580848E2,4.588810287403E1,1.540000000579E2));
#879=CARTESIAN_POINT('',(-2.170589759760E2,4.535732934040E1,1.540007194369E2));
#880=CARTESIAN_POINT('',(-2.172943327571E2,4.429314141038E1,1.539993345828E2));
#881=CARTESIAN_POINT('',(-2.175012207883E2,4.269628017225E1,1.540004090660E2));
#882=CARTESIAN_POINT('',(-2.175471043108E2,4.165021549609E1,1.539986210616E2));
#883=CARTESIAN_POINT('',(-2.175460699436E2,4.113291297586E1,1.54E2));
#885=CARTESIAN_POINT('',(-2.103076090504E2,4.150641615792E1,1.636472870939E2));
#886=CARTESIAN_POINT('',(-2.103032208891E2,4.224191536548E1,1.636533584846E2));
#887=CARTESIAN_POINT('',(-2.101833613776E2,4.371480268768E1,1.636600984457E2));
#888=CARTESIAN_POINT('',(-2.096714703382E2,4.586978951590E1,1.636782907444E2));
#889=CARTESIAN_POINT('',(-2.088209396316E2,4.793845451341E1,1.637209749034E2));
#890=CARTESIAN_POINT('',(-2.076540921962E2,4.987343790489E1,1.637534778390E2));
#891=CARTESIAN_POINT('',(-2.062152717453E2,5.159542568368E1,1.637743118901E2));
#892=CARTESIAN_POINT('',(-2.045560285577E2,5.304757159159E1,1.638172391927E2));
#893=CARTESIAN_POINT('',(-2.026910327317E2,5.423281772733E1,1.638762234453E2));
#894=CARTESIAN_POINT('',(-2.013239260012E2,5.483634222010E1,1.639013237265E2));
#895=CARTESIAN_POINT('',(-2.006164134740E2,5.508247287193E1,1.639195414790E2));
#897=CARTESIAN_POINT('',(-2.006164134740E2,5.508247287193E1,1.639195414790E2));
#898=CARTESIAN_POINT('',(-2.001073430124E2,5.525956407394E1,1.639326595086E2));
#899=CARTESIAN_POINT('',(-1.990621838791E2,5.555859710695E1,1.639636184801E2));
#900=CARTESIAN_POINT('',(-1.974054651486E2,5.582992016082E1,1.640251606467E2));
#901=CARTESIAN_POINT('',(-1.963110037741E2,5.588569092153E1,1.640577779934E2));
#902=CARTESIAN_POINT('',(-1.957646624609E2,5.588515935127E1,1.640660848152E2));
#904=CARTESIAN_POINT('',(-1.957646624609E2,5.588515935127E1,1.640660848152E2));
#905=CARTESIAN_POINT('',(-1.957582534045E2,5.588536306655E1,1.640655987002E2));
#906=CARTESIAN_POINT('',(-1.957451168878E2,5.588557373307E1,1.640651525996E2));
#907=CARTESIAN_POINT('',(-1.957231761269E2,5.588507905202E1,1.640666709272E2));
#908=CARTESIAN_POINT('',(-1.957096279754E2,5.588464077794E1,1.640679233577E2));
#909=CARTESIAN_POINT('',(-1.957029097793E2,5.588435945027E1,1.640687111028E2));
#911=CARTESIAN_POINT('',(-1.992564377092E2,5.949075957424E1,1.540000002362E2));
#912=CARTESIAN_POINT('',(-2.002357021705E2,5.949075994949E1,1.539999991757E2));
#913=CARTESIAN_POINT('',(-2.022043866268E2,5.933058133518E1,1.539999232543E2));
#914=CARTESIAN_POINT('',(-2.051384171789E2,5.859873009133E1,1.540003870893E2));
#915=CARTESIAN_POINT('',(-2.078865225432E2,5.741150198322E1,1.539989785072E2));
#916=CARTESIAN_POINT('',(-2.103870926059E2,5.579849554816E1,1.540006371685E2));
#917=CARTESIAN_POINT('',(-2.126406088257E2,5.375898991717E1,1.539996275290E2));
#918=CARTESIAN_POINT('',(-2.145220569270E2,5.139037710521E1,1.540003631237E2));
#919=CARTESIAN_POINT('',(-2.159718894537E2,4.878087306667E1,1.539999497134E2));
#920=CARTESIAN_POINT('',(-2.166553895551E2,4.686944113907E1,1.539999810553E2));
#921=CARTESIAN_POINT('',(-2.169176580848E2,4.588810287403E1,1.540000000579E2));
#923=CARTESIAN_POINT('',(-2.175460699436E2,4.113291297586E1,1.54E2));
#924=CARTESIAN_POINT('',(-2.175460705998E2,4.018155180158E1,1.540000000022E2));
#925=CARTESIAN_POINT('',(-2.173974474590E2,3.826892479370E1,1.539989661500E2));
#926=CARTESIAN_POINT('',(-2.167071417301E2,3.540200299405E1,1.540023402851E2));
#927=CARTESIAN_POINT('',(-2.156047023215E2,3.273083075415E1,1.539968978758E2));
#928=CARTESIAN_POINT('',(-2.141196500372E2,3.030929757362E1,1.540019795056E2));
#929=CARTESIAN_POINT('',(-2.122453221847E2,2.810101196659E1,1.539990084150E2));
#930=CARTESIAN_POINT('',(-2.100482116371E2,2.621423443260E1,1.540019331029E2));
#931=CARTESIAN_POINT('',(-2.076346315006E2,2.471542281009E1,1.539971955582E2));
#932=CARTESIAN_POINT('',(-2.049644992115E2,2.359802677400E1,1.540019269145E2));
#933=CARTESIAN_POINT('',(-2.021043506861E2,2.290088803434E1,1.539991815339E2));
#934=CARTESIAN_POINT('',(-2.001815940041E2,2.274792991239E1,1.539999948254E2));
#935=CARTESIAN_POINT('',(-1.992232037231E2,2.274792997816E1,1.539999948961E2));
#937=CARTESIAN_POINT('',(-1.957994888019E2,2.697895719253E1,1.636960242260E2));
#938=CARTESIAN_POINT('',(-1.961691652328E2,2.697681399614E1,1.636911127967E2));
#939=CARTESIAN_POINT('',(-1.969128418944E2,2.700220899104E1,1.636829421347E2));
#940=CARTESIAN_POINT('',(-1.980316310625E2,2.713006946676E1,1.636754105149E2));
#941=CARTESIAN_POINT('',(-1.991541697888E2,2.735014648978E1,1.636724184206E2));
#942=CARTESIAN_POINT('',(-2.002784879427E2,2.766536221284E1,1.636714728913E2));
#943=CARTESIAN_POINT('',(-2.014039129510E2,2.808261677310E1,1.636715140848E2));
#944=CARTESIAN_POINT('',(-2.021564594472E2,2.841297200556E1,1.636361270992E2));
#945=CARTESIAN_POINT('',(-2.025285643098E2,2.860019632504E1,1.636245346976E2));
#947=CARTESIAN_POINT('',(-2.025285643098E2,2.860019632504E1,1.636245346976E2));
#948=CARTESIAN_POINT('',(-2.027252771476E2,2.869917226132E1,1.636184063869E2));
#949=CARTESIAN_POINT('',(-2.030961197201E2,2.897564082111E1,1.637232885316E2));
#950=CARTESIAN_POINT('',(-2.037919306649E2,2.932910748121E1,1.636131226023E2));
#951=CARTESIAN_POINT('',(-2.045300623006E2,2.983547432020E1,1.635983933490E2));
#952=CARTESIAN_POINT('',(-2.053418834259E2,3.046909477794E1,1.635736944864E2));
#953=CARTESIAN_POINT('',(-2.061687607369E2,3.124224889412E1,1.635730168806E2));
#954=CARTESIAN_POINT('',(-2.069719154642E2,3.213908642233E1,1.635893600540E2));
#955=CARTESIAN_POINT('',(-2.077547613850E2,3.318048629596E1,1.636068291182E2));
#956=CARTESIAN_POINT('',(-2.084592950689E2,3.431042558449E1,1.636127929977E2));
#957=CARTESIAN_POINT('',(-2.090398231371E2,3.544539795790E1,1.636044580672E2));
#958=CARTESIAN_POINT('',(-2.094970919636E2,3.657479977704E1,1.636033704013E2));
#959=CARTESIAN_POINT('',(-2.098611808780E2,3.776026291511E1,1.636095692940E2));
#960=CARTESIAN_POINT('',(-2.101243430078E2,3.899167471971E1,1.636205526355E2));
#961=CARTESIAN_POINT('',(-2.102817449126E2,4.024875267118E1,1.636309463410E2));
#962=CARTESIAN_POINT('',(-2.103101520534E2,4.108731459147E1,1.636437708025E2));
#963=CARTESIAN_POINT('',(-2.103076090504E2,4.150641615792E1,1.636472870939E2));
#965=DIRECTION('',(-5.998713691592E-1,-3.095324662452E-2,-7.994974902941E-1));
#966=VECTOR('',#965,1.206668840246E1);
#967=CARTESIAN_POINT('',(-2.103076090504E2,4.150641615792E1,1.636472870939E2));
#968=LINE('',#967,#966);
#969=DIRECTION('',(1.382381611705E-1,6.776270745052E-1,7.222961710363E-1));
#970=VECTOR('',#969,4.153659499066E0);
#971=CARTESIAN_POINT('',(-1.997973979743E2,1.993329784332E1,1.509998225441E2));
#972=LINE('',#971,#970);
#973=DIRECTION('',(-4.257109876954E-1,4.696390275320E-1,7.734399386987E-1));
#974=VECTOR('',#973,3.878838253907E0);
#975=CARTESIAN_POINT('',(-1.832211331973E2,2.791695002085E1,1.509999511667E2));
#976=LINE('',#975,#974);
#977=CARTESIAN_POINT('',(-1.848723972615E2,2.973860384637E1,1.539999995881E2));
#978=CARTESIAN_POINT('',(-1.843755674407E2,3.036582223925E1,1.539804409652E2));
#979=CARTESIAN_POINT('',(-1.834579065489E2,3.169639951743E1,1.539498957026E2));
#980=CARTESIAN_POINT('',(-1.823517302272E2,3.389618396877E1,1.539398183791E2));
#981=CARTESIAN_POINT('',(-1.815431995546E2,3.624775874556E1,1.539478077456E2));
#982=CARTESIAN_POINT('',(-1.810563372783E2,3.867214891094E1,1.539644940698E2));
#983=CARTESIAN_POINT('',(-1.809494384964E2,4.029431500759E1,1.539843512618E2));
#984=CARTESIAN_POINT('',(-1.809500619557E2,4.110023296221E1,1.539984665747E2));
#986=CARTESIAN_POINT('',(-1.813946518291E2,4.149372196692E1,1.640635732258E2));
#987=CARTESIAN_POINT('',(-1.813942557302E2,4.073420624809E1,1.640546052732E2));
#988=CARTESIAN_POINT('',(-1.815151393049E2,3.921326183227E1,1.640377793410E2));
#989=CARTESIAN_POINT('',(-1.820579284237E2,3.696657888597E1,1.640101735323E2));
#990=CARTESIAN_POINT('',(-1.829305183302E2,3.485995838131E1,1.639601738893E2));
#991=CARTESIAN_POINT('',(-1.841077743769E2,3.294030924676E1,1.639243542718E2));
#992=CARTESIAN_POINT('',(-1.855816333533E2,3.121244686531E1,1.638924372675E2));
#993=CARTESIAN_POINT('',(-1.873003741735E2,2.973076486727E1,1.638411245244E2));
#994=CARTESIAN_POINT('',(-1.892043895246E2,2.854686461254E1,1.637973077417E2));
#995=CARTESIAN_POINT('',(-1.912995308841E2,2.766719674438E1,1.637724494692E2));
#996=CARTESIAN_POINT('',(-1.935419835404E2,2.711169974380E1,1.637297817327E2));
#997=CARTESIAN_POINT('',(-1.950482733016E2,2.698331230954E1,1.637060046089E2));
#998=CARTESIAN_POINT('',(-1.957994888019E2,2.697895719253E1,1.636960242260E2));
#1000=DIRECTION('',(-3.079104441997E-1,-3.805157552513E-1,-8.720085540626E-1));
#1001=VECTOR('',#1000,1.111919061427E1);
#1002=CARTESIAN_POINT('',(-1.957994888019E2,2.697895719253E1,1.636960242260E2));
#1003=LINE('',#1002,#1001);
#1004=CARTESIAN_POINT('',(-1.992232037231E2,2.274792997816E1,1.539999948961E2));
#1005=CARTESIAN_POINT('',(-1.983161851430E2,2.274789847723E1,1.539999226642E2));
#1006=CARTESIAN_POINT('',(-1.964940064984E2,2.288494444098E1,1.539992517267E2));
#1007=CARTESIAN_POINT('',(-1.937709136816E2,2.351274075215E1,1.540009924881E2));
#1008=CARTESIAN_POINT('',(-1.911967470003E2,2.453521578814E1,1.540002488384E2));
#1009=CARTESIAN_POINT('',(-1.888508611795E2,2.590529980834E1,1.539981174946E2));
#1010=CARTESIAN_POINT('',(-1.866994485013E2,2.764237913422E1,1.540010616932E2));
#1011=CARTESIAN_POINT('',(-1.854463636294E2,2.900875347621E1,1.540000233176E2));
#1012=CARTESIAN_POINT('',(-1.848723972615E2,2.973860384637E1,1.539999995881E2));
#1014=DIRECTION('',(-6.137499501902E-1,3.369406809704E-2,7.887811536900E-1));
#1015=VECTOR('',#1014,3.801392262892E0);
#1016=CARTESIAN_POINT('',(-1.786169576437E2,4.097214859244E1,1.51E2));
#1017=LINE('',#1016,#1015);
#1018=DIRECTION('',(-6.136751533774E-1,3.099795157845E-2,7.889498926580E-1));
#1019=VECTOR('',#1018,3.802520538212E0);
#1020=CARTESIAN_POINT('',(-1.786168247915E2,4.106893867680E1,1.510000018296E2));
#1021=LINE('',#1020,#1019);
#1022=CARTESIAN_POINT('',(-1.947194603433E2,5.891353124042E1,1.540000000510E2));
#1023=CARTESIAN_POINT('',(-1.952194991567E2,5.904202643632E1,1.540004229234E2));
#1024=CARTESIAN_POINT('',(-1.962258989243E2,5.925637822519E1,1.539996466848E2));
#1025=CARTESIAN_POINT('',(-1.977473366358E2,5.944852545292E1,1.540002621579E2));
#1026=CARTESIAN_POINT('',(-1.987551918338E2,5.949103910972E1,1.539992198065E2));
#1027=CARTESIAN_POINT('',(-1.992564377092E2,5.949075957424E1,1.540000002362E2));
#1029=DIRECTION('',(3.153089468710E-1,-3.200003623129E-1,8.934092209859E-1));
#1030=VECTOR('',#1029,1.126998762721E1);
#1031=CARTESIAN_POINT('',(-1.992564377092E2,5.949075957424E1,1.540000002362E2));
#1032=LINE('',#1031,#1030);
#1033=CARTESIAN_POINT('',(-1.957029097793E2,5.588435945027E1,1.640687111028E2));
#1034=CARTESIAN_POINT('',(-1.955707364843E2,5.588343136282E1,1.640713491197E2));
#1035=CARTESIAN_POINT('',(-1.953109121581E2,5.587835055154E1,1.640753870922E2));
#1036=CARTESIAN_POINT('',(-1.949326995757E2,5.586495976861E1,1.640684754511E2));
#1037=CARTESIAN_POINT('',(-1.946923909286E2,5.584682230180E1,1.640736797896E2));
#1038=CARTESIAN_POINT('',(-1.945749365064E2,5.583623821204E1,1.640771927292E2));
#1040=CARTESIAN_POINT('',(-1.945749365064E2,5.583623821204E1,1.640771927292E2));
#1041=CARTESIAN_POINT('',(-1.945311666292E2,5.583173512389E1,1.640801897407E2));
#1042=CARTESIAN_POINT('',(-1.944451061345E2,5.582314010272E1,1.640841172167E2));
#1043=CARTESIAN_POINT('',(-1.943201829713E2,5.581151171376E1,1.640838260512E2));
#1044=CARTESIAN_POINT('',(-1.942400542465E2,5.580469279363E1,1.640794739446E2));
#1045=CARTESIAN_POINT('',(-1.942007335042E2,5.580152296765E1,1.640762612824E2));
#1047=CARTESIAN_POINT('',(-1.942007335042E2,5.580152296765E1,1.640762612824E2));
#1048=CARTESIAN_POINT('',(-1.941923388877E2,5.580096436795E1,1.640752092748E2));
#1049=CARTESIAN_POINT('',(-1.941752579269E2,5.579959046982E1,1.640737535082E2));
#1050=CARTESIAN_POINT('',(-1.941486534077E2,5.579663535116E1,1.640738588846E2));
#1051=CARTESIAN_POINT('',(-1.941304901570E2,5.579431472846E1,1.640747665917E2));
#1052=CARTESIAN_POINT('',(-1.941212835663E2,5.579304606700E1,1.640754871884E2));
#1054=CARTESIAN_POINT('',(-1.941212835663E2,5.579304606700E1,1.640754871884E2));
#1055=CARTESIAN_POINT('',(-1.939380981750E2,5.577402422092E1,1.640704371013E2));
#1056=CARTESIAN_POINT('',(-1.935626413644E2,5.572697932092E1,1.640629225161E2));
#1057=CARTESIAN_POINT('',(-1.929499440133E2,5.561328651085E1,1.640846121206E2));
#1058=CARTESIAN_POINT('',(-1.925589217563E2,5.553141132540E1,1.640705230091E2));
#1059=CARTESIAN_POINT('',(-1.923635280798E2,5.548698886762E1,1.640605395609E2));
#1061=CARTESIAN_POINT('',(-1.923635280798E2,5.548698886762E1,1.640605395609E2));
#1062=CARTESIAN_POINT('',(-1.922511090250E2,5.545998869384E1,1.640598699559E2));
#1063=CARTESIAN_POINT('',(-1.920272452988E2,5.540335810145E1,1.640585436991E2));
#1064=CARTESIAN_POINT('',(-1.916920125199E2,5.531001672896E1,1.640558129255E2));
#1065=CARTESIAN_POINT('',(-1.914741219097E2,5.524335966024E1,1.640550324556E2));
#1066=CARTESIAN_POINT('',(-1.913661682441E2,5.520891392782E1,1.640547726339E2));
#1068=CARTESIAN_POINT('',(-1.913661682441E2,5.520891392782E1,1.640547726339E2));
#1069=CARTESIAN_POINT('',(-1.911100289904E2,5.512730120153E1,1.640537188544E2));
#1070=CARTESIAN_POINT('',(-1.906202556254E2,5.495437019836E1,1.640562257796E2));
#1071=CARTESIAN_POINT('',(-1.899509222805E2,5.468327893362E1,1.640353265348E2));
#1072=CARTESIAN_POINT('',(-1.895509601634E2,5.448307800967E1,1.640875402667E2));
#1073=CARTESIAN_POINT('',(-1.893577991701E2,5.438598917149E1,1.640928119124E2));
#1075=CARTESIAN_POINT('',(-1.893577991701E2,5.438598917149E1,1.640928119124E2));
#1076=CARTESIAN_POINT('',(-1.887583530193E2,5.408470437172E1,1.641091025577E2));
#1077=CARTESIAN_POINT('',(-1.876009284698E2,5.340301804176E1,1.641111268570E2));
#1078=CARTESIAN_POINT('',(-1.860242101742E2,5.213861600573E1,1.641352260432E2));
#1079=CARTESIAN_POINT('',(-1.851101392189E2,5.117401921834E1,1.641375775537E2));
#1080=CARTESIAN_POINT('',(-1.846889483075E2,5.066535947181E1,1.641305751168E2));
#1082=CARTESIAN_POINT('',(-1.846889483075E2,5.066535947181E1,1.641305751168E2));
#1083=CARTESIAN_POINT('',(-1.841742741795E2,5.004380282274E1,1.641220184909E2));
#1084=CARTESIAN_POINT('',(-1.832417387398E2,4.870675639895E1,1.641024568640E2));
#1085=CARTESIAN_POINT('',(-1.821943506495E2,4.643177033180E1,1.641197352912E2));
#1086=CARTESIAN_POINT('',(-1.815580464357E2,4.405439462665E1,1.640942019502E2));
#1087=CARTESIAN_POINT('',(-1.814041143651E2,4.244109423543E1,1.640745796417E2));
#1088=CARTESIAN_POINT('',(-1.813954368164E2,4.163945732358E1,1.640650244863E2));
#1090=DIRECTION('',(4.409475528174E-2,-3.902653300771E-2,-9.982647856546E-1));
#1091=VECTOR('',#1090,1.008260212693E1);
#1092=CARTESIAN_POINT('',(-1.813946518291E2,4.149372196692E1,1.640635732258E2));
#1093=LINE('',#1092,#1091);
#1094=CARTESIAN_POINT('',(-1.809500619557E2,4.110023296221E1,1.539984665747E2));
#1095=CARTESIAN_POINT('',(-1.809500693944E2,4.110984855020E1,1.539986349798E2));
#1096=CARTESIAN_POINT('',(-1.809500996924E2,4.112908222287E1,1.539989731302E2));
#1097=CARTESIAN_POINT('',(-1.809501914183E2,4.115794095862E1,1.539994842659E2));
#1098=CARTESIAN_POINT('',(-1.809502834366E2,4.117718544989E1,1.539998276537E2));
#1099=CARTESIAN_POINT('',(-1.809503371660E2,4.118680902432E1,1.540000000001E2));
#1101=CARTESIAN_POINT('',(-1.809503371660E2,4.118680902432E1,1.540000000001E2));
#1102=CARTESIAN_POINT('',(-1.809545639331E2,4.206823260673E1,1.539999999999E2));
#1103=CARTESIAN_POINT('',(-1.810911622974E2,4.384076369315E1,1.539999155024E2));
#1104=CARTESIAN_POINT('',(-1.816923695341E2,4.649871088737E1,1.540002211665E2));
#1105=CARTESIAN_POINT('',(-1.826616000906E2,4.901377582449E1,1.539998324884E2));
#1106=CARTESIAN_POINT('',(-1.839747414925E2,5.134250527513E1,1.539995253181E2));
#1107=CARTESIAN_POINT('',(-1.856313297599E2,5.347434872816E1,1.540003164611E2));
#1108=CARTESIAN_POINT('',(-1.875931132266E2,5.535557999734E1,1.540001097296E2));
#1109=CARTESIAN_POINT('',(-1.897854595375E2,5.691452442848E1,1.539995341605E2));
#1110=CARTESIAN_POINT('',(-1.921574192182E2,5.811964904023E1,1.540002872488E2));
#1111=CARTESIAN_POINT('',(-1.938538289469E2,5.869088788556E1,1.539999877244E2));
#1112=CARTESIAN_POINT('',(-1.947194603433E2,5.891353124042E1,1.540000000510E2));
#1114=DIRECTION('',(8.196785767804E-3,6.616323948225E-1,-7.497835599855E-1));
#1115=VECTOR('',#1114,4.001155997322E0);
#1116=CARTESIAN_POINT('',(-1.947194603433E2,5.891353124042E1,1.540000000510E2));
#1117=LINE('',#1116,#1115);
#1118=DIRECTION('',(1.682644358468E-1,-6.651126783428E-1,7.275384558474E-1));
#1119=VECTOR('',#1118,4.123481735875E0);
#1120=CARTESIAN_POINT('',(-1.999502730373E2,6.223333955569E1,1.510000087014E2));
#1121=LINE('',#1120,#1119);
#1122=DIRECTION('',(-3.704320898864E-2,3.369696799434E-1,-9.407864983441E-1));
#1123=VECTOR('',#1122,2.632626760112E0);
#1124=CARTESIAN_POINT('',(-1.956053888360E2,5.499724405350E1,1.665454508139E2));
#1125=LINE('',#1124,#1123);
#1126=DIRECTION('',(-4.092461232170E-2,3.368712677322E-1,-9.406608980301E-1));
#1127=VECTOR('',#1126,2.634926917495E0);
#1128=CARTESIAN_POINT('',(-1.956568290983E2,5.499752818020E1,1.665446575356E2));
#1129=LINE('',#1128,#1127);
#1130=CARTESIAN_POINT('',(-2.034146115559E2,5.016399485816E1,1.795260891565E2));
#1131=CARTESIAN_POINT('',(-2.034213903005E2,5.018559509621E1,1.795197667437E2));
#1132=CARTESIAN_POINT('',(-2.034343256774E2,5.022926273660E1,1.795077852680E2));
#1133=CARTESIAN_POINT('',(-2.034517859187E2,5.029627997274E1,1.794919843428E2));
#1134=CARTESIAN_POINT('',(-2.034621073586E2,5.034180462885E1,1.794829106360E2));
#1135=CARTESIAN_POINT('',(-2.034669245860E2,5.036479542123E1,1.794787732872E2));
#1137=DIRECTION('',(-3.057972985385E-1,1.050103610389E-1,-9.462879246197E-1));
#1138=VECTOR('',#1137,3.656290057968E0);
#1139=CARTESIAN_POINT('',(-1.994983298516E2,5.469852453288E1,1.673794446098E2));
#1140=LINE('',#1139,#1138);
#1141=CARTESIAN_POINT('',(-2.103076090504E2,4.150641615792E1,1.636472870939E2));
#1142=CARTESIAN_POINT('',(-2.103072563790E2,4.150842251295E1,1.636480945254E2));
#1143=CARTESIAN_POINT('',(-2.103067513223E2,4.151249997895E1,1.636504571010E2));
#1144=CARTESIAN_POINT('',(-2.103050701585E2,4.151571499444E1,1.636538439515E2));
#1145=CARTESIAN_POINT('',(-2.103037021988E2,4.151751112494E1,1.636571200080E2));
#1146=CARTESIAN_POINT('',(-2.103029256136E2,4.151819037660E1,1.636589192288E2));
#1148=CARTESIAN_POINT('',(-2.035042293407E2,5.031996717335E1,1.793930681234E2));
#1149=CARTESIAN_POINT('',(-2.035042670286E2,5.031992536360E1,1.793929811400E2));
#1150=CARTESIAN_POINT('',(-2.035046211077E2,5.031998947426E1,1.793922713942E2));
#1151=CARTESIAN_POINT('',(-2.035133628941E2,5.031066180962E1,1.793716886354E2));
#1152=CARTESIAN_POINT('',(-2.035163869575E2,5.030692944807E1,1.793644627526E2));
#1153=CARTESIAN_POINT('',(-2.035210913382E2,5.030126961731E1,1.793532732274E2));
#1154=CARTESIAN_POINT('',(-2.035261133118E2,5.029499938486E1,1.793413040671E2));
#1155=CARTESIAN_POINT('',(-2.035323772504E2,5.028708165236E1,1.793263893952E2));
#1156=CARTESIAN_POINT('',(-2.035403625301E2,5.027684235868E1,1.793073960841E2));
#1157=CARTESIAN_POINT('',(-2.035505434112E2,5.026366862700E1,1.792832216546E2));
#1158=CARTESIAN_POINT('',(-2.035641206702E2,5.024596665366E1,1.792510610990E2));
#1159=CARTESIAN_POINT('',(-2.035762745537E2,5.023006008174E1,1.792223384233E2));
#1160=CARTESIAN_POINT('',(-2.035891436710E2,5.021318715111E1,1.791919779216E2));
#1161=CARTESIAN_POINT('',(-2.036020822788E2,5.019620395005E1,1.791615056256E2));
#1162=CARTESIAN_POINT('',(-2.036152126430E2,5.017896003619E1,1.791306264765E2));
#1163=CARTESIAN_POINT('',(-2.036284631025E2,5.016155507065E1,1.790995059526E2));
#1164=CARTESIAN_POINT('',(-2.036418268847E2,5.014400127068E1,1.790681562096E2));
#1165=CARTESIAN_POINT('',(-2.036552763501E2,5.012633782511E1,1.790366389004E2));
#1166=CARTESIAN_POINT('',(-2.036688242515E2,5.010854920998E1,1.790049219141E2));
#1167=CARTESIAN_POINT('',(-2.036823731572E2,5.009076454381E1,1.789732298464E2));
#1168=CARTESIAN_POINT('',(-2.036962316995E2,5.007258015887E1,1.789408417545E2));
#1169=CARTESIAN_POINT('',(-2.037092132217E2,5.005555080690E1,1.789105205554E2));
#1170=CARTESIAN_POINT('',(-2.037257136414E2,5.003391912444E1,1.788720228582E2));
#1171=CARTESIAN_POINT('',(-2.037292972868E2,5.002921275357E1,1.788636393915E2));
#1172=CARTESIAN_POINT('',(-2.037832196154E2,4.995857807293E1,1.787379919689E2));
#1173=CARTESIAN_POINT('',(-2.038240207996E2,4.990521337267E1,1.786431137851E2));
#1174=CARTESIAN_POINT('',(-2.038686160510E2,4.984693833622E1,1.785395127628E2));
#1175=CARTESIAN_POINT('',(-2.039124115730E2,4.978977146566E1,1.784378874777E2));
#1176=CARTESIAN_POINT('',(-2.039565936727E2,4.973215307136E1,1.783354539686E2));
#1177=CARTESIAN_POINT('',(-2.040008115959E2,4.967453876391E1,1.782330175261E2));
#1178=CARTESIAN_POINT('',(-2.040451336777E2,4.961683493354E1,1.781304076358E2));
#1179=CARTESIAN_POINT('',(-2.040895212037E2,4.955908854938E1,1.780277051944E2));
#1180=CARTESIAN_POINT('',(-2.041339686321E2,4.950130337359E1,1.779249151892E2));
#1181=CARTESIAN_POINT('',(-2.041784636902E2,4.944349219533E1,1.778220591396E2));
#1182=CARTESIAN_POINT('',(-2.042229989450E2,4.938566173356E1,1.777191484504E2));
#1183=CARTESIAN_POINT('',(-2.042675666472E2,4.932781928186E1,1.776161957217E2));
#1184=CARTESIAN_POINT('',(-2.043121611399E2,4.926996963495E1,1.775132095633E2));
#1185=CARTESIAN_POINT('',(-2.043567768717E2,4.921211758766E1,1.774101986753E2));
#1186=CARTESIAN_POINT('',(-2.044014093244E2,4.915426677156E1,1.773071699310E2));
#1187=CARTESIAN_POINT('',(-2.044460545419E2,4.909642023289E1,1.772041292899E2));
#1188=CARTESIAN_POINT('',(-2.044907086872E2,4.903858098204E1,1.771010826902E2));
#1189=CARTESIAN_POINT('',(-2.045353688825E2,4.898075094146E1,1.769980342997E2));
#1190=CARTESIAN_POINT('',(-2.045800322186E2,4.892293216889E1,1.768949885126E2));
#1191=CARTESIAN_POINT('',(-2.046246960412E2,4.886512650848E1,1.767919493956E2));
#1192=CARTESIAN_POINT('',(-2.046693580601E2,4.880733545140E1,1.766889204509E2));
#1193=CARTESIAN_POINT('',(-2.047140159239E2,4.874956064879E1,1.765859054347E2));
#1194=CARTESIAN_POINT('',(-2.047586676802E2,4.869180332863E1,1.764829073594E2));
#1195=CARTESIAN_POINT('',(-2.048033122941E2,4.863406362892E1,1.763799273215E2));
#1196=CARTESIAN_POINT('',(-2.048479486432E2,4.857634187304E1,1.762769667108E2));
#1197=CARTESIAN_POINT('',(-2.048925756889E2,4.851863834828E1,1.761740268214E2));
#1198=CARTESIAN_POINT('',(-2.049371923819E2,4.846095343362E1,1.760711091267E2));
#1199=CARTESIAN_POINT('',(-2.049817977050E2,4.840328753342E1,1.759682151103E2));
#1200=CARTESIAN_POINT('',(-2.050263906779E2,4.834564106833E1,1.758653462423E2));
#1201=CARTESIAN_POINT('',(-2.050709703544E2,4.828801447714E1,1.757625039857E2));
#1202=CARTESIAN_POINT('',(-2.051155359858E2,4.823040801061E1,1.756596894527E2));
#1203=CARTESIAN_POINT('',(-2.051600868522E2,4.817282193757E1,1.755569037407E2));
#1204=CARTESIAN_POINT('',(-2.052046222541E2,4.811525655425E1,1.754541479510E2));
#1205=CARTESIAN_POINT('',(-2.052491415393E2,4.805771214676E1,1.753514231216E2));
#1206=CARTESIAN_POINT('',(-2.052936439585E2,4.800018918262E1,1.752487305796E2));
#1207=CARTESIAN_POINT('',(-2.053381287193E2,4.794268823378E1,1.751460717979E2));
#1208=CARTESIAN_POINT('',(-2.053825950640E2,4.788520986967E1,1.750434482006E2));
#1209=CARTESIAN_POINT('',(-2.054270422582E2,4.782775467136E1,1.749408611913E2));
#1210=CARTESIAN_POINT('',(-2.054714695618E2,4.777032326734E1,1.748383122177E2));
#1211=CARTESIAN_POINT('',(-2.055158764121E2,4.771291609804E1,1.747358023542E2));
#1212=CARTESIAN_POINT('',(-2.055602623222E2,4.765553354146E1,1.746333325245E2));
#1213=CARTESIAN_POINT('',(-2.056046268497E2,4.759817595255E1,1.745309035817E2));
#1214=CARTESIAN_POINT('',(-2.056489693947E2,4.754084391351E1,1.744285167254E2));
#1215=CARTESIAN_POINT('',(-2.056932900301E2,4.748353719769E1,1.743261717713E2));
#1216=CARTESIAN_POINT('',(-2.057375863799E2,4.742625865960E1,1.742238736581E2));
#1217=CARTESIAN_POINT('',(-2.057818653152E2,4.736899965031E1,1.741216080514E2));
#1218=CARTESIAN_POINT('',(-2.058260898434E2,4.731180622535E1,1.740194520818E2));
#1219=CARTESIAN_POINT('',(-2.058702587851E2,4.725467993339E1,1.739174083204E2));
#1220=CARTESIAN_POINT('',(-2.059143745064E2,4.719761791703E1,1.738154719540E2));
#1221=CARTESIAN_POINT('',(-2.059584384451E2,4.714061849971E1,1.737136401211E2));
#1222=CARTESIAN_POINT('',(-2.060024522988E2,4.708367969886E1,1.736119094323E2));
#1223=CARTESIAN_POINT('',(-2.060464177987E2,4.702679949943E1,1.735102764182E2));
#1224=CARTESIAN_POINT('',(-2.060903367171E2,4.696997584665E1,1.734087375315E2));
#1225=CARTESIAN_POINT('',(-2.061342108270E2,4.691320669395E1,1.733072892313E2));
#1226=CARTESIAN_POINT('',(-2.061780419129E2,4.685648998739E1,1.732059279588E2));
#1227=CARTESIAN_POINT('',(-2.062218317620E2,4.679982367475E1,1.731046501561E2));
#1228=CARTESIAN_POINT('',(-2.062655821827E2,4.674320567926E1,1.730034522204E2));
#1229=CARTESIAN_POINT('',(-2.063092948952E2,4.668663403820E1,1.729023307580E2));
#1230=CARTESIAN_POINT('',(-2.063529715850E2,4.663010683244E1,1.728012824584E2));
#1231=CARTESIAN_POINT('',(-2.063966139512E2,4.657362212247E1,1.727003039801E2));
#1232=CARTESIAN_POINT('',(-2.064402236934E2,4.651717796381E1,1.725993919794E2));
#1233=CARTESIAN_POINT('',(-2.064838025140E2,4.646077240252E1,1.724985431041E2));
#1234=CARTESIAN_POINT('',(-2.065273521168E2,4.640440347602E1,1.723977539952E2));
#1235=CARTESIAN_POINT('',(-2.065708742050E2,4.634806921258E1,1.722970212900E2));
#1236=CARTESIAN_POINT('',(-2.066143704798E2,4.629176763126E1,1.721963416251E2));
#1237=CARTESIAN_POINT('',(-2.066578426420E2,4.623549674188E1,1.720957116314E2));
#1238=CARTESIAN_POINT('',(-2.067012923905E2,4.617925454493E1,1.719951279349E2));
#1239=CARTESIAN_POINT('',(-2.067447214220E2,4.612303903216E1,1.718945871588E2));
#1240=CARTESIAN_POINT('',(-2.067881314313E2,4.606684818453E1,1.717940859192E2));
#1241=CARTESIAN_POINT('',(-2.068315241059E2,4.601067998027E1,1.716936208398E2));
#1242=CARTESIAN_POINT('',(-2.068749011585E2,4.595453234785E1,1.715931884725E2));
#1243=CARTESIAN_POINT('',(-2.069182643090E2,4.589840319215E1,1.714927853407E2));
#1244=CARTESIAN_POINT('',(-2.069616152697E2,4.584229041382E1,1.713924079724E2));
#1245=CARTESIAN_POINT('',(-2.070049557488E2,4.578619190453E1,1.712920528914E2));
#1246=CARTESIAN_POINT('',(-2.070482874483E2,4.573010554917E1,1.711917166214E2));
#1247=CARTESIAN_POINT('',(-2.070916120661E2,4.567402922332E1,1.710913956810E2));
#1248=CARTESIAN_POINT('',(-2.071349312889E2,4.561796080271E1,1.709910866003E2));
#1249=CARTESIAN_POINT('',(-2.071782468287E2,4.556189811319E1,1.708907858335E2));
#1250=CARTESIAN_POINT('',(-2.072215604058E2,4.550583895506E1,1.707904898001E2));
#1251=CARTESIAN_POINT('',(-2.072648737304E2,4.544978112774E1,1.706901949274E2));
#1252=CARTESIAN_POINT('',(-2.073081885073E2,4.539372242377E1,1.705898976398E2));
#1253=CARTESIAN_POINT('',(-2.073515064334E2,4.533766063168E1,1.704895943630E2));
#1254=CARTESIAN_POINT('',(-2.073948292013E2,4.528159353254E1,1.703892815176E2));
#1255=CARTESIAN_POINT('',(-2.074381584888E2,4.522551891269E1,1.702889555417E2));
#1256=CARTESIAN_POINT('',(-2.074814960205E2,4.516943448409E1,1.701886127485E2));
#1257=CARTESIAN_POINT('',(-2.075248435297E2,4.511333793439E1,1.700882494145E2));
#1258=CARTESIAN_POINT('',(-2.075682027394E2,4.505722695290E1,1.699878618252E2));
#1259=CARTESIAN_POINT('',(-2.076115753659E2,4.500109922507E1,1.698874462649E2));
#1260=CARTESIAN_POINT('',(-2.076549631207E2,4.494495243152E1,1.697869990145E2));
#1261=CARTESIAN_POINT('',(-2.076983677017E2,4.488878425884E1,1.696865163705E2));
#1262=CARTESIAN_POINT('',(-2.077417908348E2,4.483259234584E1,1.695859945480E2));
#1263=CARTESIAN_POINT('',(-2.077852342684E2,4.477637429172E1,1.694854296965E2));
#1264=CARTESIAN_POINT('',(-2.078286997252E2,4.472012771896E1,1.693848180074E2));
#1265=CARTESIAN_POINT('',(-2.078721889730E2,4.466385017964E1,1.692841555601E2));
#1266=CARTESIAN_POINT('',(-2.079157035859E2,4.460753947312E1,1.691834388404E2));
#1267=CARTESIAN_POINT('',(-2.079592458299E2,4.455119247005E1,1.690826628199E2));
#1268=CARTESIAN_POINT('',(-2.080028154255E2,4.449480941293E1,1.689818279643E2));
#1269=CARTESIAN_POINT('',(-2.080464217210E2,4.443837775052E1,1.688809138709E2));
#1270=CARTESIAN_POINT('',(-2.080900319877E2,4.438194078798E1,1.687799912607E2));
#1271=CARTESIAN_POINT('',(-2.081336403406E2,4.432550634523E1,1.686790728991E2));
#1272=CARTESIAN_POINT('',(-2.081772482868E2,4.426907241719E1,1.685781555268E2));
#1273=CARTESIAN_POINT('',(-2.082208553626E2,4.421263961864E1,1.684772401558E2));
#1274=CARTESIAN_POINT('',(-2.082644616333E2,4.415620786121E1,1.683763266516E2));
#1275=CARTESIAN_POINT('',(-2.083080670226E2,4.409977724464E1,1.682754151862E2));
#1276=CARTESIAN_POINT('',(-2.083516714912E2,4.404334781941E1,1.681745058515E2));
#1277=CARTESIAN_POINT('',(-2.083952750226E2,4.398691960715E1,1.680735986858E2));
#1278=CARTESIAN_POINT('',(-2.084388776039E2,4.393049262446E1,1.679726937189E2));
#1279=CARTESIAN_POINT('',(-2.084824792210E2,4.387406688946E1,1.678717909832E2));
#1280=CARTESIAN_POINT('',(-2.085260798609E2,4.381764241915E1,1.677708905090E2));
#1281=CARTESIAN_POINT('',(-2.085696795255E2,4.376121921100E1,1.676699922919E2));
#1282=CARTESIAN_POINT('',(-2.086132782165E2,4.370479726266E1,1.675690963276E2));
#1283=CARTESIAN_POINT('',(-2.086568759349E2,4.364837657318E1,1.674682026145E2));
#1284=CARTESIAN_POINT('',(-2.087004726868E2,4.359195713436E1,1.673673111378E2));
#1285=CARTESIAN_POINT('',(-2.087440684847E2,4.353553893020E1,1.672664218690E2));
#1286=CARTESIAN_POINT('',(-2.087876633391E2,4.347912194693E1,1.671655347835E2));
#1287=CARTESIAN_POINT('',(-2.088312572630E2,4.342270616790E1,1.670646498514E2));
#1288=CARTESIAN_POINT('',(-2.088748502748E2,4.336629156927E1,1.669637670302E2));
#1289=CARTESIAN_POINT('',(-2.089184423922E2,4.330987812803E1,1.668628862786E2));
#1290=CARTESIAN_POINT('',(-2.089620336327E2,4.325346582169E1,1.667620075566E2));
#1291=CARTESIAN_POINT('',(-2.090056240128E2,4.319705462869E1,1.666611308254E2));
#1292=CARTESIAN_POINT('',(-2.090492135478E2,4.314064452953E1,1.665602560503E2));
#1293=CARTESIAN_POINT('',(-2.090928022631E2,4.308423549098E1,1.664593831718E2));
#1294=CARTESIAN_POINT('',(-2.091363901941E2,4.302782746756E1,1.663585121086E2));
#1295=CARTESIAN_POINT('',(-2.091799773618E2,4.297142043189E1,1.662576428117E2));
#1296=CARTESIAN_POINT('',(-2.092235637210E2,4.291501444239E1,1.661567753857E2));
#1297=CARTESIAN_POINT('',(-2.092671492401E2,4.285860954025E1,1.660559099041E2));
#1298=CARTESIAN_POINT('',(-2.093107337424E2,4.280220595388E1,1.659550467754E2));
#1299=CARTESIAN_POINT('',(-2.093543170303E2,4.274580393908E1,1.658541864571E2));
#1300=CARTESIAN_POINT('',(-2.093978990610E2,4.268940355134E1,1.657533290484E2));
#1301=CARTESIAN_POINT('',(-2.094414798185E2,4.263300481119E1,1.656524745859E2));
#1302=CARTESIAN_POINT('',(-2.094850591831E2,4.257660787360E1,1.655516233468E2));
#1303=CARTESIAN_POINT('',(-2.095286371124E2,4.252021279353E1,1.654507754294E2));
#1304=CARTESIAN_POINT('',(-2.095722132423E2,4.246382004212E1,1.653499316763E2));
#1305=CARTESIAN_POINT('',(-2.096157883403E2,4.240742862596E1,1.652490903108E2));
#1306=CARTESIAN_POINT('',(-2.096593587982E2,4.235104321487E1,1.651482596839E2));
#1307=CARTESIAN_POINT('',(-2.097029371777E2,4.229464755217E1,1.650474107247E2));
#1308=CARTESIAN_POINT('',(-2.097464754749E2,4.223830376067E1,1.649466545236E2));
#1309=CARTESIAN_POINT('',(-2.097901514387E2,4.218178181215E1,1.648455797350E2));
#1310=CARTESIAN_POINT('',(-2.098332999283E2,4.212594247875E1,1.647457256258E2));
#1311=CARTESIAN_POINT('',(-2.098784010032E2,4.206757626497E1,1.646413528491E2));
#1312=CARTESIAN_POINT('',(-2.099161959707E2,4.201866503306E1,1.645538878450E2));
#1313=CARTESIAN_POINT('',(-2.099812347476E2,4.193449703449E1,1.644033752966E2));
#1314=CARTESIAN_POINT('',(-2.099445697906E2,4.198194590247E1,1.644882252334E2));
#1315=CARTESIAN_POINT('',(-2.101731446334E2,4.168614256026E1,1.639592579964E2));
#1316=CARTESIAN_POINT('',(-2.103029256138E2,4.151819037638E1,1.636589192284E2));
#1318=CARTESIAN_POINT('',(-2.103076090504E2,4.150641615792E1,1.636472870939E2));
#1319=CARTESIAN_POINT('',(-2.103034298392E2,4.150288541586E1,1.636572516862E2));
#1320=CARTESIAN_POINT('',(-2.102909484511E2,4.150080650962E1,1.636886453027E2));
#1321=CARTESIAN_POINT('',(-2.102753482094E2,4.151353127204E1,1.637253855271E2));
#1322=CARTESIAN_POINT('',(-2.102520927463E2,4.153047725195E1,1.637812724355E2));
#1323=CARTESIAN_POINT('',(-2.102374731459E2,4.154343988616E1,1.638162846946E2));
#1324=CARTESIAN_POINT('',(-2.102212960595E2,4.155788934136E1,1.638551018978E2));
#1325=CARTESIAN_POINT('',(-2.102022448811E2,4.157585681982E1,1.639008261256E2));
#1326=CARTESIAN_POINT('',(-2.101800264508E2,4.159754221062E1,1.639541885098E2));
#1327=CARTESIAN_POINT('',(-2.101530195812E2,4.162483212223E1,1.640191001750E2));
#1328=CARTESIAN_POINT('',(-2.101228315259E2,4.165608645756E1,1.640917045940E2));
#1329=CARTESIAN_POINT('',(-2.100779862817E2,4.170401685025E1,1.641996847725E2));
#1330=CARTESIAN_POINT('',(-2.100566983516E2,4.172723642202E1,1.642509887352E2));
#1331=CARTESIAN_POINT('',(-2.100236070584E2,4.176358278517E1,1.643307690720E2));
#1332=CARTESIAN_POINT('',(-2.099864819084E2,4.180499884452E1,1.644203544281E2));
#1333=CARTESIAN_POINT('',(-2.099441455819E2,4.185274446487E1,1.645225878463E2));
#1334=CARTESIAN_POINT('',(-2.098867581431E2,4.191841251567E1,1.646613239944E2));
#1335=CARTESIAN_POINT('',(-2.098464210619E2,4.196509995713E1,1.647589416055E2));
#1336=CARTESIAN_POINT('',(-2.098049895152E2,4.201333307652E1,1.648592687180E2));
#1337=CARTESIAN_POINT('',(-2.097553918450E2,4.207151087880E1,1.649794719185E2));
#1338=CARTESIAN_POINT('',(-2.096974183700E2,4.214002567374E1,1.651201075575E2));
#1339=CARTESIAN_POINT('',(-2.096286027150E2,4.222198676423E1,1.652872330340E2));
#1340=CARTESIAN_POINT('',(-2.095459371519E2,4.232118176977E1,1.654882391051E2));
#1341=CARTESIAN_POINT('',(-2.094471979303E2,4.244073856029E1,1.657287704760E2));
#1342=CARTESIAN_POINT('',(-2.093899193469E2,4.251049698347E1,1.658684972394E2));
#1343=CARTESIAN_POINT('',(-2.093075838225E2,4.261112790355E1,1.660695540681E2));
#1344=CARTESIAN_POINT('',(-2.092160004108E2,4.272365765089E1,1.662935659340E2));
#1345=CARTESIAN_POINT('',(-2.091056007846E2,4.286000210406E1,1.665641636082E2));
#1346=CARTESIAN_POINT('',(-2.089828632958E2,4.301227280706E1,1.668656030506E2));
#1347=CARTESIAN_POINT('',(-2.088114942398E2,4.322615480660E1,1.672880654227E2));
#1348=CARTESIAN_POINT('',(-2.087051233020E2,4.335952330653E1,1.675513222900E2));
#1349=CARTESIAN_POINT('',(-2.085903783115E2,4.350366400781E1,1.678359639485E2));
#1350=CARTESIAN_POINT('',(-2.084522358651E2,4.367769109784E1,1.681800327543E2));
#1351=CARTESIAN_POINT('',(-2.082859855913E2,4.388769797455E1,1.685962910182E2));
#1352=CARTESIAN_POINT('',(-2.080827217547E2,4.414521382067E1,1.691091998929E2));
#1353=CARTESIAN_POINT('',(-2.078266414136E2,4.447061605999E1,1.697619757228E2));
#1354=CARTESIAN_POINT('',(-2.075144167604E2,4.486946177208E1,1.705731768928E2));
#1355=CARTESIAN_POINT('',(-2.072907040910E2,4.515661296303E1,1.711637426291E2));
#1356=CARTESIAN_POINT('',(-2.069615583928E2,4.558163329285E1,1.720459092985E2));
#1357=CARTESIAN_POINT('',(-2.066617450042E2,4.597143156316E1,1.728600979810E2));
#1358=CARTESIAN_POINT('',(-2.063291760375E2,4.640373088170E1,1.737587483051E2));
#1359=CARTESIAN_POINT('',(-2.060116742276E2,4.681135422331E1,1.745935662597E2));
#1360=CARTESIAN_POINT('',(-2.056793930928E2,4.722625134652E1,1.754219803699E2));
#1361=CARTESIAN_POINT('',(-2.053653981202E2,4.760274537974E1,1.761464952717E2));
#1362=CARTESIAN_POINT('',(-2.051042306530E2,4.790470860294E1,1.767018889277E2));
#1363=CARTESIAN_POINT('',(-2.049016105813E2,4.813428498775E1,1.771087803184E2));
#1364=CARTESIAN_POINT('',(-2.046337643400E2,4.843444304309E1,1.776128027221E2));
#1365=CARTESIAN_POINT('',(-2.043829221744E2,4.871654563717E1,1.780492315788E2));
#1366=CARTESIAN_POINT('',(-2.041699904479E2,4.896401562040E1,1.783973997320E2));
#1367=CARTESIAN_POINT('',(-2.040177953204E2,4.914622124476E1,1.786373594333E2));
#1368=CARTESIAN_POINT('',(-2.037817707828E2,4.945112617081E1,1.789931038179E2));
#1369=CARTESIAN_POINT('',(-2.036149319333E2,4.970286284434E1,1.792337421335E2));
#1370=CARTESIAN_POINT('',(-2.034860480650E2,4.994069162600E1,1.794183322058E2));
#1371=CARTESIAN_POINT('',(-2.034307169953E2,5.009023851516E1,1.794997580004E2));
#1372=CARTESIAN_POINT('',(-2.034146115559E2,5.016399485816E1,1.795260891565E2));
#1374=CARTESIAN_POINT('',(-2.034146115559E2,5.016399485816E1,1.795260891565E2));
#1375=CARTESIAN_POINT('',(-2.034155455665E2,5.016697088725E1,1.795252179717E2));
#1376=CARTESIAN_POINT('',(-2.034175215128E2,5.017317377031E1,1.795233343112E2));
#1377=CARTESIAN_POINT('',(-2.034207962275E2,5.018311813741E1,1.795200626371E2));
#1378=CARTESIAN_POINT('',(-2.034244577228E2,5.019382682712E1,1.795162256618E2));
#1379=CARTESIAN_POINT('',(-2.034285654109E2,5.020534377970E1,1.795117063251E2));
#1380=CARTESIAN_POINT('',(-2.034331896660E2,5.021770098771E1,1.795063597178E2));
#1381=CARTESIAN_POINT('',(-2.034384149478E2,5.023091274300E1,1.795000042184E2));
#1382=CARTESIAN_POINT('',(-2.034443500642E2,5.024497062971E1,1.794923988303E2));
#1383=CARTESIAN_POINT('',(-2.034510864875E2,5.025971511040E1,1.794832903512E2));
#1384=CARTESIAN_POINT('',(-2.034587818029E2,5.027498056393E1,1.794722878801E2));
#1385=CARTESIAN_POINT('',(-2.034668898297E2,5.028922582651E1,1.794600288755E2));
#1386=CARTESIAN_POINT('',(-2.034747144318E2,5.030108724275E1,1.794475627506E2));
#1387=CARTESIAN_POINT('',(-2.034821706056E2,5.031061264984E1,1.794351136931E2));
#1388=CARTESIAN_POINT('',(-2.034889663612E2,5.031704055431E1,1.794231424606E2));
#1389=CARTESIAN_POINT('',(-2.034954528728E2,5.032311648686E1,1.794115937901E2));
#1390=CARTESIAN_POINT('',(-2.034989946522E2,5.032036906596E1,1.794039124827E2));
#1391=CARTESIAN_POINT('',(-2.035025258611E2,5.032044849064E1,1.793966974478E2));
#1393=CARTESIAN_POINT('',(-1.881144057921E2,5.016213048252E1,1.795254628167E2));
#1394=CARTESIAN_POINT('',(-1.881076592141E2,5.018399599096E1,1.795192041273E2));
#1395=CARTESIAN_POINT('',(-1.880948018583E2,5.022814529504E1,1.795073651330E2));
#1396=CARTESIAN_POINT('',(-1.880774756313E2,5.029578810734E1,1.794917721703E2));
#1397=CARTESIAN_POINT('',(-1.880672381914E2,5.034164964630E1,1.794828389950E2));
#1398=CARTESIAN_POINT('',(-1.880624683691E2,5.036479527923E1,1.794787736217E2));
#1400=CARTESIAN_POINT('',(-1.880740096315E2,5.044868491917E1,1.795E2));
#1401=CARTESIAN_POINT('',(-1.880207143117E2,5.128038549692E1,1.795E2));
#1402=CARTESIAN_POINT('',(-1.879749298156E2,5.293505558415E1,1.795E2));
#1403=CARTESIAN_POINT('',(-1.879988441512E2,5.536342436629E1,1.795E2));
#1404=CARTESIAN_POINT('',(-1.880463303423E2,5.698912593686E1,1.795E2));
#1405=CARTESIAN_POINT('',(-1.880740096315E2,5.780036191453E1,1.795E2));
#1407=CARTESIAN_POINT('',(-1.880740096315E2,5.780036191453E1,1.795E2));
#1408=CARTESIAN_POINT('',(-1.881477160874E2,5.779064400257E1,1.796351130071E2));
#1409=CARTESIAN_POINT('',(-1.883002612599E2,5.778024466958E1,1.798977342474E2));
#1410=CARTESIAN_POINT('',(-1.885416365955E2,5.779170670468E1,1.802685413005E2));
#1411=CARTESIAN_POINT('',(-1.887104252879E2,5.781748562794E1,1.805008980378E2));
#1412=CARTESIAN_POINT('',(-1.887961974184E2,5.783490141264E1,1.806134834587E2));
#1414=CARTESIAN_POINT('',(-1.887961974184E2,5.783490141264E1,1.806134834587E2));
#1415=CARTESIAN_POINT('',(-1.890375837477E2,5.783731977468E1,1.809304449242E2));
#1416=CARTESIAN_POINT('',(-1.895646705314E2,5.785665216173E1,1.815334451411E2));
#1417=CARTESIAN_POINT('',(-1.904855145807E2,5.788451186322E1,1.823307956448E2));
#1418=CARTESIAN_POINT('',(-1.911597512638E2,5.790483481922E1,1.827682420386E2));
#1419=CARTESIAN_POINT('',(-1.915098453280E2,5.790482085733E1,1.829627534039E2));
#1421=CARTESIAN_POINT('',(-1.915098453280E2,5.790482085733E1,1.829627534039E2));
#1422=CARTESIAN_POINT('',(-1.919394145196E2,5.790480207118E1,1.832014208267E2));
#1423=CARTESIAN_POINT('',(-1.928402069770E2,5.789598475286E1,1.836074300396E2));
#1424=CARTESIAN_POINT('',(-1.942941724111E2,5.791977676275E1,1.839838329959E2));
#1425=CARTESIAN_POINT('',(-1.952756542035E2,5.790764515321E1,1.840651930328E2));
#1426=CARTESIAN_POINT('',(-1.957646963778E2,5.790764515375E1,1.840651930328E2));
#1428=CARTESIAN_POINT('',(-1.957646963778E2,5.790764515375E1,1.840651930328E2));
#1429=CARTESIAN_POINT('',(-1.960359262228E2,5.790764515405E1,1.840651930328E2));
#1430=CARTESIAN_POINT('',(-1.965785829977E2,5.791357334567E1,1.840400794875E2));
#1431=CARTESIAN_POINT('',(-1.973887425281E2,5.791223515042E1,1.839262596377E2));
#1432=CARTESIAN_POINT('',(-1.979164889738E2,5.791085091281E1,1.838011459300E2));
#1433=CARTESIAN_POINT('',(-1.981765846103E2,5.790808638254E1,1.837266442465E2));
#1435=CARTESIAN_POINT('',(-1.981765846103E2,5.790808638254E1,1.837266442465E2));
#1436=CARTESIAN_POINT('',(-1.986275993580E2,5.790361111386E1,1.835974835601E2));
#1437=CARTESIAN_POINT('',(-1.995085298006E2,5.789188722908E1,1.832665714647E2));
#1438=CARTESIAN_POINT('',(-2.007320564798E2,5.789725166118E1,1.825665378372E2));
#1439=CARTESIAN_POINT('',(-2.018291819521E2,5.786022946838E1,1.816787442734E2));
#1440=CARTESIAN_POINT('',(-2.024518255866E2,5.783772034716E1,1.809829466692E2));
#1441=CARTESIAN_POINT('',(-2.027331953358E2,5.783490140595E1,1.806134834593E2));
#1443=CARTESIAN_POINT('',(-2.027331953358E2,5.783490140595E1,1.806134834593E2));
#1444=CARTESIAN_POINT('',(-2.028189320480E2,5.781749055025E1,1.805009445288E2));
#1445=CARTESIAN_POINT('',(-2.029876765600E2,5.779171802220E1,1.802686534093E2));
#1446=CARTESIAN_POINT('',(-2.032290142340E2,5.778024096686E1,1.798979257549E2));
#1447=CARTESIAN_POINT('',(-2.033816303938E2,5.779064232707E1,1.796351978326E2));
#1448=CARTESIAN_POINT('',(-2.034553831235E2,5.780036189206E1,1.795E2));
#1450=CARTESIAN_POINT('',(-2.034553831235E2,5.780036189206E1,1.795E2));
#1451=CARTESIAN_POINT('',(-2.034829328983E2,5.699292177504E1,1.795E2));
#1452=CARTESIAN_POINT('',(-2.035303328411E2,5.537227522411E1,1.795E2));
#1453=CARTESIAN_POINT('',(-2.035545386358E2,5.294328008948E1,1.795E2));
#1454=CARTESIAN_POINT('',(-2.035089034478E2,5.128389681703E1,1.795E2));
#1455=CARTESIAN_POINT('',(-2.034553831235E2,5.044868492524E1,1.795E2));
#1457=CARTESIAN_POINT('',(-1.813946518291E2,4.149372196692E1,1.640635732258E2));
#1458=CARTESIAN_POINT('',(-1.813946606736E2,4.151067971699E1,1.640637734557E2));
#1459=CARTESIAN_POINT('',(-1.813946790263E2,4.154406423156E1,1.640637711488E2));
#1460=CARTESIAN_POINT('',(-1.813949648503E2,4.159055004479E1,1.640644747764E2));
#1461=CARTESIAN_POINT('',(-1.813952598964E2,4.162311325073E1,1.640648296966E2));
#1462=CARTESIAN_POINT('',(-1.813954368164E2,4.163945732358E1,1.640650244863E2));
#1464=CARTESIAN_POINT('',(-1.881144057921E2,5.016213048252E1,1.795254628167E2));
#1465=CARTESIAN_POINT('',(-1.880968249724E2,5.008480720770E1,1.794970031328E2));
#1466=CARTESIAN_POINT('',(-1.880408322788E2,4.993504369106E1,1.794145783207E2));
#1467=CARTESIAN_POINT('',(-1.879227540828E2,4.971432305612E1,1.792453976624E2));
#1468=CARTESIAN_POINT('',(-1.877710484668E2,4.948121378926E1,1.790262225770E2));
#1469=CARTESIAN_POINT('',(-1.875943795415E2,4.924458492547E1,1.787623262058E2));
#1470=CARTESIAN_POINT('',(-1.874827331952E2,4.910439445946E1,1.785904738512E2));
#1471=CARTESIAN_POINT('',(-1.873247371580E2,4.891263543602E1,1.783407665812E2));
#1472=CARTESIAN_POINT('',(-1.871438495292E2,4.870168905892E1,1.780427839589E2));
#1473=CARTESIAN_POINT('',(-1.869219492693E2,4.844845770418E1,1.776568313577E2));
#1474=CARTESIAN_POINT('',(-1.866675212083E2,4.816091380026E1,1.771888329683E2));
#1475=CARTESIAN_POINT('',(-1.863203486587E2,4.776197980276E1,1.764866053830E2));
#1476=CARTESIAN_POINT('',(-1.860653977809E2,4.745833807417E1,1.759213886411E2));
#1477=CARTESIAN_POINT('',(-1.857948201522E2,4.712717972374E1,1.752880132459E2));
#1478=CARTESIAN_POINT('',(-1.854729526376E2,4.671860942005E1,1.744805637888E2));
#1479=CARTESIAN_POINT('',(-1.851910188989E2,4.635157886118E1,1.737388615483E2));
#1480=CARTESIAN_POINT('',(-1.849141121758E2,4.598741272930E1,1.729948037359E2));
#1481=CARTESIAN_POINT('',(-1.846065548577E2,4.558238698565E1,1.721639036349E2));
#1482=CARTESIAN_POINT('',(-1.843930119413E2,4.530203546129E1,1.715897002282E2));
#1483=CARTESIAN_POINT('',(-1.840433279321E2,4.484574892875E1,1.706633717736E2));
#1484=CARTESIAN_POINT('',(-1.838108975268E2,4.454454816368E1,1.700597917329E2));
#1485=CARTESIAN_POINT('',(-1.836125850882E2,4.428833230759E1,1.695496787696E2));
#1486=CARTESIAN_POINT('',(-1.834541400855E2,4.408432277781E1,1.691460665116E2));
#1487=CARTESIAN_POINT('',(-1.833210005642E2,4.391332782381E1,1.688090222336E2));
#1488=CARTESIAN_POINT('',(-1.832137318611E2,4.377585679884E1,1.685386940544E2));
#1489=CARTESIAN_POINT('',(-1.831052025113E2,4.363719715153E1,1.682665262321E2));
#1490=CARTESIAN_POINT('',(-1.830732573243E2,4.359622523493E1,1.681860912154E2));
#1491=CARTESIAN_POINT('',(-1.828097105381E2,4.326100213783E1,1.675288382404E2));
#1492=CARTESIAN_POINT('',(-1.826447702598E2,4.305310083003E1,1.671204164542E2));
#1493=CARTESIAN_POINT('',(-1.824963734928E2,4.286710735890E1,1.667537099641E2));
#1494=CARTESIAN_POINT('',(-1.823771641609E2,4.271887735818E1,1.664600163925E2));
#1495=CARTESIAN_POINT('',(-1.822768071753E2,4.259494947365E1,1.662132187297E2));
#1496=CARTESIAN_POINT('',(-1.821927917695E2,4.249194653535E1,1.660069633615E2));
#1497=CARTESIAN_POINT('',(-1.821217594700E2,4.240546438870E1,1.658328124563E2));
#1498=CARTESIAN_POINT('',(-1.820614543556E2,4.233254225222E1,1.656851296126E2));
#1499=CARTESIAN_POINT('',(-1.820100011656E2,4.227073380750E1,1.655592448980E2));
#1500=CARTESIAN_POINT('',(-1.819659295154E2,4.221812910818E1,1.654515085300E2));
#1501=CARTESIAN_POINT('',(-1.819280493836E2,4.217319043172E1,1.653589736611E2));
#1502=CARTESIAN_POINT('',(-1.818954007410E2,4.213468389924E1,1.652792678650E2));
#1503=CARTESIAN_POINT('',(-1.818671875321E2,4.210159201385E1,1.652104277500E2));
#1504=CARTESIAN_POINT('',(-1.818427659819E2,4.207309701580E1,1.651508675026E2));
#1505=CARTESIAN_POINT('',(-1.818215941041E2,4.204851465391E1,1.650992542767E2));
#1506=CARTESIAN_POINT('',(-1.818032197093E2,4.202727778714E1,1.650544771775E2));
#1507=CARTESIAN_POINT('',(-1.817872618493E2,4.200891207706E1,1.650156015924E2));
#1508=CARTESIAN_POINT('',(-1.817733964930E2,4.199301697053E1,1.649818331485E2));
#1509=CARTESIAN_POINT('',(-1.817613456536E2,4.197925158605E1,1.649524912297E2));
#1510=CARTESIAN_POINT('',(-1.817508707446E2,4.196732585196E1,1.649269919987E2));
#1511=CARTESIAN_POINT('',(-1.817417562801E2,4.195697945883E1,1.649048087687E2));
#1512=CARTESIAN_POINT('',(-1.817338218706E2,4.194799727778E1,1.648855008612E2));
#1513=CARTESIAN_POINT('',(-1.817268967721E2,4.194017647331E1,1.648686515587E2));
#1514=CARTESIAN_POINT('',(-1.817208351013E2,4.193334614893E1,1.648539049350E2));
#1515=CARTESIAN_POINT('',(-1.817154949327E2,4.192734029742E1,1.648409150539E2));
#1516=CARTESIAN_POINT('',(-1.817107532144E2,4.192201747839E1,1.648293820523E2));
#1517=CARTESIAN_POINT('',(-1.817064942436E2,4.191724426561E1,1.648190241601E2));
#1518=CARTESIAN_POINT('',(-1.817025823738E2,4.191286654034E1,1.648095112283E2));
#1519=CARTESIAN_POINT('',(-1.816990026875E2,4.190886660406E1,1.648008067758E2));
#1520=CARTESIAN_POINT('',(-1.816953213349E2,4.190475798243E1,1.647918556812E2));
#1521=CARTESIAN_POINT('',(-1.816926742030E2,4.190181147443E1,1.647854201641E2));
#1522=CARTESIAN_POINT('',(-1.816863617259E2,4.189476880151E1,1.647700719079E2));
#1523=CARTESIAN_POINT('',(-1.816657673496E2,4.187197361390E1,1.647200184476E2));
#1524=CARTESIAN_POINT('',(-1.816494745115E2,4.185411556565E1,1.646804376822E2));
#1525=CARTESIAN_POINT('',(-1.816326123733E2,4.183577383860E1,1.646394870580E2));
#1526=CARTESIAN_POINT('',(-1.816165760764E2,4.181850042276E1,1.646005570394E2));
#1527=CARTESIAN_POINT('',(-1.816010626024E2,4.180195489882E1,1.645629095265E2));
#1528=CARTESIAN_POINT('',(-1.815862096775E2,4.178628621992E1,1.645268778651E2));
#1529=CARTESIAN_POINT('',(-1.815720174719E2,4.177148812376E1,1.644924609116E2));
#1530=CARTESIAN_POINT('',(-1.815585146482E2,4.175758590132E1,1.644597267161E2));
#1531=CARTESIAN_POINT('',(-1.815457068267E2,4.174457744482E1,1.644286874644E2));
#1532=CARTESIAN_POINT('',(-1.815335983271E2,4.173245899430E1,1.643993521888E2));
#1533=CARTESIAN_POINT('',(-1.815221864778E2,4.172121848824E1,1.643717129403E2));
#1534=CARTESIAN_POINT('',(-1.815114594051E2,4.171083308660E1,1.643457395988E2));
#1535=CARTESIAN_POINT('',(-1.815014041650E2,4.170127900022E1,1.643213995654E2));
#1536=CARTESIAN_POINT('',(-1.814920023904E2,4.169252629577E1,1.642986470889E2));
#1537=CARTESIAN_POINT('',(-1.814832314070E2,4.168454039439E1,1.642774261265E2));
#1538=CARTESIAN_POINT('',(-1.814750703472E2,4.167728891248E1,1.642576852079E2));
#1539=CARTESIAN_POINT('',(-1.814674924921E2,4.167073282721E1,1.642393586386E2));
#1540=CARTESIAN_POINT('',(-1.814604685442E2,4.166483304185E1,1.642223746496E2));
#1541=CARTESIAN_POINT('',(-1.814539838381E2,4.165956114904E1,1.642066971718E2));
#1542=CARTESIAN_POINT('',(-1.814480071279E2,4.165487460205E1,1.641922496029E2));
#1543=CARTESIAN_POINT('',(-1.814424838423E2,4.165071020692E1,1.641788996516E2));
#1544=CARTESIAN_POINT('',(-1.814373933009E2,4.164705787751E1,1.641665968378E2));
#1545=CARTESIAN_POINT('',(-1.814327584590E2,4.164389771352E1,1.641553960890E2));
#1546=CARTESIAN_POINT('',(-1.814286198612E2,4.164120440713E1,1.641453945713E2));
#1547=CARTESIAN_POINT('',(-1.814247953145E2,4.163890620260E1,1.641361516095E2));
#1548=CARTESIAN_POINT('',(-1.814213979921E2,4.163702575780E1,1.641279422805E2));
#1549=CARTESIAN_POINT('',(-1.814179136930E2,4.163529251338E1,1.641195219712E2));
#1550=CARTESIAN_POINT('',(-1.814165062577E2,4.163459937133E1,1.641161226149E2));
#1551=CARTESIAN_POINT('',(-1.814090326883E2,4.163141068152E1,1.640980442954E2));
#1552=CARTESIAN_POINT('',(-1.814037774838E2,4.163146089250E1,1.640853534912E2));
#1553=CARTESIAN_POINT('',(-1.813992257444E2,4.163073419680E1,1.640742979626E2));
#1554=CARTESIAN_POINT('',(-1.813959026879E2,4.163588284411E1,1.640662135237E2));
#1555=CARTESIAN_POINT('',(-1.813954368164E2,4.163945732358E1,1.640650244863E2));
#1557=CARTESIAN_POINT('',(-1.880288110167E2,5.032076323140E1,1.794009596361E2));
#1558=CARTESIAN_POINT('',(-1.880304576569E2,5.032034988237E1,1.794041953094E2));
#1559=CARTESIAN_POINT('',(-1.880337020851E2,5.032251147344E1,1.794111576385E2));
#1560=CARTESIAN_POINT('',(-1.880392457151E2,5.031745649668E1,1.794210625534E2));
#1561=CARTESIAN_POINT('',(-1.880450266162E2,5.031228885531E1,1.794313407406E2));
#1562=CARTESIAN_POINT('',(-1.880513280025E2,5.030474179160E1,1.794420286661E2));
#1563=CARTESIAN_POINT('',(-1.880579945162E2,5.029534315925E1,1.794529008843E2));
#1564=CARTESIAN_POINT('',(-1.880650466277E2,5.028384866974E1,1.794639063813E2));
#1565=CARTESIAN_POINT('',(-1.880724621227E2,5.027021038906E1,1.794749469226E2));
#1566=CARTESIAN_POINT('',(-1.880802470303E2,5.025421040851E1,1.794859306736E2));
#1567=CARTESIAN_POINT('',(-1.880883492130E2,5.023567965045E1,1.794966558969E2));
#1568=CARTESIAN_POINT('',(-1.880967698199E2,5.021438100530E1,1.795069967105E2));
#1569=CARTESIAN_POINT('',(-1.881054564749E2,5.019014393585E1,1.795167348458E2));
#1570=CARTESIAN_POINT('',(-1.881114125816E2,5.017183132121E1,1.795226860376E2));
#1571=CARTESIAN_POINT('',(-1.881144057921E2,5.016213048252E1,1.795254628167E2));
#1573=CARTESIAN_POINT('',(-1.880288110167E2,5.032076323140E1,1.794009596361E2));
#1574=CARTESIAN_POINT('',(-1.879995292016E2,5.028245319372E1,1.793332618338E2));
#1575=CARTESIAN_POINT('',(-1.879375332389E2,5.020134253927E1,1.791899308864E2));
#1576=CARTESIAN_POINT('',(-1.878340450921E2,5.006594675284E1,1.789506724944E2));
#1577=CARTESIAN_POINT('',(-1.877206543978E2,4.991759525230E1,1.786885200072E2));
#1578=CARTESIAN_POINT('',(-1.875968578216E2,4.975562951037E1,1.784023097448E2));
#1579=CARTESIAN_POINT('',(-1.874620402396E2,4.957924474800E1,1.780906195775E2));
#1580=CARTESIAN_POINT('',(-1.873154163843E2,4.938741358255E1,1.777516340142E2));
#1581=CARTESIAN_POINT('',(-1.871560917199E2,4.917896567349E1,1.773832849417E2));
#1582=CARTESIAN_POINT('',(-1.869830534094E2,4.895257590427E1,1.769832307416E2));
#1583=CARTESIAN_POINT('',(-1.867951967142E2,4.870679892137E1,1.765489173244E2));
#1584=CARTESIAN_POINT('',(-1.865912873391E2,4.844001986978E1,1.760774910738E2));
#1585=CARTESIAN_POINT('',(-1.863698764628E2,4.815034322493E1,1.755656024015E2));
#1586=CARTESIAN_POINT('',(-1.861294052781E2,4.783572956580E1,1.750096474388E2));
#1587=CARTESIAN_POINT('',(-1.858683399775E2,4.749417217881E1,1.744060801150E2));
#1588=CARTESIAN_POINT('',(-1.855845760149E2,4.712291764042E1,1.737500348452E2));
#1589=CARTESIAN_POINT('',(-1.852774098465E2,4.672104548919E1,1.730398850785E2));
#1590=CARTESIAN_POINT('',(-1.849402054614E2,4.627987368826E1,1.722602887557E2));
#1591=CARTESIAN_POINT('',(-1.845879152668E2,4.581896479583E1,1.714458149457E2));
#1592=CARTESIAN_POINT('',(-1.842941014707E2,4.543456184207E1,1.707665350636E2));
#1593=CARTESIAN_POINT('',(-1.840313487990E2,4.509079682976E1,1.701590666387E2));
#1594=CARTESIAN_POINT('',(-1.837987628201E2,4.478649955520E1,1.696213417993E2));
#1595=CARTESIAN_POINT('',(-1.835904554953E2,4.451396656943E1,1.691397477523E2));
#1596=CARTESIAN_POINT('',(-1.834032719235E2,4.426907024723E1,1.687069905562E2));
#1597=CARTESIAN_POINT('',(-1.832342989554E2,4.404799925221E1,1.683163351840E2));
#1598=CARTESIAN_POINT('',(-1.830812731892E2,4.384779232684E1,1.679625487865E2));
#1599=CARTESIAN_POINT('',(-1.829422902132E2,4.366595788796E1,1.676412284780E2));
#1600=CARTESIAN_POINT('',(-1.828157588678E2,4.350041418709E1,1.673486955933E2));
#1601=CARTESIAN_POINT('',(-1.827003256498E2,4.334939040650E1,1.670818209135E2));
#1602=CARTESIAN_POINT('',(-1.825948293161E2,4.321136726685E1,1.668379197147E2));
#1603=CARTESIAN_POINT('',(-1.824982653775E2,4.308503057318E1,1.666146696776E2));
#1604=CARTESIAN_POINT('',(-1.824097575408E2,4.296923385210E1,1.664100448653E2));
#1605=CARTESIAN_POINT('',(-1.823285351055E2,4.286296877942E1,1.662222634644E2));
#1606=CARTESIAN_POINT('',(-1.822539211299E2,4.276534969735E1,1.660497604258E2));
#1607=CARTESIAN_POINT('',(-1.821853120715E2,4.267558697861E1,1.658911403961E2));
#1608=CARTESIAN_POINT('',(-1.821221728652E2,4.259298058599E1,1.657451663363E2));
#1609=CARTESIAN_POINT('',(-1.820640212824E2,4.251689960902E1,1.656107233632E2));
#1610=CARTESIAN_POINT('',(-1.820104292230E2,4.244678395517E1,1.654868217349E2));
#1611=CARTESIAN_POINT('',(-1.819610076093E2,4.238212458563E1,1.653725619267E2));
#1612=CARTESIAN_POINT('',(-1.819154080152E2,4.232246564691E1,1.652671383990E2));
#1613=CARTESIAN_POINT('',(-1.818733122895E2,4.226739089522E1,1.651698156048E2));
#1614=CARTESIAN_POINT('',(-1.818344346949E2,4.221652649429E1,1.650799329371E2));
#1615=CARTESIAN_POINT('',(-1.817985130382E2,4.216952941035E1,1.649968842204E2));
#1616=CARTESIAN_POINT('',(-1.817653119058E2,4.212609164732E1,1.649201251927E2));
#1617=CARTESIAN_POINT('',(-1.817346134816E2,4.208592823160E1,1.648491522763E2));
#1618=CARTESIAN_POINT('',(-1.817062213285E2,4.204878216033E1,1.647835113206E2));
#1619=CARTESIAN_POINT('',(-1.816799529812E2,4.201441470983E1,1.647227804765E2));
#1620=CARTESIAN_POINT('',(-1.816556454705E2,4.198261266397E1,1.646665829690E2));
#1621=CARTESIAN_POINT('',(-1.816331446662E2,4.195317437139E1,1.646145624584E2));
#1622=CARTESIAN_POINT('',(-1.816123138103E2,4.192592090850E1,1.645664027686E2));
#1623=CARTESIAN_POINT('',(-1.815930229033E2,4.190068219329E1,1.645218033480E2));
#1624=CARTESIAN_POINT('',(-1.815751570944E2,4.187730796514E1,1.644804986690E2));
#1625=CARTESIAN_POINT('',(-1.815586061322E2,4.185565397901E1,1.644422338368E2));
#1626=CARTESIAN_POINT('',(-1.815432729317E2,4.183559321662E1,1.644067843965E2));
#1627=CARTESIAN_POINT('',(-1.815290639191E2,4.181700325327E1,1.643739340113E2));
#1628=CARTESIAN_POINT('',(-1.815158961376E2,4.179977555481E1,1.643434908900E2));
#1629=CARTESIAN_POINT('',(-1.815036910808E2,4.178380740962E1,1.643152735305E2));
#1630=CARTESIAN_POINT('',(-1.814923779578E2,4.176900620034E1,1.642891182683E2));
#1631=CARTESIAN_POINT('',(-1.814818892936E2,4.175528364769E1,1.642648691056E2));
#1632=CARTESIAN_POINT('',(-1.814721650363E2,4.174256118491E1,1.642423872058E2));
#1633=CARTESIAN_POINT('',(-1.814631487138E2,4.173076492722E1,1.642215420090E2));
#1634=CARTESIAN_POINT('',(-1.814547887886E2,4.171982744902E1,1.642022143632E2));
#1635=CARTESIAN_POINT('',(-1.814470388493E2,4.170968802096E1,1.641842969683E2));
#1636=CARTESIAN_POINT('',(-1.814398540544E2,4.170028800867E1,1.641676861531E2));
#1637=CARTESIAN_POINT('',(-1.814331947972E2,4.169157546655E1,1.641522903506E2));
#1638=CARTESIAN_POINT('',(-1.814270228040E2,4.168350079560E1,1.641380210702E2));
#1639=CARTESIAN_POINT('',(-1.814213029163E2,4.167601622078E1,1.641247970413E2));
#1640=CARTESIAN_POINT('',(-1.814160056839E2,4.166908983719E1,1.641125501270E2));
#1641=CARTESIAN_POINT('',(-1.814111012701E2,4.166265787071E1,1.641012115321E2));
#1642=CARTESIAN_POINT('',(-1.814065512410E2,4.165676233904E1,1.640906917083E2));
#1643=CARTESIAN_POINT('',(-1.814023934063E2,4.165110823661E1,1.640810806488E2));
#1644=CARTESIAN_POINT('',(-1.813983923215E2,4.164667299323E1,1.640718243951E2));
#1645=CARTESIAN_POINT('',(-1.813963475493E2,4.164200767232E1,1.640671119106E2));
#1646=CARTESIAN_POINT('',(-1.813954368164E2,4.163945732358E1,1.640650244863E2));
#1648=CARTESIAN_POINT('',(-1.880624683691E2,5.036479527923E1,1.794787736217E2));
#1649=CARTESIAN_POINT('',(-1.880194447316E2,5.039326271603E1,1.793993860355E2));
#1650=CARTESIAN_POINT('',(-1.879357857638E2,5.045060455812E1,1.792391479932E2));
#1651=CARTESIAN_POINT('',(-1.878176308330E2,5.053821773094E1,1.789947276535E2));
#1652=CARTESIAN_POINT('',(-1.877438772614E2,5.059740968198E1,1.788291157115E2));
#1653=CARTESIAN_POINT('',(-1.877082647371E2,5.062735910355E1,1.787457360795E2));
#1655=CARTESIAN_POINT('',(-1.877082647371E2,5.062735910355E1,1.787457360795E2));
#1656=CARTESIAN_POINT('',(-1.875542887577E2,5.075684982666E1,1.783852319938E2));
#1657=CARTESIAN_POINT('',(-1.872946266184E2,5.102234619441E1,1.776434454822E2));
#1658=CARTESIAN_POINT('',(-1.870572797250E2,5.143679388684E1,1.764853987728E2));
#1659=CARTESIAN_POINT('',(-1.870041133737E2,5.171876280203E1,1.756987655001E2));
#1660=CARTESIAN_POINT('',(-1.870041133737E2,5.185990299606E1,1.753045999003E2));
#1662=CARTESIAN_POINT('',(-1.870041133737E2,5.185990299606E1,1.753045999003E2));
#1663=CARTESIAN_POINT('',(-1.870041133737E2,5.206248963068E1,1.747388313543E2));
#1664=CARTESIAN_POINT('',(-1.871144503698E2,5.246462607101E1,1.736161952702E2));
#1665=CARTESIAN_POINT('',(-1.875852875043E2,5.303478864064E1,1.720243459087E2));
#1666=CARTESIAN_POINT('',(-1.883509489846E2,5.356776642103E1,1.705364096038E2));
#1667=CARTESIAN_POINT('',(-1.894000973082E2,5.404359088286E1,1.692080299238E2));
#1668=CARTESIAN_POINT('',(-1.902267100811E2,5.429891133167E1,1.684951204695E2));
#1669=CARTESIAN_POINT('',(-1.906647313744E2,5.441124330208E1,1.681815089157E2));
#1671=CARTESIAN_POINT('',(-1.906647313744E2,5.441124330208E1,1.681815089157E2));
#1672=CARTESIAN_POINT('',(-1.908231490579E2,5.445186919770E1,1.680680860830E2));
#1673=CARTESIAN_POINT('',(-1.911471264492E2,5.452924093374E1,1.678521243430E2));
#1674=CARTESIAN_POINT('',(-1.916521430465E2,5.463306614098E1,1.675619938188E2));
#1675=CARTESIAN_POINT('',(-1.920000354479E2,5.469410245281E1,1.673918099595E2));
#1676=CARTESIAN_POINT('',(-1.921756942930E2,5.472235943871E1,1.673129053830E2));
#1678=CARTESIAN_POINT('',(-1.921756942930E2,5.472235943871E1,1.673129053830E2));
#1679=CARTESIAN_POINT('',(-1.922603420572E2,5.473598146237E1,1.672748822708E2));
#1680=CARTESIAN_POINT('',(-1.924295131267E2,5.476203415549E1,1.672021349640E2));
#1681=CARTESIAN_POINT('',(-1.926867639064E2,5.479827047909E1,1.671009496025E2));
#1682=CARTESIAN_POINT('',(-1.928600352631E2,5.482045166360E1,1.670390397171E2));
#1683=CARTESIAN_POINT('',(-1.929470765632E2,5.483104102661E1,1.670094739435E2));
#1685=CARTESIAN_POINT('',(-1.929470765632E2,5.483104102661E1,1.670094739435E2));
#1686=CARTESIAN_POINT('',(-1.930980810410E2,5.484942595783E1,1.669581814628E2));
#1687=CARTESIAN_POINT('',(-1.934026771199E2,5.488317753041E1,1.668639228429E2));
#1688=CARTESIAN_POINT('',(-1.938660953336E2,5.492475872548E1,1.667477611123E2));
#1689=CARTESIAN_POINT('',(-1.941784616693E2,5.494642122716E1,1.666873534049E2));
#1690=CARTESIAN_POINT('',(-1.943348687685E2,5.495568787712E1,1.666614717459E2));
#1692=CARTESIAN_POINT('',(-1.943348687685E2,5.495568787712E1,1.666614717459E2));
#1693=CARTESIAN_POINT('',(-1.943422069683E2,5.495612279554E1,1.666602574481E2));
#1694=CARTESIAN_POINT('',(-1.943561502524E2,5.495694216356E1,1.666579695676E2));
#1695=CARTESIAN_POINT('',(-1.943773522848E2,5.495816990107E1,1.666545419523E2));
#1696=CARTESIAN_POINT('',(-1.943914284534E2,5.495897218718E1,1.666523020417E2));
#1697=CARTESIAN_POINT('',(-1.943984959405E2,5.495937184243E1,1.666511862465E2));
#1699=CARTESIAN_POINT('',(-1.943984959405E2,5.495937184243E1,1.666511862465E2));
#1700=CARTESIAN_POINT('',(-1.944316019058E2,5.496124437695E1,1.666459595691E2));
#1701=CARTESIAN_POINT('',(-1.944979115845E2,5.496485408710E1,1.666358801027E2));
#1702=CARTESIAN_POINT('',(-1.945975126869E2,5.496985843650E1,1.666219090245E2));
#1703=CARTESIAN_POINT('',(-1.946640040401E2,5.497292067656E1,1.666133584023E2));
#1704=CARTESIAN_POINT('',(-1.946972768962E2,5.497438395645E1,1.666092739264E2));
#1706=CARTESIAN_POINT('',(-1.946972768962E2,5.497438395645E1,1.666092739264E2));
#1707=CARTESIAN_POINT('',(-1.947977473665E2,5.497880156585E1,1.665969404730E2));
#1708=CARTESIAN_POINT('',(-1.949991106728E2,5.498638955263E1,1.665757577411E2));
#1709=CARTESIAN_POINT('',(-1.953020273361E2,5.499401132836E1,1.665544716283E2));
#1710=CARTESIAN_POINT('',(-1.955042867805E2,5.499658523733E1,1.665472901631E2));
#1711=CARTESIAN_POINT('',(-1.956053888360E2,5.499724405350E1,1.665454508139E2));
#1713=CARTESIAN_POINT('',(-1.956053888360E2,5.499724405350E1,1.665454508139E2));
#1714=CARTESIAN_POINT('',(-1.956111376466E2,5.499728151476E1,1.665453462258E2));
#1715=CARTESIAN_POINT('',(-1.956225461187E2,5.499735220154E1,1.665451488411E2));
#1716=CARTESIAN_POINT('',(-1.956396958163E2,5.499744400204E1,1.665448925577E2));
#1717=CARTESIAN_POINT('',(-1.956511154965E2,5.499750298122E1,1.665447278887E2));
#1718=CARTESIAN_POINT('',(-1.956568290983E2,5.499752818020E1,1.665446575356E2));
#1720=CARTESIAN_POINT('',(-1.956568290983E2,5.499752818020E1,1.665446575356E2));
#1721=CARTESIAN_POINT('',(-1.960959808634E2,5.499946496719E1,1.665392501463E2));
#1722=CARTESIAN_POINT('',(-1.969760080594E2,5.497963386262E1,1.665946145337E2));
#1723=CARTESIAN_POINT('',(-1.982711034867E2,5.487904864481E1,1.668753930557E2));
#1724=CARTESIAN_POINT('',(-1.990984286226E2,5.476600486587E1,1.671910466403E2));
#1725=CARTESIAN_POINT('',(-1.994983298516E2,5.469852453288E1,1.673794446098E2));
#1727=CARTESIAN_POINT('',(-1.994983298516E2,5.469852453288E1,1.673794446098E2));
#1728=CARTESIAN_POINT('',(-1.999815403239E2,5.461698629866E1,1.676070905014E2));
#1729=CARTESIAN_POINT('',(-2.009120785737E2,5.442238129374E1,1.681504537441E2));
#1730=CARTESIAN_POINT('',(-2.021773096693E2,5.402406517559E1,1.692624580396E2));
#1731=CARTESIAN_POINT('',(-2.031580679924E2,5.357671831054E1,1.705113602091E2));
#1732=CARTESIAN_POINT('',(-2.039407864567E2,5.303882596721E1,1.720130124199E2));
#1733=CARTESIAN_POINT('',(-2.044085702350E2,5.247497195426E1,1.735871462367E2));
#1734=CARTESIAN_POINT('',(-2.045252915069E2,5.206670353022E1,1.747270251961E2));
#1735=CARTESIAN_POINT('',(-2.045252888431E2,5.185983996563E1,1.753046179735E2));
#1737=CARTESIAN_POINT('',(-2.045252888431E2,5.185983996563E1,1.753046179735E2));
#1738=CARTESIAN_POINT('',(-2.045252870200E2,5.171826367733E1,1.756999193004E2));
#1739=CARTESIAN_POINT('',(-2.044717372589E2,5.143576134167E1,1.764880576073E2));
#1740=CARTESIAN_POINT('',(-2.042344629711E2,5.102160225578E1,1.776442492427E2));
#1741=CARTESIAN_POINT('',(-2.039749650653E2,5.075698721719E1,1.783855561868E2));
#1742=CARTESIAN_POINT('',(-2.038211873980E2,5.062773369787E1,1.787456259609E2));
#1744=CARTESIAN_POINT('',(-2.038211873980E2,5.062773369787E1,1.787456259609E2));
#1745=CARTESIAN_POINT('',(-2.037859533256E2,5.059811868329E1,1.788281263963E2));
#1746=CARTESIAN_POINT('',(-2.037126361382E2,5.054006960364E1,1.789928333921E2));
#1747=CARTESIAN_POINT('',(-2.035940714105E2,5.045087626584E1,1.792382554073E2));
#1748=CARTESIAN_POINT('',(-2.035101486600E2,5.039336304045E1,1.793990158536E2));
#1749=CARTESIAN_POINT('',(-2.034669245860E2,5.036479542123E1,1.794787732872E2));
#1751=CARTESIAN_POINT('',(-2.034669245860E2,5.036479542123E1,1.794787732872E2));
#1752=CARTESIAN_POINT('',(-2.034630699691E2,5.039274667025E1,1.794858858595E2));
#1753=CARTESIAN_POINT('',(-2.034592219498E2,5.042071239333E1,1.794929629589E2));
#1754=CARTESIAN_POINT('',(-2.034553831235E2,5.044868492524E1,1.795E2));
#1756=DIRECTION('',(-1.082484809443E-13,1.E0,-2.396930649481E-13));
#1757=VECTOR('',#1756,7.351676966817E0);
#1758=CARTESIAN_POINT('',(-2.034553831235E2,5.044868492524E1,1.795E2));
#1759=LINE('',#1758,#1757);
#1760=DIRECTION('',(-7.616053808302E-13,-1.E0,-4.252618877732E-14));
#1761=VECTOR('',#1760,7.351676995357E0);
#1762=CARTESIAN_POINT('',(-1.880740096315E2,5.780036191453E1,1.795E2));
#1763=LINE('',#1762,#1761);
#1764=CARTESIAN_POINT('',(-1.880740096315E2,5.044868491917E1,1.795E2));
#1765=CARTESIAN_POINT('',(-1.880701708067E2,5.042071239803E1,1.794929629616E2));
#1766=CARTESIAN_POINT('',(-1.880663229841E2,5.039274651773E1,1.794858861905E2));
#1767=CARTESIAN_POINT('',(-1.880624683691E2,5.036479527923E1,1.794787736217E2));
#1769=DIRECTION('',(3.044638439327E-1,-5.883219994972E-3,-9.525057246338E-1));
#1770=VECTOR('',#1769,4.292569480208E0);
#1771=CARTESIAN_POINT('',(-1.906647313744E2,5.441124330208E1,1.681815089157E2));
#1772=LINE('',#1771,#1770);
#1773=DIRECTION('',(2.386384383849E-1,1.434303486973E-1,-9.604579276563E-1));
#1774=VECTOR('',#1773,3.392270140382E0);
#1775=CARTESIAN_POINT('',(-1.921756942930E2,5.472235943871E1,1.673129053830E2));
#1776=LINE('',#1775,#1774);
#1777=DIRECTION('',(1.896577166736E-1,2.131880611839E-1,-9.584262105529E-1));
#1778=VECTOR('',#1777,3.076850726864E0);
#1779=CARTESIAN_POINT('',(-1.929470765632E2,5.483104102661E1,1.670094739435E2));
#1780=LINE('',#1779,#1778);
#1781=DIRECTION('',(7.833518230498E-2,3.071121302950E-1,-9.484438510734E-1));
#1782=VECTOR('',#1781,2.726555245729E0);
#1783=CARTESIAN_POINT('',(-1.943348687685E2,5.495568787712E1,1.666614717459E2));
#1784=LINE('',#1783,#1782);
#1785=DIRECTION('',(-4.569142046741E-2,-3.218834371620E-1,9.456761321808E-1));
#1786=VECTOR('',#1785,2.677535269256E0);
#1787=CARTESIAN_POINT('',(-1.945749365064E2,5.583623821204E1,1.640771927292E2));
#1788=LINE('',#1787,#1786);
#1789=DIRECTION('',(7.280442712829E-2,3.100302129538E-1,-9.479350096111E-1));
#1790=VECTOR('',#1789,2.716351794205E0);
#1791=CARTESIAN_POINT('',(-1.943984959405E2,5.495937184243E1,1.666511862465E2));
#1792=LINE('',#1791,#1790);
#1793=CARTESIAN_POINT('',(-1.957646963775E2,5.790808638254E1,1.753045988586E2));
#1794=DIRECTION('',(0.E0,1.E0,0.E0));
#1795=DIRECTION('',(-1.557247879147E-13,0.E0,-1.E0));
#1796=AXIS2_PLACEMENT_3D('',#1793,#1794,#1795);
#1798=CARTESIAN_POINT('',(-1.957646963775E2,5.790808638254E1,1.753045988586E2));
#1799=DIRECTION('',(0.E0,1.E0,0.E0));
#1800=DIRECTION('',(-1.E0,0.E0,0.E0));
#1801=AXIS2_PLACEMENT_3D('',#1798,#1799,#1800);
#1803=CARTESIAN_POINT('',(-1.957646963781E2,9.33E1,1.658467806061E2));
#1804=DIRECTION('',(1.E0,0.E0,-6.331043675423E-11));
#1805=DIRECTION('',(0.E0,1.E0,8.208189683501E-11));
#1806=AXIS2_PLACEMENT_3D('',#1803,#1804,#1805);
#1808=CARTESIAN_POINT('',(-1.957646963775E2,9.330278609964E1,1.753045988586E2));
#1809=DIRECTION('',(0.E0,1.E0,0.E0));
#1810=DIRECTION('',(5.663511576244E-12,0.E0,-1.E0));
#1811=AXIS2_PLACEMENT_3D('',#1808,#1809,#1810);
#1813=CARTESIAN_POINT('',(-1.957646963775E2,9.330278609964E1,1.753045988586E2));
#1814=DIRECTION('',(0.E0,1.E0,0.E0));
#1815=DIRECTION('',(-1.795428098397E-2,0.E0,-9.998388089059E-1));
#1816=AXIS2_PLACEMENT_3D('',#1813,#1814,#1815);
#1818=CARTESIAN_POINT('',(-1.957646963785E2,9.33E1,1.847624171111E2));
#1819=DIRECTION('',(1.E0,0.E0,1.056600223981E-10));
#1820=DIRECTION('',(1.056719156622E-10,5.572199280010E-3,-9.999844751771E-1));
#1821=AXIS2_PLACEMENT_3D('',#1818,#1819,#1820);
#1823=CARTESIAN_POINT('',(-1.957646963775E2,9.38E1,1.753045988586E2));
#1824=DIRECTION('',(0.E0,-1.E0,0.E0));
#1825=DIRECTION('',(1.E0,0.E0,0.E0));
#1826=AXIS2_PLACEMENT_3D('',#1823,#1824,#1825);
#1828=CARTESIAN_POINT('',(-1.957646963775E2,9.379999999999E1,1.753045988586E2));
#1829=DIRECTION('',(0.E0,-1.E0,0.E0));
#1830=DIRECTION('',(-1.E0,0.E0,0.E0));
#1831=AXIS2_PLACEMENT_3D('',#1828,#1829,#1830);
#1833=CARTESIAN_POINT('',(-1.957646963775E2,9.38E1,1.753045988586E2));
#1834=DIRECTION('',(0.E0,1.E0,0.E0));
#1835=DIRECTION('',(-3.186309749747E-11,0.E0,-1.E0));
#1836=AXIS2_PLACEMENT_3D('',#1833,#1834,#1835);
#1838=CARTESIAN_POINT('',(-1.957646963775E2,9.38E1,1.753045988586E2));
#1839=DIRECTION('',(0.E0,1.E0,0.E0));
#1840=DIRECTION('',(-1.795428098397E-2,0.E0,-9.998388089059E-1));
#1841=AXIS2_PLACEMENT_3D('',#1838,#1839,#1840);
#1843=CARTESIAN_POINT('',(-1.957646963775E2,9.38E1,1.753045988586E2));
#1844=DIRECTION('',(0.E0,1.E0,0.E0));
#1845=DIRECTION('',(-3.318834752080E-11,0.E0,1.E0));
#1846=AXIS2_PLACEMENT_3D('',#1843,#1844,#1845);
#1848=CARTESIAN_POINT('',(-1.957646963775E2,9.38E1,1.753045988586E2));
#1849=DIRECTION('',(0.E0,1.E0,0.E0));
#1850=DIRECTION('',(1.795434617895E-2,0.E0,9.998388077352E-1));
#1851=AXIS2_PLACEMENT_3D('',#1848,#1849,#1850);
#1853=DIRECTION('',(-1.424340406261E-7,-9.999999999861E-1,5.273366342492E-6));
#1854=VECTOR('',#1853,3.598445755805E1);
#1855=CARTESIAN_POINT('',(-1.858040997464E2,9.38E1,1.753047506688E2));
#1856=LINE('',#1855,#1854);
#1857=DIRECTION('',(-1.424236932293E-7,9.999999999861E-1,-5.273361731968E-6));
#1858=VECTOR('',#1857,3.598445690774E1);
#1859=CARTESIAN_POINT('',(-2.057252878835E2,5.781554309276E1,1.753049404277E2));
#1860=LINE('',#1859,#1858);
#1861=DIRECTION('',(0.E0,1.E0,0.E0));
#1862=VECTOR('',#1861,6.000000000001E0);
#1863=CARTESIAN_POINT('',(-1.945192238597E2,5.808811203811E1,1.851870218150E2));
#1864=LINE('',#1863,#1862);
#1865=DIRECTION('',(0.E0,-1.E0,0.E0));
#1866=VECTOR('',#1865,6.E0);
#1867=CARTESIAN_POINT('',(-1.964607477280E2,6.408811203811E1,1.852408455241E2));
#1868=LINE('',#1867,#1866);
#1869=CARTESIAN_POINT('',(-1.957647903315E2,5.778570644415E1,1.653440022470E2));
#1870=CARTESIAN_POINT('',(-1.963351367965E2,5.778511475448E1,1.653440076268E2));
#1871=CARTESIAN_POINT('',(-1.974796658500E2,5.778192044106E1,1.654421764637E2));
#1872=CARTESIAN_POINT('',(-1.991580128841E2,5.778722901419E1,1.658861679565E2));
#1873=CARTESIAN_POINT('',(-2.007416848988E2,5.778458806349E1,1.666179188429E2));
#1874=CARTESIAN_POINT('',(-2.021783229809E2,5.778978890031E1,1.676169740558E2));
#1875=CARTESIAN_POINT('',(-2.034214410845E2,5.779398429174E1,1.688539128568E2));
#1876=CARTESIAN_POINT('',(-2.044300768529E2,5.779462226233E1,1.702897949975E2));
#1877=CARTESIAN_POINT('',(-2.051722764711E2,5.780532971720E1,1.718791991862E2));
#1878=CARTESIAN_POINT('',(-2.056248705985E2,5.780232808017E1,1.735709851459E2));
#1879=CARTESIAN_POINT('',(-2.057253010771E2,5.781218140743E1,1.747278347207E2));
#1880=CARTESIAN_POINT('',(-2.057252878835E2,5.781554309276E1,1.753049404277E2));
#1882=CARTESIAN_POINT('',(-2.113585288959E2,4.148429931832E1,1.642454207160E2));
#1883=CARTESIAN_POINT('',(-2.113585259561E2,4.148662562888E1,1.642454301138E2));
#1884=CARTESIAN_POINT('',(-2.113589351779E2,4.149128257963E1,1.642452139818E2));
#1885=CARTESIAN_POINT('',(-2.113591031006E2,4.149818540298E1,1.642442554687E2));
#1886=CARTESIAN_POINT('',(-2.113594827647E2,4.150295518830E1,1.642440408160E2));
#1887=CARTESIAN_POINT('',(-2.113594765712E2,4.150528579452E1,1.642440503456E2));
#1889=CARTESIAN_POINT('',(-1.957645918508E2,5.706634481852E1,1.643268191510E2));
#1890=CARTESIAN_POINT('',(-1.957646129508E2,5.705658657102E1,1.644149745010E2));
#1891=CARTESIAN_POINT('',(-1.957646498470E2,5.704206903795E1,1.645760908101E2));
#1892=CARTESIAN_POINT('',(-1.957646756990E2,5.705844803307E1,1.647796544739E2));
#1893=CARTESIAN_POINT('',(-1.957647194918E2,5.714696713608E1,1.649808602427E2));
#1894=CARTESIAN_POINT('',(-1.957647493477E2,5.731415644472E1,1.651444681948E2));
#1895=CARTESIAN_POINT('',(-1.957647628495E2,5.750806183469E1,1.652442881868E2));
#1896=CARTESIAN_POINT('',(-1.957647799658E2,5.769112724399E1,1.653100204894E2));
#1897=CARTESIAN_POINT('',(-1.957647903315E2,5.778570644415E1,1.653440022470E2));
#1899=CARTESIAN_POINT('',(-2.036876066559E2,5.783488946708E1,1.813406493993E2));
#1900=CARTESIAN_POINT('',(-2.033189733959E2,5.782895408271E1,1.818247724746E2));
#1901=CARTESIAN_POINT('',(-2.024918212904E2,5.784708849204E1,1.827265391302E2));
#1902=CARTESIAN_POINT('',(-2.010193996645E2,5.786435647900E1,1.838328025208E2));
#1903=CARTESIAN_POINT('',(-1.993681488706E2,5.784724087279E1,1.846510898156E2));
#1904=CARTESIAN_POINT('',(-1.975962587528E2,5.786573402111E1,1.851527144800E2));
#1905=CARTESIAN_POINT('',(-1.957633138997E2,5.784526430239E1,1.853215583326E2));
#1906=CARTESIAN_POINT('',(-1.939305313415E2,5.786574485649E1,1.851522245847E2));
#1907=CARTESIAN_POINT('',(-1.921590727899E2,5.784721748010E1,1.846501929116E2));
#1908=CARTESIAN_POINT('',(-1.905090966341E2,5.786442350743E1,1.838321809541E2));
#1909=CARTESIAN_POINT('',(-1.890371286033E2,5.784683483438E1,1.827261019172E2));
#1910=CARTESIAN_POINT('',(-1.882103007266E2,5.782948399967E1,1.818246214318E2));
#1911=CARTESIAN_POINT('',(-1.878417865429E2,5.783540625691E1,1.813406499285E2));
#1913=CARTESIAN_POINT('',(-1.878417865429E2,5.783540625691E1,1.813406499285E2));
#1914=CARTESIAN_POINT('',(-1.876666903580E2,5.783822016394E1,1.811106952414E2));
#1915=CARTESIAN_POINT('',(-1.873336411928E2,5.773893994699E1,1.806337667198E2));
#1916=CARTESIAN_POINT('',(-1.868809927170E2,5.783057163921E1,1.798409204047E2));
#1917=CARTESIAN_POINT('',(-1.864957350338E2,5.782678463484E1,1.789914816795E2));
#1918=CARTESIAN_POINT('',(-1.861893319621E2,5.782076194144E1,1.781014810293E2));
#1919=CARTESIAN_POINT('',(-1.859675936382E2,5.781255949025E1,1.771828862129E2));
#1920=CARTESIAN_POINT('',(-1.858338674719E2,5.781305448783E1,1.762475179393E2));
#1921=CARTESIAN_POINT('',(-1.858041120544E2,5.781523657126E1,1.756191174127E2));
#1922=CARTESIAN_POINT('',(-1.858041048718E2,5.781554244245E1,1.753049404280E2));
#1924=CARTESIAN_POINT('',(-1.858041048718E2,5.781554244245E1,1.753049404280E2));
#1925=CARTESIAN_POINT('',(-1.856881914218E2,5.700341554725E1,1.752216867344E2));
#1926=CARTESIAN_POINT('',(-1.854553858614E2,5.537590069908E1,1.750532625111E2));
#1927=CARTESIAN_POINT('',(-1.850742065066E2,5.298326122191E1,1.746917211114E2));
#1928=CARTESIAN_POINT('',(-1.846264551838E2,5.072727383262E1,1.740987323694E2));
#1929=CARTESIAN_POINT('',(-1.840685898158E2,4.865463594848E1,1.731373305977E2));
#1930=CARTESIAN_POINT('',(-1.834258772060E2,4.691415400668E1,1.718362320488E2));
#1931=CARTESIAN_POINT('',(-1.827066577705E2,4.541190305046E1,1.702472705450E2));
#1932=CARTESIAN_POINT('',(-1.819103969737E2,4.404709739889E1,1.683999962386E2));
#1933=CARTESIAN_POINT('',(-1.810698987972E2,4.277262513464E1,1.664016174378E2));
#1934=CARTESIAN_POINT('',(-1.804944859119E2,4.194511768634E1,1.650226713177E2));
#1935=CARTESIAN_POINT('',(-1.802051276661E2,4.153321669361E1,1.643279141035E2));
#1937=CARTESIAN_POINT('',(-1.802051276661E2,4.153321669361E1,1.643279141035E2));
#1938=CARTESIAN_POINT('',(-1.802051183667E2,4.152976506278E1,1.643278971665E2));
#1939=CARTESIAN_POINT('',(-1.802053340728E2,4.152284012720E1,1.643277159219E2));
#1940=CARTESIAN_POINT('',(-1.802053158246E2,4.151249183936E1,1.643276672625E2));
#1941=CARTESIAN_POINT('',(-1.802050693145E2,4.150538489531E1,1.643277521912E2));
#1942=CARTESIAN_POINT('',(-1.802050669656E2,4.150189819509E1,1.643277351478E2));
#1944=CARTESIAN_POINT('',(-2.113585288959E2,4.148429931832E1,1.642454207160E2));
#1945=CARTESIAN_POINT('',(-2.110318486095E2,4.194899038290E1,1.650298600989E2));
#1946=CARTESIAN_POINT('',(-2.103824544630E2,4.288300788390E1,1.665866188671E2));
#1947=CARTESIAN_POINT('',(-2.094392525489E2,4.432767512449E1,1.688250079042E2));
#1948=CARTESIAN_POINT('',(-2.085570254038E2,4.591456982009E1,1.708498637872E2));
#1949=CARTESIAN_POINT('',(-2.077944049011E2,4.766451934461E1,1.724878719614E2));
#1950=CARTESIAN_POINT('',(-2.070997473007E2,4.988170336893E1,1.737938841950E2));
#1951=CARTESIAN_POINT('',(-2.065614438951E2,5.236756437176E1,1.745752726981E2));
#1952=CARTESIAN_POINT('',(-2.061196449451E2,5.505509544169E1,1.750207063334E2));
#1953=CARTESIAN_POINT('',(-2.058564054924E2,5.689689102020E1,1.752107257080E2));
#1954=CARTESIAN_POINT('',(-2.057252878835E2,5.781554309276E1,1.753049404277E2));
#1956=CARTESIAN_POINT('',(-2.057252878835E2,5.781554309276E1,1.753049404277E2));
#1957=CARTESIAN_POINT('',(-2.057252807026E2,5.781523729036E1,1.756190456783E2));
#1958=CARTESIAN_POINT('',(-2.056955392399E2,5.781305442268E1,1.762473125813E2));
#1959=CARTESIAN_POINT('',(-2.055618621011E2,5.781256065145E1,1.771825348404E2));
#1960=CARTESIAN_POINT('',(-2.053401996323E2,5.782074976822E1,1.781009806109E2));
#1961=CARTESIAN_POINT('',(-2.050339396893E2,5.782680238284E1,1.789907514179E2));
#1962=CARTESIAN_POINT('',(-2.046488393728E2,5.783051994999E1,1.798400505352E2));
#1963=CARTESIAN_POINT('',(-2.041962485334E2,5.773926000923E1,1.806330049103E2));
#1964=CARTESIAN_POINT('',(-2.038628998571E2,5.783771187255E1,1.811104382576E2));
#1965=CARTESIAN_POINT('',(-2.036876066559E2,5.783488946708E1,1.813406493993E2));
#1967=CARTESIAN_POINT('',(-1.858041048718E2,5.781554244245E1,1.753049404280E2));
#1968=CARTESIAN_POINT('',(-1.858040916823E2,5.781218177654E1,1.747280094805E2));
#1969=CARTESIAN_POINT('',(-1.859044728163E2,5.780232724189E1,1.735713616724E2));
#1970=CARTESIAN_POINT('',(-1.863569441127E2,5.780533161710E1,1.718795789924E2));
#1971=CARTESIAN_POINT('',(-1.870994830984E2,5.779462076500E1,1.702894668133E2));
#1972=CARTESIAN_POINT('',(-1.881080196942E2,5.779398466327E1,1.688538701588E2));
#1973=CARTESIAN_POINT('',(-1.893510610495E2,5.778978866688E1,1.676169619518E2));
#1974=CARTESIAN_POINT('',(-1.907878356903E2,5.778458763526E1,1.666178756550E2));
#1975=CARTESIAN_POINT('',(-1.923707470494E2,5.778722914380E1,1.658864274309E2));
#1976=CARTESIAN_POINT('',(-1.940491935633E2,5.778192169858E1,1.654422403929E2));
#1977=CARTESIAN_POINT('',(-1.951941341139E2,5.778511471854E1,1.653439968642E2));
#1978=CARTESIAN_POINT('',(-1.957647903315E2,5.778570644415E1,1.653440022470E2));
#1980=CARTESIAN_POINT('',(-1.957645918508E2,5.706634481852E1,1.643268191510E2));
#1981=CARTESIAN_POINT('',(-1.957628163423E2,5.706634416872E1,1.643268188316E2));
#1982=CARTESIAN_POINT('',(-1.957566774575E2,5.706620028213E1,1.643268347590E2));
#1983=CARTESIAN_POINT('',(-1.957549019473E2,5.706619902946E1,1.643268343804E2));
#1985=CARTESIAN_POINT('',(-1.957549019473E2,5.706619902946E1,1.643268343804E2));
#1986=CARTESIAN_POINT('',(-1.953210075736E2,5.706554760446E1,1.643298613140E2));
#1987=CARTESIAN_POINT('',(-1.944612227141E2,5.702905445406E1,1.643312720585E2));
#1988=CARTESIAN_POINT('',(-1.931458811666E2,5.686380494632E1,1.643202554840E2));
#1989=CARTESIAN_POINT('',(-1.918719639055E2,5.659376038230E1,1.643064339140E2));
#1990=CARTESIAN_POINT('',(-1.906760295919E2,5.623318374501E1,1.643038617716E2));
#1991=CARTESIAN_POINT('',(-1.896388854230E2,5.583113112322E1,1.642949247542E2));
#1992=CARTESIAN_POINT('',(-1.887687034725E2,5.542900996620E1,1.642754914373E2));
#1993=CARTESIAN_POINT('',(-1.879656478222E2,5.499353931873E1,1.642838442373E2));
#1994=CARTESIAN_POINT('',(-1.871663747579E2,5.448975638169E1,1.643255836116E2));
#1995=CARTESIAN_POINT('',(-1.862793220824E2,5.385238831099E1,1.643576769481E2));
#1996=CARTESIAN_POINT('',(-1.853247846188E2,5.305833616083E1,1.643659421662E2));
#1997=CARTESIAN_POINT('',(-1.843942331819E2,5.214436247120E1,1.643643115540E2));
#1998=CARTESIAN_POINT('',(-1.835461047359E2,5.116274268102E1,1.643472319901E2));
#1999=CARTESIAN_POINT('',(-1.827893574166E2,5.012449616748E1,1.643337649662E2));
#2000=CARTESIAN_POINT('',(-1.821246987007E2,4.902875617944E1,1.643337483492E2));
#2001=CARTESIAN_POINT('',(-1.815497706947E2,4.787342388785E1,1.643396386264E2));
#2002=CARTESIAN_POINT('',(-1.810678559943E2,4.666021695366E1,1.643432989648E2));
#2003=CARTESIAN_POINT('',(-1.806867910288E2,4.540141416243E1,1.643434571224E2));
#2004=CARTESIAN_POINT('',(-1.804108813744E2,4.411445304755E1,1.643384843593E2));
#2005=CARTESIAN_POINT('',(-1.802440248385E2,4.281644078877E1,1.643321373106E2));
#2006=CARTESIAN_POINT('',(-1.802063202870E2,4.195908356940E1,1.643291013927E2));
#2007=CARTESIAN_POINT('',(-1.802051276661E2,4.153321669361E1,1.643279141035E2));
#2009=CARTESIAN_POINT('',(-2.182923665732E2,4.114454073773E1,1.550048088414E2));
#2010=CARTESIAN_POINT('',(-2.182885823556E2,4.176420923053E1,1.550092779957E2));
#2011=CARTESIAN_POINT('',(-2.182239569874E2,4.293983228935E1,1.550207069102E2));
#2012=CARTESIAN_POINT('',(-2.180332348043E2,4.416533925108E1,1.550326143533E2));
#2013=CARTESIAN_POINT('',(-2.179147870402E2,4.477164232378E1,1.550448570824E2));
#2014=CARTESIAN_POINT('',(-2.179025660320E2,4.483064754825E1,1.550457640146E2));
#2016=CARTESIAN_POINT('',(-2.179018338110E2,4.483050467187E1,1.550452388301E2));
#2017=CARTESIAN_POINT('',(-2.178964967678E2,4.485627500233E1,1.550456334941E2));
#2018=CARTESIAN_POINT('',(-2.177513745513E2,4.554972801598E1,1.550563196977E2));
#2019=CARTESIAN_POINT('',(-2.173906819226E2,4.689313319156E1,1.550805111758E2));
#2020=CARTESIAN_POINT('',(-2.166584986096E2,4.878439192073E1,1.551230445804E2));
#2021=CARTESIAN_POINT('',(-2.157384578132E2,5.056179092123E1,1.551774243291E2));
#2022=CARTESIAN_POINT('',(-2.146313668964E2,5.222368224649E1,1.552482368469E2));
#2023=CARTESIAN_POINT('',(-2.133389089668E2,5.377984745244E1,1.553275476876E2));
#2024=CARTESIAN_POINT('',(-2.118821441665E2,5.520004305545E1,1.554142820611E2));
#2025=CARTESIAN_POINT('',(-2.102956496298E2,5.645237145298E1,1.555073354246E2));
#2026=CARTESIAN_POINT('',(-2.086130816283E2,5.751496894761E1,1.556098859664E2));
#2027=CARTESIAN_POINT('',(-2.068431132942E2,5.838478308593E1,1.557286830125E2));
#2028=CARTESIAN_POINT('',(-2.049783908942E2,5.907555054583E1,1.558537867018E2));
#2029=CARTESIAN_POINT('',(-2.030582811756E2,5.957409092395E1,1.559807409672E2));
#2030=CARTESIAN_POINT('',(-2.011576684497E2,5.986958703052E1,1.561082665139E2));
#2031=CARTESIAN_POINT('',(-1.999101313949E2,5.994311603904E1,1.561942296028E2));
#2032=CARTESIAN_POINT('',(-1.993077902368E2,5.995104829773E1,1.562350247883E2));
#2033=CARTESIAN_POINT('',(-1.993077901231E2,5.995104829923E1,1.562350247960E2));
#2035=CARTESIAN_POINT('',(-1.993077989320E2,5.995127694573E1,1.562351052732E2));
#2036=CARTESIAN_POINT('',(-1.992290122673E2,5.995217699257E1,1.562408104535E2));
#2037=CARTESIAN_POINT('',(-1.990722103953E2,5.995251995279E1,1.562524746765E2));
#2038=CARTESIAN_POINT('',(-1.988311269218E2,5.995153125252E1,1.562688523004E2));
#2039=CARTESIAN_POINT('',(-1.986715964397E2,5.994757798107E1,1.562822211608E2));
#2040=CARTESIAN_POINT('',(-1.985908110976E2,5.994553683996E1,1.562880559552E2));
#2042=DIRECTION('',(3.151887262627E-1,-3.200154761250E-1,8.934462277481E-1));
#2043=VECTOR('',#2042,8.997495512915E0);
#2044=CARTESIAN_POINT('',(-1.985908110976E2,5.994553683996E1,1.562880559552E2));
#2045=LINE('',#2044,#2043);
#2046=CARTESIAN_POINT('',(-1.957645918508E2,5.706634481852E1,1.643268191510E2));
#2047=CARTESIAN_POINT('',(-1.965699628501E2,5.706795405745E1,1.643217366836E2));
#2048=CARTESIAN_POINT('',(-1.981842988114E2,5.694561600167E1,1.643127802244E2));
#2049=CARTESIAN_POINT('',(-2.005632083818E2,5.638785576379E1,1.642917807873E2));
#2050=CARTESIAN_POINT('',(-2.028242537002E2,5.545530169398E1,1.642983735366E2));
#2051=CARTESIAN_POINT('',(-2.049719565280E2,5.414954524692E1,1.642835412100E2));
#2052=CARTESIAN_POINT('',(-2.068639974987E2,5.254014982990E1,1.642595817895E2));
#2053=CARTESIAN_POINT('',(-2.084556922289E2,5.065592131196E1,1.642679887975E2));
#2054=CARTESIAN_POINT('',(-2.097545222458E2,4.851255652587E1,1.642635881077E2));
#2055=CARTESIAN_POINT('',(-2.106842858979E2,4.624908217941E1,1.642446641482E2));
#2056=CARTESIAN_POINT('',(-2.112342919335E2,4.390471334862E1,1.642456269267E2));
#2057=CARTESIAN_POINT('',(-2.113590722013E2,4.230390006760E1,1.642440334826E2));
#2058=CARTESIAN_POINT('',(-2.113594765712E2,4.150528579452E1,1.642440503456E2));
#2060=DIRECTION('',(-5.998991458111E-1,-3.121507067916E-2,-7.994664684761E-1));
#2061=VECTOR('',#2060,1.155675924945E1);
#2062=CARTESIAN_POINT('',(-2.113594765712E2,4.150528579452E1,1.642440503456E2));
#2063=LINE('',#2062,#2061);
#2064=CARTESIAN_POINT('',(-2.182923665732E2,4.114454073773E1,1.550048088414E2));
#2065=CARTESIAN_POINT('',(-2.186828991181E2,4.114332686242E1,1.544843537473E2));
#2066=CARTESIAN_POINT('',(-2.195958071424E2,4.114022637631E1,1.535202900839E2));
#2067=CARTESIAN_POINT('',(-2.207083898691E2,4.113809481370E1,1.527931769780E2));
#2068=CARTESIAN_POINT('',(-2.212907112146E2,4.113708636801E1,1.525021211580E2));
#2070=CARTESIAN_POINT('',(-2.208614271531E2,4.537643193782E1,1.524996145075E2));
#2071=CARTESIAN_POINT('',(-2.202853539300E2,4.526878352708E1,1.527960503319E2));
#2072=CARTESIAN_POINT('',(-2.191831148744E2,4.506429643919E1,1.535352945578E2));
#2073=CARTESIAN_POINT('',(-2.182857458806E2,4.489995965786E1,1.545169042752E2));
#2074=CARTESIAN_POINT('',(-2.179025660320E2,4.483064754825E1,1.550457640146E2));
#2076=CARTESIAN_POINT('',(-2.182923729555E2,4.114454067272E1,1.550047857251E2));
#2077=CARTESIAN_POINT('',(-2.182924164224E2,4.113783807040E1,1.550047280271E2));
#2078=CARTESIAN_POINT('',(-2.182926398008E2,4.112492437925E1,1.550044221105E2));
#2079=CARTESIAN_POINT('',(-2.182926163595E2,4.110401953008E1,1.550044096400E2));
#2080=CARTESIAN_POINT('',(-2.182927205563E2,4.109112104774E1,1.550042252541E2));
#2081=CARTESIAN_POINT('',(-2.182927313113E2,4.108435236E1,1.550041823391E2));
#2082=CARTESIAN_POINT('',(-2.182927313113E2,4.108435235909E1,1.550041823391E2));
#2084=CARTESIAN_POINT('',(-2.113585288959E2,4.148429931832E1,1.642454207160E2));
#2085=CARTESIAN_POINT('',(-2.113583522539E2,4.067174408358E1,1.642437418173E2));
#2086=CARTESIAN_POINT('',(-2.112305414106E2,3.904996050907E1,1.642412145882E2));
#2087=CARTESIAN_POINT('',(-2.106745067473E2,3.668349931826E1,1.642246524156E2));
#2088=CARTESIAN_POINT('',(-2.097451384188E2,3.444443671028E1,1.642417443466E2));
#2089=CARTESIAN_POINT('',(-2.084196161625E2,3.227569824084E1,1.642445998463E2));
#2090=CARTESIAN_POINT('',(-2.068732310391E2,3.042903591937E1,1.641938579799E2));
#2091=CARTESIAN_POINT('',(-2.051414234944E2,2.895426017228E1,1.642284425432E2));
#2092=CARTESIAN_POINT('',(-2.037493920397E2,2.807297774949E1,1.642345876654E2));
#2093=CARTESIAN_POINT('',(-2.030070951755E2,2.768734688189E1,1.642399037795E2));
#2095=CARTESIAN_POINT('',(-2.030070951755E2,2.768734688189E1,1.642399037795E2));
#2096=CARTESIAN_POINT('',(-2.022557072275E2,2.730806918636E1,1.642617474773E2));
#2097=CARTESIAN_POINT('',(-2.007012863089E2,2.666224048433E1,1.642920318825E2));
#2098=CARTESIAN_POINT('',(-1.982390721246E2,2.604013947232E1,1.642534054410E2));
#2099=CARTESIAN_POINT('',(-1.965896454299E2,2.591336989333E1,1.642547719791E2));
#2100=CARTESIAN_POINT('',(-1.957715160069E2,2.591392319307E1,1.642552280872E2));
#2102=DIRECTION('',(-3.079295919983E-1,-3.805135397968E-1,-8.720027594011E-1));
#2103=VECTOR('',#2102,9.473073905261E0);
#2104=CARTESIAN_POINT('',(-1.957715160069E2,2.591392319307E1,1.642552280872E2));
#2105=LINE('',#2104,#2103);
#2106=CARTESIAN_POINT('',(-1.986885557895E2,2.230929030862E1,1.559946815018E2));
#2107=CARTESIAN_POINT('',(-1.987612651057E2,2.230707428512E1,1.559895983238E2));
#2108=CARTESIAN_POINT('',(-1.989079400596E2,2.230276005787E1,1.559786369126E2));
#2109=CARTESIAN_POINT('',(-1.991373071427E2,2.230019189835E1,1.559633449541E2));
#2110=CARTESIAN_POINT('',(-1.992902357740E2,2.229981449397E1,1.559526607314E2));
#2111=CARTESIAN_POINT('',(-1.993693021819E2,2.230022100167E1,1.559472511899E2));
#2113=CARTESIAN_POINT('',(-1.993692991352E2,2.230029360720E1,1.559472315515E2));
#2114=CARTESIAN_POINT('',(-1.993692991585E2,2.230029360736E1,1.559472315500E2));
#2115=CARTESIAN_POINT('',(-1.999775305282E2,2.230453120003E1,1.559080721032E2));
#2116=CARTESIAN_POINT('',(-2.012395950418E2,2.237252438970E1,1.558272848863E2));
#2117=CARTESIAN_POINT('',(-2.031534505245E2,2.266514623763E1,1.557121749014E2));
#2118=CARTESIAN_POINT('',(-2.050805634161E2,2.316391187981E1,1.556013981709E2));
#2119=CARTESIAN_POINT('',(-2.069418105876E2,2.385349874037E1,1.554954143032E2));
#2120=CARTESIAN_POINT('',(-2.087070613246E2,2.472240029828E1,1.553970062331E2));
#2121=CARTESIAN_POINT('',(-2.103779178734E2,2.578018982182E1,1.553146137411E2));
#2122=CARTESIAN_POINT('',(-2.119506433064E2,2.702564673463E1,1.552426223882E2));
#2123=CARTESIAN_POINT('',(-2.133925859861E2,2.843680951415E1,1.551778422049E2));
#2124=CARTESIAN_POINT('',(-2.146708956537E2,2.998235441672E1,1.551207757717E2));
#2125=CARTESIAN_POINT('',(-2.157647251710E2,3.163260652329E1,1.550728981768E2));
#2126=CARTESIAN_POINT('',(-2.164572111167E2,3.297651041177E1,1.550483157132E2));
#2127=CARTESIAN_POINT('',(-2.167956206150E2,3.376224015592E1,1.550373922165E2));
#2128=CARTESIAN_POINT('',(-2.168705808242E2,3.394411878785E1,1.550350211404E2));
#2130=CARTESIAN_POINT('',(-2.168708334486E2,3.394401752421E1,1.550351683860E2));
#2131=CARTESIAN_POINT('',(-2.171272388801E2,3.456613921709E1,1.550270407863E2));
#2132=CARTESIAN_POINT('',(-2.176315146870E2,3.600560964665E1,1.550120130442E2));
#2133=CARTESIAN_POINT('',(-2.181600589123E2,3.839942304602E1,1.549980142280E2));
#2134=CARTESIAN_POINT('',(-2.182925366070E2,4.016665884391E1,1.550005674558E2));
#2135=CARTESIAN_POINT('',(-2.182927415834E2,4.108435232331E1,1.550041896391E2));
#2137=CARTESIAN_POINT('',(-1.799064082361E2,4.123691766054E1,1.575638167797E2));
#2138=CARTESIAN_POINT('',(-1.799064103845E2,4.122672344564E1,1.575637046840E2));
#2139=CARTESIAN_POINT('',(-1.799066342371E2,4.120970402334E1,1.575631423980E2));
#2140=CARTESIAN_POINT('',(-1.799067006909E2,4.117414466140E1,1.575630307324E2));
#2141=CARTESIAN_POINT('',(-1.799066431299E2,4.115538701531E1,1.575625410782E2));
#2142=CARTESIAN_POINT('',(-1.799067024487E2,4.114416332979E1,1.575624060810E2));
#2144=CARTESIAN_POINT('',(-1.799067024487E2,4.114416332979E1,1.575624060810E2));
#2145=CARTESIAN_POINT('',(-1.799099078086E2,4.057269958820E1,1.575593224042E2));
#2146=CARTESIAN_POINT('',(-1.799719997957E2,3.940113887216E1,1.575451053479E2));
#2147=CARTESIAN_POINT('',(-1.802365721519E2,3.763087643489E1,1.575106909911E2));
#2148=CARTESIAN_POINT('',(-1.806811602251E2,3.586060075537E1,1.574617619854E2));
#2149=CARTESIAN_POINT('',(-1.812937456212E2,3.414618144636E1,1.573957712313E2));
#2150=CARTESIAN_POINT('',(-1.820618149587E2,3.251430261061E1,1.573159792370E2));
#2151=CARTESIAN_POINT('',(-1.829820806980E2,3.096911803112E1,1.572274714372E2));
#2152=CARTESIAN_POINT('',(-1.840631108423E2,2.949782433604E1,1.571345899423E2));
#2153=CARTESIAN_POINT('',(-1.852938657158E2,2.812021688370E1,1.570293617105E2));
#2154=CARTESIAN_POINT('',(-1.866544422936E2,2.686053100956E1,1.569129935227E2));
#2155=CARTESIAN_POINT('',(-1.881227313360E2,2.573866409017E1,1.567866362666E2));
#2156=CARTESIAN_POINT('',(-1.896769456577E2,2.476799416341E1,1.566526381219E2));
#2157=CARTESIAN_POINT('',(-1.913353100345E2,2.394306023143E1,1.565231224793E2));
#2158=CARTESIAN_POINT('',(-1.930908397549E2,2.327027449206E1,1.563934938554E2));
#2159=CARTESIAN_POINT('',(-1.949241198614E2,2.276126273849E1,1.562602888732E2));
#2160=CARTESIAN_POINT('',(-1.967968427429E2,2.242953090789E1,1.561272636564E2));
#2161=CARTESIAN_POINT('',(-1.980590086797E2,2.232877262464E1,1.560384599637E2));
#2162=CARTESIAN_POINT('',(-1.986885557895E2,2.230929030862E1,1.559946815018E2));
#2164=CARTESIAN_POINT('',(-1.957715160069E2,2.591392319307E1,1.642552280872E2));
#2165=CARTESIAN_POINT('',(-1.949611181581E2,2.591633079708E1,1.642617148772E2));
#2166=CARTESIAN_POINT('',(-1.933366586303E2,2.604471032061E1,1.642714239267E2));
#2167=CARTESIAN_POINT('',(-1.909082998852E2,2.663207378608E1,1.642808730168E2));
#2168=CARTESIAN_POINT('',(-1.886687950710E2,2.756395423492E1,1.642714408370E2));
#2169=CARTESIAN_POINT('',(-1.866074136908E2,2.882731943563E1,1.642855087536E2));
#2170=CARTESIAN_POINT('',(-1.847206585912E2,3.043876014214E1,1.643086718445E2));
#2171=CARTESIAN_POINT('',(-1.831176345153E2,3.231951132461E1,1.643000724828E2));
#2172=CARTESIAN_POINT('',(-1.818528639250E2,3.438822992405E1,1.643034519315E2));
#2173=CARTESIAN_POINT('',(-1.809130596589E2,3.664846481478E1,1.643264121776E2));
#2174=CARTESIAN_POINT('',(-1.803315059203E2,3.906613703462E1,1.643260949197E2));
#2175=CARTESIAN_POINT('',(-1.802054730776E2,4.069158231771E1,1.643278245153E2));
#2176=CARTESIAN_POINT('',(-1.802050669656E2,4.150189819509E1,1.643277351478E2));
#2178=DIRECTION('',(4.407796652971E-2,-3.910752299697E-2,-9.982623575552E-1));
#2179=VECTOR('',#2178,6.775692098266E0);
#2180=CARTESIAN_POINT('',(-1.802050669656E2,4.150189819509E1,1.643277351478E2));
#2181=LINE('',#2180,#2179);
#2182=CARTESIAN_POINT('',(-1.799064082361E2,4.123691766054E1,1.575638167797E2));
#2183=CARTESIAN_POINT('',(-1.798861815329E2,4.123473950950E1,1.571057649712E2));
#2184=CARTESIAN_POINT('',(-1.797707339589E2,4.123028781088E1,1.561858922540E2));
#2185=CARTESIAN_POINT('',(-1.793768242930E2,4.122365607145E1,1.548577768309E2));
#2186=CARTESIAN_POINT('',(-1.787740597495E2,4.121720737456E1,1.536105130323E2));
#2187=CARTESIAN_POINT('',(-1.782403988525E2,4.121313845839E1,1.528523759486E2));
#2188=CARTESIAN_POINT('',(-1.779470216875E2,4.121119965843E1,1.525000259318E2));
#2190=CARTESIAN_POINT('',(-1.779470204841E2,4.109511670542E1,1.525000291984E2));
#2191=CARTESIAN_POINT('',(-1.785259910641E2,4.110377849682E1,1.531952712180E2));
#2192=CARTESIAN_POINT('',(-1.794875964591E2,4.112078372604E1,1.548141954941E2));
#2193=CARTESIAN_POINT('',(-1.798666125759E2,4.113731617659E1,1.566585495188E2));
#2194=CARTESIAN_POINT('',(-1.799067024487E2,4.114416332979E1,1.575624060810E2));
#2196=CARTESIAN_POINT('',(-1.985908110976E2,5.994553683996E1,1.562880559552E2));
#2197=CARTESIAN_POINT('',(-1.986142410986E2,6.012143516968E1,1.557969456755E2));
#2198=CARTESIAN_POINT('',(-1.986615149207E2,6.056920883603E1,1.548375637531E2));
#2199=CARTESIAN_POINT('',(-1.987292605027E2,6.148850952952E1,1.535558319069E2));
#2200=CARTESIAN_POINT('',(-1.987714930607E2,6.225394679315E1,1.528241861610E2));
#2201=CARTESIAN_POINT('',(-1.987911723619E2,6.266286696061E1,1.524999991923E2));
#2203=CARTESIAN_POINT('',(-1.985908110976E2,5.994553683996E1,1.562880559552E2));
#2204=CARTESIAN_POINT('',(-1.979713375632E2,5.992871256181E1,1.563339207873E2));
#2205=CARTESIAN_POINT('',(-1.967283358018E2,5.983575833841E1,1.564258191807E2));
#2206=CARTESIAN_POINT('',(-1.948734739602E2,5.951926717058E1,1.565600538649E2));
#2207=CARTESIAN_POINT('',(-1.930536456407E2,5.902750828904E1,1.566908169527E2));
#2208=CARTESIAN_POINT('',(-1.913072481764E2,5.837266730486E1,1.568142389636E2));
#2209=CARTESIAN_POINT('',(-1.896551478843E2,5.756594699654E1,1.569335467497E2));
#2210=CARTESIAN_POINT('',(-1.881039742524E2,5.661267193752E1,1.570537122296E2));
#2211=CARTESIAN_POINT('',(-1.866368776035E2,5.550611659225E1,1.571630996135E2));
#2212=CARTESIAN_POINT('',(-1.852760228921E2,5.425891296262E1,1.572593764621E2));
#2213=CARTESIAN_POINT('',(-1.840443287346E2,5.289065292209E1,1.573417075068E2));
#2214=CARTESIAN_POINT('',(-1.829621732357E2,5.142514522768E1,1.574092383078E2));
#2215=CARTESIAN_POINT('',(-1.820412263961E2,4.988282187181E1,1.574697447685E2));
#2216=CARTESIAN_POINT('',(-1.812735655362E2,4.825047510869E1,1.575202637107E2));
#2217=CARTESIAN_POINT('',(-1.806632463713E2,4.653340237698E1,1.575562630866E2));
#2218=CARTESIAN_POINT('',(-1.802241430096E2,4.476389615915E1,1.575742276490E2));
#2219=CARTESIAN_POINT('',(-1.799649218940E2,4.299002496258E1,1.575777481598E2));
#2220=CARTESIAN_POINT('',(-1.799070714212E2,4.181421336643E1,1.575706632660E2));
#2221=CARTESIAN_POINT('',(-1.799064082361E2,4.123691766054E1,1.575638167797E2));
#2223=CARTESIAN_POINT('',(-1.993077989320E2,5.995127694573E1,1.562351052732E2));
#2224=CARTESIAN_POINT('',(-1.993529026741E2,6.021852690866E1,1.555120311355E2));
#2225=CARTESIAN_POINT('',(-1.994520675024E2,6.096487004183E1,1.541117244178E2));
#2226=CARTESIAN_POINT('',(-1.995606119511E2,6.206927256393E1,1.529751832752E2));
#2227=CARTESIAN_POINT('',(-1.996135903230E2,6.267653224990E1,1.525004743126E2));
#2229=CARTESIAN_POINT('',(-1.988636669993E2,1.948786476841E1,1.525000051523E2));
#2230=CARTESIAN_POINT('',(-1.988376352023E2,2.009551043967E1,1.529373767339E2));
#2231=CARTESIAN_POINT('',(-1.987805034416E2,2.121504506491E1,1.539920724540E2));
#2232=CARTESIAN_POINT('',(-1.987189498676E2,2.200997061230E1,1.553086112472E2));
#2233=CARTESIAN_POINT('',(-1.986885557895E2,2.230929030862E1,1.559946815018E2));
#2235=CARTESIAN_POINT('',(-1.996468430549E2,1.947525396901E1,1.525003049779E2));
#2236=CARTESIAN_POINT('',(-1.995988629377E2,2.008087950144E1,1.529306520456E2));
#2237=CARTESIAN_POINT('',(-1.995017773697E2,2.119758366568E1,1.539688716004E2));
#2238=CARTESIAN_POINT('',(-1.994106120835E2,2.199694929789E1,1.552689590853E2));
#2239=CARTESIAN_POINT('',(-1.993693021819E2,2.230022100167E1,1.559472511899E2));
#2241=CARTESIAN_POINT('',(-2.196727832093E2,3.285514378515E1,1.524998342418E2));
#2242=CARTESIAN_POINT('',(-2.191256520969E2,3.306939946345E1,1.527961382211E2));
#2243=CARTESIAN_POINT('',(-2.180835019129E2,3.347556184292E1,1.535334829509E2));
#2244=CARTESIAN_POINT('',(-2.172332681086E2,3.380457807058E1,1.545100599797E2));
#2245=CARTESIAN_POINT('',(-2.168708334486E2,3.394401752421E1,1.550351683860E2));
#2247=CARTESIAN_POINT('',(-2.212921528196E2,4.106527603715E1,1.525016904461E2));
#2248=CARTESIAN_POINT('',(-2.207098378387E2,4.106864181701E1,1.527926373920E2));
#2249=CARTESIAN_POINT('',(-2.195967261128E2,4.107497822241E1,1.535195537307E2));
#2250=CARTESIAN_POINT('',(-2.186834376957E2,4.108141299784E1,1.544835988528E2));
#2251=CARTESIAN_POINT('',(-2.182927415834E2,4.108435232331E1,1.550041896391E2));
#2253=CARTESIAN_POINT('',(-1.957646963775E2,5.808811203811E1,1.753045988586E2));
#2254=DIRECTION('',(0.E0,-1.E0,0.E0));
#2255=DIRECTION('',(1.250399512876E-1,0.E0,9.921517074430E-1));
#2256=AXIS2_PLACEMENT_3D('',#2253,#2254,#2255);
#2258=CARTESIAN_POINT('',(-1.957646963775E2,5.808811203811E1,1.753045988586E2));
#2259=DIRECTION('',(0.E0,1.E0,0.E0));
#2260=DIRECTION('',(-6.988048770238E-2,0.E0,9.975553706128E-1));
#2261=AXIS2_PLACEMENT_3D('',#2258,#2259,#2260);
#2263=DIRECTION('',(-1.250399512240E-1,-2.984279490245E-13,-9.921517074510E-1));
#2264=VECTOR('',#2263,4.999999999912E-1);
#2265=CARTESIAN_POINT('',(-1.944567038841E2,5.808811203811E1,1.856830976687E2));
#2266=LINE('',#2265,#2264);
#2267=DIRECTION('',(6.988048775457E-2,-3.126388037141E-13,-9.975553706092E-1));
#2268=VECTOR('',#2267,5.000000000325E-1);
#2269=CARTESIAN_POINT('',(-1.964956879719E2,5.808811203811E1,1.857396232095E2));
#2270=LINE('',#2269,#2268);
#2271=CARTESIAN_POINT('',(-1.957646963775E2,6.408811203811E1,1.753045988586E2));
#2272=DIRECTION('',(0.E0,1.E0,0.E0));
#2273=DIRECTION('',(-6.988048770211E-2,0.E0,9.975553706128E-1));
#2274=AXIS2_PLACEMENT_3D('',#2271,#2272,#2273);
#2276=DIRECTION('',(1.250399512240E-1,-1.534772309269E-12,9.921517074510E-1));
#2277=VECTOR('',#2276,4.999999999912E-1);
#2278=CARTESIAN_POINT('',(-1.945192238597E2,6.408811203811E1,1.851870218150E2));
#2279=LINE('',#2278,#2277);
#2280=CARTESIAN_POINT('',(-1.957646963775E2,6.408811203811E1,1.753045988586E2));
#2281=DIRECTION('',(0.E0,-1.E0,0.E0));
#2282=DIRECTION('',(1.250399512872E-1,0.E0,9.921517074430E-1));
#2283=AXIS2_PLACEMENT_3D('',#2280,#2281,#2282);
#2285=DIRECTION('',(6.988048775463E-2,1.534772309142E-12,-9.975553706092E-1));
#2286=VECTOR('',#2285,5.000000000325E-1);
#2287=CARTESIAN_POINT('',(-1.964956879719E2,6.408811203811E1,1.857396232095E2));
#2288=LINE('',#2287,#2286);
#2289=DIRECTION('',(0.E0,1.E0,0.E0));
#2290=VECTOR('',#2289,5.999999999999E0);
#2291=CARTESIAN_POINT('',(-1.964956879719E2,5.808811203811E1,1.857396232095E2));
#2292=LINE('',#2291,#2290);
#2293=DIRECTION('',(0.E0,-1.E0,0.E0));
#2294=VECTOR('',#2293,6.E0);
#2295=CARTESIAN_POINT('',(-1.944567038841E2,6.408811203811E1,1.856830976687E2));
#2296=LINE('',#2295,#2294);
#2297=CARTESIAN_POINT('',(-1.957646963775E2,9.330278609964E1,1.753045988586E2));
#2298=DIRECTION('',(0.E0,1.E0,0.E0));
#2299=DIRECTION('',(0.E0,0.E0,1.E0));
#2300=AXIS2_PLACEMENT_3D('',#2297,#2298,#2299);
#2302=CARTESIAN_POINT('',(-1.957646963775E2,9.330278609964E1,1.753045988586E2));
#2303=DIRECTION('',(0.E0,1.E0,0.E0));
#2304=DIRECTION('',(1.795434617895E-2,0.E0,9.998388077352E-1));
#2305=AXIS2_PLACEMENT_3D('',#2302,#2303,#2304);
#2307=DIRECTION('',(4.886077927781E-12,-9.999844751771E-1,-5.572199274498E-3));
#2308=VECTOR('',#2307,3.539569045771E1);
#2309=CARTESIAN_POINT('',(-1.957646963780E2,9.330278609964E1,1.842624248735E2));
#2310=LINE('',#2309,#2308);
#2311=CARTESIAN_POINT('',(-1.915098453280E2,5.790482085733E1,1.829627534039E2));
#2312=CARTESIAN_POINT('',(-1.910573144304E2,5.790604215427E1,1.827113283964E2));
#2313=CARTESIAN_POINT('',(-1.901970733294E2,5.790903511412E1,1.821278275440E2));
#2314=CARTESIAN_POINT('',(-1.890809896505E2,5.790783216441E1,1.810391168663E2));
#2315=CARTESIAN_POINT('',(-1.881744719906E2,5.790815452348E1,1.797705453999E2));
#2316=CARTESIAN_POINT('',(-1.875058537421E2,5.790806803690E1,1.783620186323E2));
#2317=CARTESIAN_POINT('',(-1.870961147118E2,5.790809162415E1,1.768576464609E2));
#2318=CARTESIAN_POINT('',(-1.870040997447E2,5.790808638254E1,1.758222848133E2));
#2319=CARTESIAN_POINT('',(-1.870040997447E2,5.790808638254E1,1.753045988586E2));
#2321=CARTESIAN_POINT('',(-1.957646963775E2,5.790808638254E1,1.753045988586E2));
#2322=DIRECTION('',(0.E0,1.E0,0.E0));
#2323=DIRECTION('',(1.E0,0.E0,0.E0));
#2324=AXIS2_PLACEMENT_3D('',#2321,#2322,#2323);
#2326=DIRECTION('',(-8.217706633051E-12,9.999844751771E-1,-5.572199274510E-3));
#2327=VECTOR('',#2326,3.539524922208E1);
#2328=CARTESIAN_POINT('',(-1.957646963775E2,5.790808638254E1,1.665440022258E2));
#2329=LINE('',#2328,#2327);
#2330=DIRECTION('',(0.E0,0.E0,-1.E0));
#2331=VECTOR('',#2330,1.5E0);
#2332=CARTESIAN_POINT('',(-1.866E2,1.015E1,1.525E2));
#2333=LINE('',#2332,#2331);
#2334=DIRECTION('',(-1.894780628694E-14,0.E0,1.E0));
#2335=VECTOR('',#2334,1.5E0);
#2336=CARTESIAN_POINT('',(-1.866E2,1.445E1,1.51E2));
#2337=LINE('',#2336,#2335);
#2338=DIRECTION('',(0.E0,0.E0,-1.E0));
#2339=VECTOR('',#2338,1.5E0);
#2340=CARTESIAN_POINT('',(-1.87E2,1.445E1,1.525E2));
#2341=LINE('',#2340,#2339);
#2342=DIRECTION('',(0.E0,0.E0,1.E0));
#2343=VECTOR('',#2342,1.5E0);
#2344=CARTESIAN_POINT('',(-1.87E2,1.015E1,1.51E2));
#2345=LINE('',#2344,#2343);
#2346=DIRECTION('',(0.E0,0.E0,-1.E0));
#2347=VECTOR('',#2346,1.5E0);
#2348=CARTESIAN_POINT('',(-2.1095E2,8.4E1,1.525E2));
#2349=LINE('',#2348,#2347);
#2350=DIRECTION('',(0.E0,0.E0,1.E0));
#2351=VECTOR('',#2350,1.5E0);
#2352=CARTESIAN_POINT('',(-2.1525E2,8.4E1,1.51E2));
#2353=LINE('',#2352,#2351);
#2354=DIRECTION('',(0.E0,0.E0,-1.E0));
#2355=VECTOR('',#2354,1.5E0);
#2356=CARTESIAN_POINT('',(-2.1525E2,8.36E1,1.525E2));
#2357=LINE('',#2356,#2355);
#2358=DIRECTION('',(0.E0,0.E0,1.E0));
#2359=VECTOR('',#2358,1.5E0);
#2360=CARTESIAN_POINT('',(-2.1095E2,8.36E1,1.51E2));
#2361=LINE('',#2360,#2359);
#2362=DIRECTION('',(0.E0,0.E0,1.E0));
#2363=VECTOR('',#2362,1.5E0);
#2364=CARTESIAN_POINT('',(-2.131E2,1.03E1,1.51E2));
#2365=LINE('',#2364,#2363);
#2366=DIRECTION('',(0.E0,0.E0,-1.E0));
#2367=VECTOR('',#2366,1.5E0);
#2368=CARTESIAN_POINT('',(-2.131E2,1.43E1,1.525E2));
#2369=LINE('',#2368,#2367);
#2370=CARTESIAN_POINT('',(-1.7935E2,8.5E0,1.525E2));
#2371=CARTESIAN_POINT('',(-1.8055E2,7.3E0,1.525E2));
#2372=VERTEX_POINT('',#2370);
#2373=VERTEX_POINT('',#2371);
#2374=CARTESIAN_POINT('',(-2.2135E2,7.3E0,1.525E2));
#2375=VERTEX_POINT('',#2374);
#2376=CARTESIAN_POINT('',(-2.2135E2,3.077978813185E1,1.525E2));
#2377=VERTEX_POINT('',#2376);
#2378=CARTESIAN_POINT('',(-2.216E2,3.144122595961E1,1.525E2));
#2379=VERTEX_POINT('',#2378);
#2380=CARTESIAN_POINT('',(-2.221E2,3.276410161514E1,1.525E2));
#2381=VERTEX_POINT('',#2380);
#2382=CARTESIAN_POINT('',(-2.221E2,4.983589838486E1,1.525E2));
#2383=VERTEX_POINT('',#2382);
#2384=CARTESIAN_POINT('',(-2.216E2,5.115877404039E1,1.525E2));
#2385=VERTEX_POINT('',#2384);
#2386=CARTESIAN_POINT('',(-2.2135E2,5.182021186814E1,1.525E2));
#2387=VERTEX_POINT('',#2386);
#2388=CARTESIAN_POINT('',(-2.2135E2,8.88E1,1.525E2));
#2389=VERTEX_POINT('',#2388);
#2390=CARTESIAN_POINT('',(-2.071E2,8.88E1,1.525E2));
#2391=VERTEX_POINT('',#2390);
#2392=CARTESIAN_POINT('',(-2.051E2,8.68E1,1.525E2));
#2393=VERTEX_POINT('',#2392);
#2394=CARTESIAN_POINT('',(-2.051E2,7.998331477355E1,1.525E2));
#2395=VERTEX_POINT('',#2394);
#2396=CARTESIAN_POINT('',(-2.069666666667E2,7.798776416727E1,1.525E2));
#2397=VERTEX_POINT('',#2396);
#2398=CARTESIAN_POINT('',(-2.080666666670E2,6.719916149200E1,1.525E2));
#2399=VERTEX_POINT('',#2398);
#2400=CARTESIAN_POINT('',(-2.066E2,6.527158385257E1,1.525E2));
#2401=VERTEX_POINT('',#2400);
#2402=CARTESIAN_POINT('',(-2.066E2,6.4E1,1.525E2));
#2403=VERTEX_POINT('',#2402);
#2404=CARTESIAN_POINT('',(-1.7835E2,6.4E1,1.525E2));
#2405=VERTEX_POINT('',#2404);
#2406=CARTESIAN_POINT('',(-1.7835E2,5.182021186815E1,1.525E2));
#2407=VERTEX_POINT('',#2406);
#2408=CARTESIAN_POINT('',(-1.781E2,5.115877404039E1,1.525E2));
#2409=VERTEX_POINT('',#2408);
#2410=CARTESIAN_POINT('',(-1.776E2,4.983589838486E1,1.525E2));
#2411=VERTEX_POINT('',#2410);
#2412=CARTESIAN_POINT('',(-1.776E2,3.276410161514E1,1.525E2));
#2413=VERTEX_POINT('',#2412);
#2414=CARTESIAN_POINT('',(-1.781E2,3.144122595961E1,1.525E2));
#2415=VERTEX_POINT('',#2414);
#2416=CARTESIAN_POINT('',(-1.7835E2,3.077978813186E1,1.525E2));
#2417=VERTEX_POINT('',#2416);
#2418=CARTESIAN_POINT('',(-1.7835E2,1.43E1,1.525E2));
#2419=VERTEX_POINT('',#2418);
#2420=CARTESIAN_POINT('',(-1.7935E2,1.43E1,1.525E2));
#2421=VERTEX_POINT('',#2420);
#2422=VERTEX_POINT('',#82);
#2423=VERTEX_POINT('',#87);
#2424=VERTEX_POINT('',#94);
#2425=VERTEX_POINT('',#101);
#2426=VERTEX_POINT('',#113);
#2427=VERTEX_POINT('',#120);
#2428=VERTEX_POINT('',#134);
#2429=VERTEX_POINT('',#141);
#2430=VERTEX_POINT('',#155);
#2431=VERTEX_POINT('',#162);
#2432=CARTESIAN_POINT('',(-1.866E2,1.445E1,1.525E2));
#2433=CARTESIAN_POINT('',(-1.87E2,1.445E1,1.525E2));
#2434=VERTEX_POINT('',#2432);
#2435=VERTEX_POINT('',#2433);
#2436=CARTESIAN_POINT('',(-1.87E2,1.015E1,1.525E2));
#2437=VERTEX_POINT('',#2436);
#2438=CARTESIAN_POINT('',(-1.866E2,1.015E1,1.525E2));
#2439=VERTEX_POINT('',#2438);
#2440=CARTESIAN_POINT('',(-2.131E2,8.615E1,1.525E2));
#2441=CARTESIAN_POINT('',(-2.1525E2,8.4E1,1.525E2));
#2442=VERTEX_POINT('',#2440);
#2443=VERTEX_POINT('',#2441);
#2444=CARTESIAN_POINT('',(-2.1095E2,8.4E1,1.525E2));
#2445=VERTEX_POINT('',#2444);
#2446=CARTESIAN_POINT('',(-2.1525E2,8.36E1,1.525E2));
#2447=VERTEX_POINT('',#2446);
#2448=CARTESIAN_POINT('',(-2.131E2,8.145E1,1.525E2));
#2449=CARTESIAN_POINT('',(-2.1095E2,8.36E1,1.525E2));
#2450=VERTEX_POINT('',#2448);
#2451=VERTEX_POINT('',#2449);
#2452=CARTESIAN_POINT('',(-2.131E2,1.03E1,1.525E2));
#2453=CARTESIAN_POINT('',(-2.131E2,1.43E1,1.525E2));
#2454=VERTEX_POINT('',#2452);
#2455=VERTEX_POINT('',#2453);
#2456=CARTESIAN_POINT('',(-1.7935E2,8.500000000004E0,1.51E2));
#2457=VERTEX_POINT('',#2456);
#2458=CARTESIAN_POINT('',(-1.8055E2,7.3E0,1.51E2));
#2459=VERTEX_POINT('',#2458);
#2460=CARTESIAN_POINT('',(-1.7935E2,1.43E1,1.51E2));
#2461=VERTEX_POINT('',#2460);
#2462=CARTESIAN_POINT('',(-1.7835E2,1.43E1,1.51E2));
#2463=VERTEX_POINT('',#2462);
#2464=CARTESIAN_POINT('',(-1.7935E2,1.549999999999E1,1.498E2));
#2465=VERTEX_POINT('',#2464);
#2466=CARTESIAN_POINT('',(-1.7835E2,1.55E1,1.498E2));
#2467=VERTEX_POINT('',#2466);
#2468=CARTESIAN_POINT('',(-1.7935E2,3.120285211554E1,1.498E2));
#2469=VERTEX_POINT('',#2468);
#2470=CARTESIAN_POINT('',(-1.7935E2,3.120285211554E1,1.51E2));
#2471=VERTEX_POINT('',#2470);
#2472=CARTESIAN_POINT('',(-1.7935E2,6.28E1,1.498E2));
#2473=CARTESIAN_POINT('',(-1.7835E2,6.28E1,1.498E2));
#2474=VERTEX_POINT('',#2472);
#2475=VERTEX_POINT('',#2473);
#2476=CARTESIAN_POINT('',(-1.7935E2,5.139714788446E1,1.498E2));
#2477=VERTEX_POINT('',#2476);
#2478=CARTESIAN_POINT('',(-1.78975E2,5.061652313466E1,1.498E2));
#2479=VERTEX_POINT('',#2478);
#2480=CARTESIAN_POINT('',(-1.786E2,4.983589838486E1,1.498E2));
#2481=VERTEX_POINT('',#2480);
#2482=CARTESIAN_POINT('',(-1.786E2,3.276410161514E1,1.498E2));
#2483=VERTEX_POINT('',#2482);
#2484=CARTESIAN_POINT('',(-1.78975E2,3.198347686534E1,1.498E2));
#2485=VERTEX_POINT('',#2484);
#2486=CARTESIAN_POINT('',(-1.7835E2,3.077978813184E1,1.498E2));
#2487=VERTEX_POINT('',#2486);
#2488=CARTESIAN_POINT('',(-1.781E2,3.144122595961E1,1.498E2));
#2489=VERTEX_POINT('',#2488);
#2490=CARTESIAN_POINT('',(-1.776E2,3.276410161514E1,1.498E2));
#2491=VERTEX_POINT('',#2490);
#2492=CARTESIAN_POINT('',(-1.776E2,4.983589838486E1,1.498E2));
#2493=VERTEX_POINT('',#2492);
#2494=CARTESIAN_POINT('',(-1.781E2,5.115877404039E1,1.498E2));
#2495=VERTEX_POINT('',#2494);
#2496=CARTESIAN_POINT('',(-1.7835E2,5.182021186814E1,1.498E2));
#2497=VERTEX_POINT('',#2496);
#2498=CARTESIAN_POINT('',(-1.7835E2,6.4E1,1.51E2));
#2499=CARTESIAN_POINT('',(-1.7935E2,6.4E1,1.51E2));
#2500=VERTEX_POINT('',#2498);
#2501=VERTEX_POINT('',#2499);
#2502=CARTESIAN_POINT('',(-2.066E2,6.4E1,1.51E2));
#2503=VERTEX_POINT('',#2502);
#2504=CARTESIAN_POINT('',(-2.066E2,6.527158385259E1,1.51E2));
#2505=VERTEX_POINT('',#2504);
#2506=CARTESIAN_POINT('',(-2.2035E2,8.88E1,1.51E2));
#2507=CARTESIAN_POINT('',(-2.071E2,8.88E1,1.51E2));
#2508=VERTEX_POINT('',#2506);
#2509=VERTEX_POINT('',#2507);
#2510=CARTESIAN_POINT('',(-2.2035E2,5.139714788446E1,1.51E2));
#2511=VERTEX_POINT('',#2510);
#2512=CARTESIAN_POINT('',(-2.20725E2,5.061652313466E1,1.51E2));
#2513=VERTEX_POINT('',#2512);
#2514=CARTESIAN_POINT('',(-2.211E2,4.983589838486E1,1.51E2));
#2515=VERTEX_POINT('',#2514);
#2516=CARTESIAN_POINT('',(-2.211E2,3.276410161514E1,1.51E2));
#2517=VERTEX_POINT('',#2516);
#2518=CARTESIAN_POINT('',(-2.20725E2,3.198347686534E1,1.51E2));
#2519=VERTEX_POINT('',#2518);
#2520=CARTESIAN_POINT('',(-2.2035E2,3.120285211554E1,1.51E2));
#2521=VERTEX_POINT('',#2520);
#2522=CARTESIAN_POINT('',(-2.2035E2,7.3E0,1.51E2));
#2523=VERTEX_POINT('',#2522);
#2524=CARTESIAN_POINT('',(-1.78975E2,3.198347686534E1,1.51E2));
#2525=VERTEX_POINT('',#2524);
#2526=CARTESIAN_POINT('',(-1.786E2,3.276410161514E1,1.51E2));
#2527=VERTEX_POINT('',#2526);
#2528=CARTESIAN_POINT('',(-1.786E2,4.983589838486E1,1.51E2));
#2529=VERTEX_POINT('',#2528);
#2530=CARTESIAN_POINT('',(-1.78975E2,5.061652313466E1,1.51E2));
#2531=VERTEX_POINT('',#2530);
#2532=CARTESIAN_POINT('',(-1.7935E2,5.139714788446E1,1.51E2));
#2533=VERTEX_POINT('',#2532);
#2534=CARTESIAN_POINT('',(-2.080666666668E2,6.719916149195E1,1.51E2));
#2535=VERTEX_POINT('',#2534);
#2536=CARTESIAN_POINT('',(-2.069666666670E2,7.798776416724E1,1.51E2));
#2537=VERTEX_POINT('',#2536);
#2538=CARTESIAN_POINT('',(-2.051E2,7.998331477355E1,1.51E2));
#2539=VERTEX_POINT('',#2538);
#2540=CARTESIAN_POINT('',(-2.051E2,8.68E1,1.51E2));
#2541=VERTEX_POINT('',#2540);
#2542=VERTEX_POINT('',#461);
#2543=VERTEX_POINT('',#466);
#2544=VERTEX_POINT('',#479);
#2545=VERTEX_POINT('',#486);
#2546=VERTEX_POINT('',#499);
#2547=VERTEX_POINT('',#506);
#2548=VERTEX_POINT('',#515);
#2549=VERTEX_POINT('',#525);
#2550=CARTESIAN_POINT('',(-1.87E2,1.445E1,1.51E2));
#2551=CARTESIAN_POINT('',(-1.866E2,1.445E1,1.51E2));
#2552=VERTEX_POINT('',#2550);
#2553=VERTEX_POINT('',#2551);
#2554=CARTESIAN_POINT('',(-1.866E2,1.015E1,1.51E2));
#2555=VERTEX_POINT('',#2554);
#2556=CARTESIAN_POINT('',(-1.87E2,1.015E1,1.51E2));
#2557=VERTEX_POINT('',#2556);
#2558=CARTESIAN_POINT('',(-2.1525E2,8.4E1,1.51E2));
#2559=CARTESIAN_POINT('',(-2.131E2,8.615E1,1.51E2));
#2560=VERTEX_POINT('',#2558);
#2561=VERTEX_POINT('',#2559);
#2562=CARTESIAN_POINT('',(-2.1095E2,8.4E1,1.51E2));
#2563=VERTEX_POINT('',#2562);
#2564=CARTESIAN_POINT('',(-2.1095E2,8.36E1,1.51E2));
#2565=VERTEX_POINT('',#2564);
#2566=CARTESIAN_POINT('',(-2.131E2,8.145E1,1.51E2));
#2567=VERTEX_POINT('',#2566);
#2568=CARTESIAN_POINT('',(-2.1525E2,8.36E1,1.51E2));
#2569=VERTEX_POINT('',#2568);
#2570=CARTESIAN_POINT('',(-2.131E2,1.43E1,1.51E2));
#2571=CARTESIAN_POINT('',(-2.131E2,1.03E1,1.51E2));
#2572=VERTEX_POINT('',#2570);
#2573=VERTEX_POINT('',#2571);
#2574=CARTESIAN_POINT('',(-2.2135E2,8.88E1,1.51E2));
#2575=VERTEX_POINT('',#2574);
#2576=CARTESIAN_POINT('',(-2.2035E2,8.76E1,1.498E2));
#2577=VERTEX_POINT('',#2576);
#2578=CARTESIAN_POINT('',(-2.2135E2,8.76E1,1.498E2));
#2579=VERTEX_POINT('',#2578);
#2580=CARTESIAN_POINT('',(-2.2035E2,5.139714788446E1,1.498E2));
#2581=VERTEX_POINT('',#2580);
#2582=CARTESIAN_POINT('',(-2.2135E2,5.182021186816E1,1.498E2));
#2583=VERTEX_POINT('',#2582);
#2584=CARTESIAN_POINT('',(-2.216E2,5.115877404039E1,1.498E2));
#2585=VERTEX_POINT('',#2584);
#2586=CARTESIAN_POINT('',(-2.221E2,4.983589838486E1,1.498E2));
#2587=VERTEX_POINT('',#2586);
#2588=CARTESIAN_POINT('',(-2.221E2,3.276410161514E1,1.498E2));
#2589=VERTEX_POINT('',#2588);
#2590=CARTESIAN_POINT('',(-2.216E2,3.144122595959E1,1.498E2));
#2591=VERTEX_POINT('',#2590);
#2592=CARTESIAN_POINT('',(-2.2135E2,3.077978813186E1,1.498E2));
#2593=VERTEX_POINT('',#2592);
#2594=CARTESIAN_POINT('',(-2.2135E2,8.499999999996E0,1.498E2));
#2595=VERTEX_POINT('',#2594);
#2596=CARTESIAN_POINT('',(-2.2035E2,8.499999999998E0,1.498E2));
#2597=VERTEX_POINT('',#2596);
#2598=CARTESIAN_POINT('',(-2.2035E2,3.120285211554E1,1.498E2));
#2599=VERTEX_POINT('',#2598);
#2600=CARTESIAN_POINT('',(-2.20725E2,3.198347686534E1,1.498E2));
#2601=VERTEX_POINT('',#2600);
#2602=CARTESIAN_POINT('',(-2.211E2,3.276410161514E1,1.498E2));
#2603=VERTEX_POINT('',#2602);
#2604=CARTESIAN_POINT('',(-2.211E2,4.983589838486E1,1.498E2));
#2605=VERTEX_POINT('',#2604);
#2606=CARTESIAN_POINT('',(-2.20725E2,5.061652313466E1,1.498E2));
#2607=VERTEX_POINT('',#2606);
#2608=CARTESIAN_POINT('',(-2.2135E2,7.3E0,1.51E2));
#2609=VERTEX_POINT('',#2608);
#2610=VERTEX_POINT('',#878);
#2611=VERTEX_POINT('',#883);
#2612=CARTESIAN_POINT('',(-2.103076090504E2,4.150641615792E1,1.636472870939E2));
#2613=VERTEX_POINT('',#2612);
#2614=VERTEX_POINT('',#895);
#2615=VERTEX_POINT('',#902);
#2616=VERTEX_POINT('',#909);
#2617=CARTESIAN_POINT('',(-1.992564377092E2,5.949075957424E1,1.540000002362E2));
#2618=VERTEX_POINT('',#2617);
#2619=VERTEX_POINT('',#935);
#2620=CARTESIAN_POINT('',(-1.957994888019E2,2.697895719253E1,1.636960242260E2));
#2621=VERTEX_POINT('',#2620);
#2622=VERTEX_POINT('',#945);
#2623=VERTEX_POINT('',#1012);
#2624=VERTEX_POINT('',#984);
#2625=CARTESIAN_POINT('',(-1.813946518291E2,4.149372196692E1,1.640635732258E2));
#2626=VERTEX_POINT('',#2625);
#2627=VERTEX_POINT('',#1099);
#2628=VERTEX_POINT('',#1022);
#2629=VERTEX_POINT('',#1038);
#2630=VERTEX_POINT('',#1045);
#2631=VERTEX_POINT('',#1052);
#2632=VERTEX_POINT('',#1059);
#2633=VERTEX_POINT('',#1066);
#2634=VERTEX_POINT('',#1073);
#2635=VERTEX_POINT('',#1080);
#2636=VERTEX_POINT('',#1088);
#2637=CARTESIAN_POINT('',(-1.956053888360E2,5.499724405350E1,1.665454508139E2));
#2638=VERTEX_POINT('',#2637);
#2639=VERTEX_POINT('',#1706);
#2640=CARTESIAN_POINT('',(-1.956568290983E2,5.499752818020E1,1.665446575356E2));
#2641=VERTEX_POINT('',#2640);
#2642=CARTESIAN_POINT('',(-1.994983298516E2,5.469852453288E1,1.673794446098E2));
#2643=VERTEX_POINT('',#2642);
#2644=VERTEX_POINT('',#1148);
#2645=VERTEX_POINT('',#1316);
#2646=VERTEX_POINT('',#1374);
#2647=VERTEX_POINT('',#1135);
#2648=VERTEX_POINT('',#1744);
#2649=VERTEX_POINT('',#1737);
#2650=VERTEX_POINT('',#1464);
#2651=VERTEX_POINT('',#1398);
#2652=VERTEX_POINT('',#1764);
#2653=VERTEX_POINT('',#1405);
#2654=VERTEX_POINT('',#1412);
#2655=VERTEX_POINT('',#1419);
#2656=VERTEX_POINT('',#1426);
#2657=VERTEX_POINT('',#1433);
#2658=VERTEX_POINT('',#1441);
#2659=VERTEX_POINT('',#1448);
#2660=VERTEX_POINT('',#1455);
#2661=VERTEX_POINT('',#1573);
#2662=VERTEX_POINT('',#1653);
#2663=CARTESIAN_POINT('',(-1.906647313744E2,5.441124330208E1,1.681815089157E2));
#2664=VERTEX_POINT('',#2663);
#2665=VERTEX_POINT('',#1662);
#2666=VERTEX_POINT('',#1676);
#2667=VERTEX_POINT('',#1683);
#2668=VERTEX_POINT('',#1690);
#2669=VERTEX_POINT('',#1697);
#2670=CARTESIAN_POINT('',(-2.045252930104E2,5.790808638254E1,1.753045988586E2));
#2671=VERTEX_POINT('',#2670);
#2672=CARTESIAN_POINT('',(-1.957646963775E2,5.790808638254E1,1.665440022257E2));
#2673=VERTEX_POINT('',#2672);
#2674=CARTESIAN_POINT('',(-1.870040997447E2,5.790808638254E1,1.753045988586E2));
#2675=VERTEX_POINT('',#2674);
#2676=CARTESIAN_POINT('',(-1.957646963774E2,9.330278609964E1,1.663467728437E2));
#2677=CARTESIAN_POINT('',(-1.959255277028E2,9.330278609964E1,1.663482167655E2));
#2678=VERTEX_POINT('',#2676);
#2679=VERTEX_POINT('',#2677);
#2680=CARTESIAN_POINT('',(-1.957646963775E2,9.330278609964E1,1.842624248735E2));
#2681=VERTEX_POINT('',#2680);
#2682=CARTESIAN_POINT('',(-1.959345047039E2,9.38E1,1.658483051222E2));
#2683=CARTESIAN_POINT('',(-1.957646963778E2,9.38E1,1.847624171110E2));
#2684=VERTEX_POINT('',#2682);
#2685=VERTEX_POINT('',#2683);
#2686=CARTESIAN_POINT('',(-1.957646963778E2,9.38E1,1.658467806062E2));
#2687=VERTEX_POINT('',#2686);
#2688=CARTESIAN_POINT('',(-1.858040997447E2,9.38E1,1.753045988586E2));
#2689=CARTESIAN_POINT('',(-2.057252930103E2,9.38E1,1.753045988586E2));
#2690=VERTEX_POINT('',#2688);
#2691=VERTEX_POINT('',#2689);
#2692=CARTESIAN_POINT('',(-1.955948874345E2,9.38E1,1.847608925839E2));
#2693=VERTEX_POINT('',#2692);
#2694=CARTESIAN_POINT('',(-1.858041048718E2,5.781554244245E1,1.753049404280E2));
#2695=VERTEX_POINT('',#2694);
#2696=VERTEX_POINT('',#1913);
#2697=VERTEX_POINT('',#1899);
#2698=VERTEX_POINT('',#1956);
#2699=CARTESIAN_POINT('',(-1.945192238597E2,5.808811203811E1,1.851870218150E2));
#2700=CARTESIAN_POINT('',(-1.964607477280E2,5.808811203811E1,1.852408455242E2));
#2701=VERTEX_POINT('',#2699);
#2702=VERTEX_POINT('',#2700);
#2703=CARTESIAN_POINT('',(-1.945192238597E2,6.408811203811E1,1.851870218150E2));
#2704=VERTEX_POINT('',#2703);
#2705=CARTESIAN_POINT('',(-1.964607477280E2,6.408811203811E1,1.852408455242E2));
#2706=VERTEX_POINT('',#2705);
#2707=VERTEX_POINT('',#1869);
#2708=VERTEX_POINT('',#1944);
#2709=VERTEX_POINT('',#1887);
#2710=VERTEX_POINT('',#2046);
#2711=VERTEX_POINT('',#1935);
#2712=VERTEX_POINT('',#1942);
#2713=VERTEX_POINT('',#2164);
#2714=VERTEX_POINT('',#2095);
#2715=VERTEX_POINT('',#1983);
#2716=VERTEX_POINT('',#2009);
#2717=VERTEX_POINT('',#2014);
#2718=VERTEX_POINT('',#2033);
#2719=VERTEX_POINT('',#2040);
#2720=VERTEX_POINT('',#2082);
#2721=CARTESIAN_POINT('',(-1.986885557895E2,2.230929030862E1,1.559946815018E2));
#2722=VERTEX_POINT('',#2721);
#2723=VERTEX_POINT('',#2111);
#2724=VERTEX_POINT('',#2128);
#2725=VERTEX_POINT('',#2137);
#2726=VERTEX_POINT('',#2142);
#2727=CARTESIAN_POINT('',(-1.964956879719E2,5.808811203811E1,1.857396232095E2));
#2728=VERTEX_POINT('',#2727);
#2729=CARTESIAN_POINT('',(-1.944567038841E2,5.808811203811E1,1.856830976687E2));
#2730=VERTEX_POINT('',#2729);
#2731=CARTESIAN_POINT('',(-1.964956879719E2,6.408811203811E1,1.857396232095E2));
#2732=VERTEX_POINT('',#2731);
#2733=CARTESIAN_POINT('',(-1.944567038841E2,6.408811203811E1,1.856830976687E2));
#2734=VERTEX_POINT('',#2733);
#2735=CARTESIAN_POINT('',(-1.956038644682E2,9.330278609964E1,1.842609809412E2));
#2736=VERTEX_POINT('',#2735);
#2737=CARTESIAN_POINT('',(-1.9985E2,4.805E1,1.525E2));
#2738=DIRECTION('',(0.E0,0.E0,1.E0));
#2739=DIRECTION('',(0.E0,-1.E0,0.E0));
#2740=AXIS2_PLACEMENT_3D('',#2737,#2738,#2739);
#2741=PLANE('',#2740);
#2743=ORIENTED_EDGE('',*,*,#2742,.T.);
#2745=ORIENTED_EDGE('',*,*,#2744,.F.);
#2747=ORIENTED_EDGE('',*,*,#2746,.F.);
#2749=ORIENTED_EDGE('',*,*,#2748,.T.);
#2751=ORIENTED_EDGE('',*,*,#2750,.T.);
#2753=ORIENTED_EDGE('',*,*,#2752,.F.);
#2755=ORIENTED_EDGE('',*,*,#2754,.T.);
#2757=ORIENTED_EDGE('',*,*,#2756,.T.);
#2759=ORIENTED_EDGE('',*,*,#2758,.F.);
#2761=ORIENTED_EDGE('',*,*,#2760,.F.);
#2763=ORIENTED_EDGE('',*,*,#2762,.T.);
#2765=ORIENTED_EDGE('',*,*,#2764,.F.);
#2767=ORIENTED_EDGE('',*,*,#2766,.T.);
#2769=ORIENTED_EDGE('',*,*,#2768,.T.);
#2771=ORIENTED_EDGE('',*,*,#2770,.T.);
#2773=ORIENTED_EDGE('',*,*,#2772,.T.);
#2775=ORIENTED_EDGE('',*,*,#2774,.T.);
#2777=ORIENTED_EDGE('',*,*,#2776,.F.);
#2779=ORIENTED_EDGE('',*,*,#2778,.T.);
#2781=ORIENTED_EDGE('',*,*,#2780,.T.);
#2783=ORIENTED_EDGE('',*,*,#2782,.F.);
#2785=ORIENTED_EDGE('',*,*,#2784,.T.);
#2787=ORIENTED_EDGE('',*,*,#2786,.T.);
#2789=ORIENTED_EDGE('',*,*,#2788,.F.);
#2791=ORIENTED_EDGE('',*,*,#2790,.T.);
#2793=ORIENTED_EDGE('',*,*,#2792,.T.);
#2794=EDGE_LOOP('',(#2743,#2745,#2747,#2749,#2751,#2753,#2755,#2757,#2759,#2761,
#2763,#2765,#2767,#2769,#2771,#2773,#2775,#2777,#2779,#2781,#2783,#2785,#2787,
#2789,#2791,#2793));
#2795=FACE_OUTER_BOUND('',#2794,.F.);
#2797=ORIENTED_EDGE('',*,*,#2796,.T.);
#2799=ORIENTED_EDGE('',*,*,#2798,.T.);
#2801=ORIENTED_EDGE('',*,*,#2800,.T.);
#2803=ORIENTED_EDGE('',*,*,#2802,.T.);
#2805=ORIENTED_EDGE('',*,*,#2804,.T.);
#2807=ORIENTED_EDGE('',*,*,#2806,.T.);
#2809=ORIENTED_EDGE('',*,*,#2808,.T.);
#2811=ORIENTED_EDGE('',*,*,#2810,.T.);
#2813=ORIENTED_EDGE('',*,*,#2812,.T.);
#2815=ORIENTED_EDGE('',*,*,#2814,.T.);
#2816=EDGE_LOOP('',(#2797,#2799,#2801,#2803,#2805,#2807,#2809,#2811,#2813,
#2815));
#2817=FACE_BOUND('',#2816,.F.);
#2819=ORIENTED_EDGE('',*,*,#2818,.T.);
#2821=ORIENTED_EDGE('',*,*,#2820,.T.);
#2823=ORIENTED_EDGE('',*,*,#2822,.T.);
#2825=ORIENTED_EDGE('',*,*,#2824,.T.);
#2826=EDGE_LOOP('',(#2819,#2821,#2823,#2825));
#2827=FACE_BOUND('',#2826,.F.);
#2829=ORIENTED_EDGE('',*,*,#2828,.T.);
#2831=ORIENTED_EDGE('',*,*,#2830,.T.);
#2833=ORIENTED_EDGE('',*,*,#2832,.T.);
#2835=ORIENTED_EDGE('',*,*,#2834,.T.);
#2837=ORIENTED_EDGE('',*,*,#2836,.T.);
#2839=ORIENTED_EDGE('',*,*,#2838,.T.);
#2840=EDGE_LOOP('',(#2829,#2831,#2833,#2835,#2837,#2839));
#2841=FACE_BOUND('',#2840,.F.);
#2843=ORIENTED_EDGE('',*,*,#2842,.T.);
#2845=ORIENTED_EDGE('',*,*,#2844,.T.);
#2846=EDGE_LOOP('',(#2843,#2845));
#2847=FACE_BOUND('',#2846,.F.);
#2848=ADVANCED_FACE('',(#2795,#2817,#2827,#2841,#2847),#2741,.T.);
#2849=CARTESIAN_POINT('',(-1.8055E2,8.5E0,1.508754982015E2));
#2850=DIRECTION('',(0.E0,0.E0,1.E0));
#2851=DIRECTION('',(0.E0,-1.E0,0.E0));
#2852=AXIS2_PLACEMENT_3D('',#2849,#2850,#2851);
#2853=CYLINDRICAL_SURFACE('',#2852,1.2E0);
#2854=ORIENTED_EDGE('',*,*,#2742,.F.);
#2856=ORIENTED_EDGE('',*,*,#2855,.T.);
#2858=ORIENTED_EDGE('',*,*,#2857,.F.);
#2860=ORIENTED_EDGE('',*,*,#2859,.T.);
#2861=EDGE_LOOP('',(#2854,#2856,#2858,#2860));
#2862=FACE_OUTER_BOUND('',#2861,.F.);
#2863=ADVANCED_FACE('',(#2862),#2853,.T.);
#2864=CARTESIAN_POINT('',(-1.7935E2,1.14E1,1.5175E2));
#2865=DIRECTION('',(1.E0,0.E0,0.E0));
#2866=DIRECTION('',(0.E0,1.E0,0.E0));
#2867=AXIS2_PLACEMENT_3D('',#2864,#2865,#2866);
#2868=PLANE('',#2867);
#2869=ORIENTED_EDGE('',*,*,#2855,.F.);
#2870=ORIENTED_EDGE('',*,*,#2792,.F.);
#2872=ORIENTED_EDGE('',*,*,#2871,.T.);
#2874=ORIENTED_EDGE('',*,*,#2873,.F.);
#2875=EDGE_LOOP('',(#2869,#2870,#2872,#2874));
#2876=FACE_OUTER_BOUND('',#2875,.F.);
#2877=ADVANCED_FACE('',(#2876),#2868,.T.);
#2878=CARTESIAN_POINT('',(-1.7885E2,1.43E1,1.5175E2));
#2879=DIRECTION('',(0.E0,1.E0,0.E0));
#2880=DIRECTION('',(1.E0,0.E0,0.E0));
#2881=AXIS2_PLACEMENT_3D('',#2878,#2879,#2880);
#2882=PLANE('',#2881);
#2884=ORIENTED_EDGE('',*,*,#2883,.F.);
#2885=ORIENTED_EDGE('',*,*,#2871,.F.);
#2886=ORIENTED_EDGE('',*,*,#2790,.F.);
#2888=ORIENTED_EDGE('',*,*,#2887,.F.);
#2889=EDGE_LOOP('',(#2884,#2885,#2886,#2888));
#2890=FACE_OUTER_BOUND('',#2889,.F.);
#2891=ADVANCED_FACE('',(#2890),#2882,.F.);
#2892=CARTESIAN_POINT('',(-1.782254982015E2,1.55E1,1.51E2));
#2893=DIRECTION('',(-1.E0,0.E0,0.E0));
#2894=DIRECTION('',(0.E0,0.E0,-1.E0));
#2895=AXIS2_PLACEMENT_3D('',#2892,#2893,#2894);
#2896=CYLINDRICAL_SURFACE('',#2895,1.2E0);
#2898=ORIENTED_EDGE('',*,*,#2897,.F.);
#2899=ORIENTED_EDGE('',*,*,#2883,.T.);
#2901=ORIENTED_EDGE('',*,*,#2900,.F.);
#2903=ORIENTED_EDGE('',*,*,#2902,.T.);
#2904=EDGE_LOOP('',(#2898,#2899,#2901,#2903));
#2905=FACE_OUTER_BOUND('',#2904,.F.);
#2906=ADVANCED_FACE('',(#2905),#2896,.T.);
#2907=CARTESIAN_POINT('',(-1.7935E2,2.275142605777E1,1.504E2));
#2908=DIRECTION('',(1.E0,0.E0,0.E0));
#2909=DIRECTION('',(0.E0,1.E0,0.E0));
#2910=AXIS2_PLACEMENT_3D('',#2907,#2908,#2909);
#2911=PLANE('',#2910);
#2912=ORIENTED_EDGE('',*,*,#2897,.T.);
#2914=ORIENTED_EDGE('',*,*,#2913,.T.);
#2916=ORIENTED_EDGE('',*,*,#2915,.F.);
#2918=ORIENTED_EDGE('',*,*,#2917,.T.);
#2919=EDGE_LOOP('',(#2912,#2914,#2916,#2918));
#2920=FACE_OUTER_BOUND('',#2919,.F.);
#2921=ADVANCED_FACE('',(#2920),#2911,.F.);
#2922=CARTESIAN_POINT('',(-1.78475E2,3.915E1,1.498E2));
#2923=DIRECTION('',(0.E0,0.E0,1.E0));
#2924=DIRECTION('',(0.E0,-1.E0,0.E0));
#2925=AXIS2_PLACEMENT_3D('',#2922,#2923,#2924);
#2926=PLANE('',#2925);
#2928=ORIENTED_EDGE('',*,*,#2927,.F.);
#2930=ORIENTED_EDGE('',*,*,#2929,.F.);
#2932=ORIENTED_EDGE('',*,*,#2931,.T.);
#2934=ORIENTED_EDGE('',*,*,#2933,.T.);
#2936=ORIENTED_EDGE('',*,*,#2935,.F.);
#2938=ORIENTED_EDGE('',*,*,#2937,.T.);
#2940=ORIENTED_EDGE('',*,*,#2939,.T.);
#2941=ORIENTED_EDGE('',*,*,#2913,.F.);
#2942=ORIENTED_EDGE('',*,*,#2902,.F.);
#2944=ORIENTED_EDGE('',*,*,#2943,.F.);
#2946=ORIENTED_EDGE('',*,*,#2945,.T.);
#2948=ORIENTED_EDGE('',*,*,#2947,.T.);
#2950=ORIENTED_EDGE('',*,*,#2949,.F.);
#2952=ORIENTED_EDGE('',*,*,#2951,.T.);
#2954=ORIENTED_EDGE('',*,*,#2953,.T.);
#2956=ORIENTED_EDGE('',*,*,#2955,.F.);
#2957=EDGE_LOOP('',(#2928,#2930,#2932,#2934,#2936,#2938,#2940,#2941,#2942,#2944,
#2946,#2948,#2950,#2952,#2954,#2956));
#2958=FACE_OUTER_BOUND('',#2957,.F.);
#2959=ADVANCED_FACE('',(#2958),#2926,.F.);
#2960=CARTESIAN_POINT('',(-1.794745017985E2,6.28E1,1.51E2));
#2961=DIRECTION('',(1.E0,0.E0,0.E0));
#2962=DIRECTION('',(0.E0,0.E0,-1.E0));
#2963=AXIS2_PLACEMENT_3D('',#2960,#2961,#2962);
#2964=CYLINDRICAL_SURFACE('',#2963,1.2E0);
#2966=ORIENTED_EDGE('',*,*,#2965,.T.);
#2968=ORIENTED_EDGE('',*,*,#2967,.F.);
#2969=ORIENTED_EDGE('',*,*,#2927,.T.);
#2971=ORIENTED_EDGE('',*,*,#2970,.F.);
#2972=EDGE_LOOP('',(#2966,#2968,#2969,#2971));
#2973=FACE_OUTER_BOUND('',#2972,.F.);
#2974=ADVANCED_FACE('',(#2973),#2964,.T.);
#2975=CARTESIAN_POINT('',(-1.92475E2,6.4E1,1.5175E2));
#2976=DIRECTION('',(0.E0,1.E0,0.E0));
#2977=DIRECTION('',(1.E0,0.E0,0.E0));
#2978=AXIS2_PLACEMENT_3D('',#2975,#2976,#2977);
#2979=PLANE('',#2978);
#2980=ORIENTED_EDGE('',*,*,#2965,.F.);
#2982=ORIENTED_EDGE('',*,*,#2981,.F.);
#2983=ORIENTED_EDGE('',*,*,#2774,.F.);
#2985=ORIENTED_EDGE('',*,*,#2984,.T.);
#2987=ORIENTED_EDGE('',*,*,#2986,.F.);
#2988=EDGE_LOOP('',(#2980,#2982,#2983,#2985,#2987));
#2989=FACE_OUTER_BOUND('',#2988,.F.);
#2990=ADVANCED_FACE('',(#2989),#2979,.T.);
#2991=CARTESIAN_POINT('',(-1.7835E2,5.791010593408E1,1.5115E2));
#2992=DIRECTION('',(1.E0,0.E0,0.E0));
#2993=DIRECTION('',(0.E0,-1.E0,0.E0));
#2994=AXIS2_PLACEMENT_3D('',#2991,#2992,#2993);
#2995=PLANE('',#2994);
#2996=ORIENTED_EDGE('',*,*,#2970,.T.);
#2997=ORIENTED_EDGE('',*,*,#2955,.T.);
#2999=ORIENTED_EDGE('',*,*,#2998,.F.);
#3000=ORIENTED_EDGE('',*,*,#2776,.T.);
#3001=ORIENTED_EDGE('',*,*,#2981,.T.);
#3002=EDGE_LOOP('',(#2996,#2997,#2999,#3000,#3001));
#3003=FACE_OUTER_BOUND('',#3002,.F.);
#3004=ADVANCED_FACE('',(#3003),#2995,.T.);
#3005=CARTESIAN_POINT('',(-1.7735E2,5.182021186816E1,1.526245017985E2));
#3006=DIRECTION('',(0.E0,0.E0,-1.E0));
#3007=DIRECTION('',(-7.499999999981E-1,-6.614378277683E-1,0.E0));
#3008=AXIS2_PLACEMENT_3D('',#3005,#3006,#3007);
#3009=CYLINDRICAL_SURFACE('',#3008,1.000000000003E0);
#3011=ORIENTED_EDGE('',*,*,#3010,.T.);
#3012=ORIENTED_EDGE('',*,*,#2778,.F.);
#3013=ORIENTED_EDGE('',*,*,#2998,.T.);
#3014=ORIENTED_EDGE('',*,*,#2953,.F.);
#3015=EDGE_LOOP('',(#3011,#3012,#3013,#3014));
#3016=FACE_OUTER_BOUND('',#3015,.F.);
#3017=ADVANCED_FACE('',(#3016),#3009,.F.);
#3018=CARTESIAN_POINT('',(-1.796E2,4.983589838486E1,1.496754982015E2));
#3019=DIRECTION('',(0.E0,0.E0,1.E0));
#3020=DIRECTION('',(1.E0,0.E0,0.E0));
#3021=AXIS2_PLACEMENT_3D('',#3018,#3019,#3020);
#3022=CYLINDRICAL_SURFACE('',#3021,2.E0);
#3023=ORIENTED_EDGE('',*,*,#3010,.F.);
#3024=ORIENTED_EDGE('',*,*,#2951,.F.);
#3026=ORIENTED_EDGE('',*,*,#3025,.T.);
#3027=ORIENTED_EDGE('',*,*,#2780,.F.);
#3028=EDGE_LOOP('',(#3023,#3024,#3026,#3027));
#3029=FACE_OUTER_BOUND('',#3028,.F.);
#3030=ADVANCED_FACE('',(#3029),#3022,.T.);
#3031=CARTESIAN_POINT('',(-1.776E2,4.13E1,1.5115E2));
#3032=DIRECTION('',(1.E0,0.E0,0.E0));
#3033=DIRECTION('',(0.E0,1.E0,0.E0));
#3034=AXIS2_PLACEMENT_3D('',#3031,#3032,#3033);
#3035=PLANE('',#3034);
#3036=ORIENTED_EDGE('',*,*,#3025,.F.);
#3037=ORIENTED_EDGE('',*,*,#2949,.T.);
#3039=ORIENTED_EDGE('',*,*,#3038,.F.);
#3040=ORIENTED_EDGE('',*,*,#2782,.T.);
#3041=EDGE_LOOP('',(#3036,#3037,#3039,#3040));
#3042=FACE_OUTER_BOUND('',#3041,.F.);
#3043=ADVANCED_FACE('',(#3042),#3035,.T.);
#3044=CARTESIAN_POINT('',(-1.796E2,3.276410161514E1,1.526245017985E2));
#3045=DIRECTION('',(0.E0,0.E0,-1.E0));
#3046=DIRECTION('',(1.E0,0.E0,0.E0));
#3047=AXIS2_PLACEMENT_3D('',#3044,#3045,#3046);
#3048=CYLINDRICAL_SURFACE('',#3047,2.E0);
#3050=ORIENTED_EDGE('',*,*,#3049,.F.);
#3051=ORIENTED_EDGE('',*,*,#2784,.F.);
#3052=ORIENTED_EDGE('',*,*,#3038,.T.);
#3053=ORIENTED_EDGE('',*,*,#2947,.F.);
#3054=EDGE_LOOP('',(#3050,#3051,#3052,#3053));
#3055=FACE_OUTER_BOUND('',#3054,.F.);
#3056=ADVANCED_FACE('',(#3055),#3048,.T.);
#3057=CARTESIAN_POINT('',(-1.7735E2,3.077978813184E1,1.496754982015E2));
#3058=DIRECTION('',(0.E0,0.E0,1.E0));
#3059=DIRECTION('',(-7.499999999981E-1,6.614378277683E-1,0.E0));
#3060=AXIS2_PLACEMENT_3D('',#3057,#3058,#3059);
#3061=CYLINDRICAL_SURFACE('',#3060,1.000000000003E0);
#3062=ORIENTED_EDGE('',*,*,#3049,.T.);
#3063=ORIENTED_EDGE('',*,*,#2945,.F.);
#3065=ORIENTED_EDGE('',*,*,#3064,.T.);
#3066=ORIENTED_EDGE('',*,*,#2786,.F.);
#3067=EDGE_LOOP('',(#3062,#3063,#3065,#3066));
#3068=FACE_OUTER_BOUND('',#3067,.F.);
#3069=ADVANCED_FACE('',(#3068),#3061,.F.);
#3070=CARTESIAN_POINT('',(-1.7835E2,2.253989406592E1,1.5115E2));
#3071=DIRECTION('',(1.E0,0.E0,0.E0));
#3072=DIRECTION('',(0.E0,-1.E0,0.E0));
#3073=AXIS2_PLACEMENT_3D('',#3070,#3071,#3072);
#3074=PLANE('',#3073);
#3075=ORIENTED_EDGE('',*,*,#2900,.T.);
#3076=ORIENTED_EDGE('',*,*,#2887,.T.);
#3077=ORIENTED_EDGE('',*,*,#2788,.T.);
#3078=ORIENTED_EDGE('',*,*,#3064,.F.);
#3079=ORIENTED_EDGE('',*,*,#2943,.T.);
#3080=EDGE_LOOP('',(#3075,#3076,#3077,#3078,#3079));
#3081=FACE_OUTER_BOUND('',#3080,.F.);
#3082=ADVANCED_FACE('',(#3081),#3074,.T.);
#3083=CARTESIAN_POINT('',(-2.066E2,6.463579192630E1,1.5175E2));
#3084=DIRECTION('',(1.E0,0.E0,0.E0));
#3085=DIRECTION('',(0.E0,-1.E0,0.E0));
#3086=AXIS2_PLACEMENT_3D('',#3083,#3084,#3085);
#3087=PLANE('',#3086);
#3089=ORIENTED_EDGE('',*,*,#3088,.F.);
#3090=ORIENTED_EDGE('',*,*,#2984,.F.);
#3091=ORIENTED_EDGE('',*,*,#2772,.F.);
#3093=ORIENTED_EDGE('',*,*,#3092,.F.);
#3094=EDGE_LOOP('',(#3089,#3090,#3091,#3093));
#3095=FACE_OUTER_BOUND('',#3094,.F.);
#3096=ADVANCED_FACE('',(#3095),#3087,.T.);
#3097=CARTESIAN_POINT('',(-1.9985E2,4.805E1,1.51E2));
#3098=DIRECTION('',(0.E0,0.E0,1.E0));
#3099=DIRECTION('',(0.E0,-1.E0,0.E0));
#3100=AXIS2_PLACEMENT_3D('',#3097,#3098,#3099);
#3101=PLANE('',#3100);
#3103=ORIENTED_EDGE('',*,*,#3102,.F.);
#3105=ORIENTED_EDGE('',*,*,#3104,.F.);
#3107=ORIENTED_EDGE('',*,*,#3106,.T.);
#3109=ORIENTED_EDGE('',*,*,#3108,.T.);
#3111=ORIENTED_EDGE('',*,*,#3110,.F.);
#3113=ORIENTED_EDGE('',*,*,#3112,.T.);
#3115=ORIENTED_EDGE('',*,*,#3114,.T.);
#3117=ORIENTED_EDGE('',*,*,#3116,.F.);
#3119=ORIENTED_EDGE('',*,*,#3118,.F.);
#3120=ORIENTED_EDGE('',*,*,#2857,.T.);
#3121=ORIENTED_EDGE('',*,*,#2873,.T.);
#3122=ORIENTED_EDGE('',*,*,#2917,.F.);
#3124=ORIENTED_EDGE('',*,*,#3123,.T.);
#3126=ORIENTED_EDGE('',*,*,#3125,.T.);
#3128=ORIENTED_EDGE('',*,*,#3127,.F.);
#3130=ORIENTED_EDGE('',*,*,#3129,.T.);
#3132=ORIENTED_EDGE('',*,*,#3131,.T.);
#3134=ORIENTED_EDGE('',*,*,#3133,.F.);
#3135=ORIENTED_EDGE('',*,*,#2986,.T.);
#3136=ORIENTED_EDGE('',*,*,#3088,.T.);
#3138=ORIENTED_EDGE('',*,*,#3137,.T.);
#3140=ORIENTED_EDGE('',*,*,#3139,.T.);
#3142=ORIENTED_EDGE('',*,*,#3141,.T.);
#3144=ORIENTED_EDGE('',*,*,#3143,.F.);
#3146=ORIENTED_EDGE('',*,*,#3145,.T.);
#3147=EDGE_LOOP('',(#3103,#3105,#3107,#3109,#3111,#3113,#3115,#3117,#3119,#3120,
#3121,#3122,#3124,#3126,#3128,#3130,#3132,#3134,#3135,#3136,#3138,#3140,#3142,
#3144,#3146));
#3148=FACE_OUTER_BOUND('',#3147,.F.);
#3150=ORIENTED_EDGE('',*,*,#3149,.T.);
#3152=ORIENTED_EDGE('',*,*,#3151,.T.);
#3154=ORIENTED_EDGE('',*,*,#3153,.T.);
#3156=ORIENTED_EDGE('',*,*,#3155,.T.);
#3158=ORIENTED_EDGE('',*,*,#3157,.T.);
#3160=ORIENTED_EDGE('',*,*,#3159,.T.);
#3162=ORIENTED_EDGE('',*,*,#3161,.T.);
#3164=ORIENTED_EDGE('',*,*,#3163,.T.);
#3165=EDGE_LOOP('',(#3150,#3152,#3154,#3156,#3158,#3160,#3162,#3164));
#3166=FACE_BOUND('',#3165,.F.);
#3168=ORIENTED_EDGE('',*,*,#3167,.T.);
#3170=ORIENTED_EDGE('',*,*,#3169,.T.);
#3172=ORIENTED_EDGE('',*,*,#3171,.T.);
#3174=ORIENTED_EDGE('',*,*,#3173,.T.);
#3175=EDGE_LOOP('',(#3168,#3170,#3172,#3174));
#3176=FACE_BOUND('',#3175,.F.);
#3178=ORIENTED_EDGE('',*,*,#3177,.T.);
#3180=ORIENTED_EDGE('',*,*,#3179,.T.);
#3182=ORIENTED_EDGE('',*,*,#3181,.T.);
#3184=ORIENTED_EDGE('',*,*,#3183,.T.);
#3186=ORIENTED_EDGE('',*,*,#3185,.T.);
#3188=ORIENTED_EDGE('',*,*,#3187,.T.);
#3189=EDGE_LOOP('',(#3178,#3180,#3182,#3184,#3186,#3188));
#3190=FACE_BOUND('',#3189,.F.);
#3192=ORIENTED_EDGE('',*,*,#3191,.T.);
#3194=ORIENTED_EDGE('',*,*,#3193,.T.);
#3195=EDGE_LOOP('',(#3192,#3194));
#3196=FACE_BOUND('',#3195,.F.);
#3197=ADVANCED_FACE('',(#3148,#3166,#3176,#3190,#3196),#3101,.F.);
#3198=CARTESIAN_POINT('',(-2.14225E2,8.88E1,1.5175E2));
#3199=DIRECTION('',(0.E0,1.E0,0.E0));
#3200=DIRECTION('',(-1.E0,0.E0,0.E0));
#3201=AXIS2_PLACEMENT_3D('',#3198,#3199,#3200);
#3202=PLANE('',#3201);
#3204=ORIENTED_EDGE('',*,*,#3203,.F.);
#3205=ORIENTED_EDGE('',*,*,#3102,.T.);
#3207=ORIENTED_EDGE('',*,*,#3206,.F.);
#3208=ORIENTED_EDGE('',*,*,#2760,.T.);
#3210=ORIENTED_EDGE('',*,*,#3209,.F.);
#3211=EDGE_LOOP('',(#3204,#3205,#3207,#3208,#3210));
#3212=FACE_OUTER_BOUND('',#3211,.F.);
#3213=ADVANCED_FACE('',(#3212),#3202,.T.);
#3214=CARTESIAN_POINT('',(-2.214745017985E2,8.76E1,1.51E2));
#3215=DIRECTION('',(1.E0,0.E0,0.E0));
#3216=DIRECTION('',(0.E0,0.E0,-1.E0));
#3217=AXIS2_PLACEMENT_3D('',#3214,#3215,#3216);
#3218=CYLINDRICAL_SURFACE('',#3217,1.2E0);
#3220=ORIENTED_EDGE('',*,*,#3219,.F.);
#3221=ORIENTED_EDGE('',*,*,#3203,.T.);
#3223=ORIENTED_EDGE('',*,*,#3222,.F.);
#3225=ORIENTED_EDGE('',*,*,#3224,.T.);
#3226=EDGE_LOOP('',(#3220,#3221,#3223,#3225));
#3227=FACE_OUTER_BOUND('',#3226,.F.);
#3228=ADVANCED_FACE('',(#3227),#3218,.T.);
#3229=CARTESIAN_POINT('',(-2.2035E2,7.009857394223E1,1.504E2));
#3230=DIRECTION('',(1.E0,0.E0,0.E0));
#3231=DIRECTION('',(0.E0,-1.E0,0.E0));
#3232=AXIS2_PLACEMENT_3D('',#3229,#3230,#3231);
#3233=PLANE('',#3232);
#3234=ORIENTED_EDGE('',*,*,#3219,.T.);
#3236=ORIENTED_EDGE('',*,*,#3235,.F.);
#3238=ORIENTED_EDGE('',*,*,#3237,.F.);
#3239=ORIENTED_EDGE('',*,*,#3104,.T.);
#3240=EDGE_LOOP('',(#3234,#3236,#3238,#3239));
#3241=FACE_OUTER_BOUND('',#3240,.F.);
#3242=ADVANCED_FACE('',(#3241),#3233,.T.);
#3243=CARTESIAN_POINT('',(-2.21225E2,4.805E1,1.498E2));
#3244=DIRECTION('',(0.E0,0.E0,1.E0));
#3245=DIRECTION('',(0.E0,-1.E0,0.E0));
#3246=AXIS2_PLACEMENT_3D('',#3243,#3244,#3245);
#3247=PLANE('',#3246);
#3248=ORIENTED_EDGE('',*,*,#3224,.F.);
#3250=ORIENTED_EDGE('',*,*,#3249,.F.);
#3252=ORIENTED_EDGE('',*,*,#3251,.T.);
#3254=ORIENTED_EDGE('',*,*,#3253,.T.);
#3256=ORIENTED_EDGE('',*,*,#3255,.F.);
#3258=ORIENTED_EDGE('',*,*,#3257,.T.);
#3260=ORIENTED_EDGE('',*,*,#3259,.T.);
#3262=ORIENTED_EDGE('',*,*,#3261,.F.);
#3264=ORIENTED_EDGE('',*,*,#3263,.F.);
#3266=ORIENTED_EDGE('',*,*,#3265,.F.);
#3268=ORIENTED_EDGE('',*,*,#3267,.T.);
#3270=ORIENTED_EDGE('',*,*,#3269,.T.);
#3272=ORIENTED_EDGE('',*,*,#3271,.F.);
#3274=ORIENTED_EDGE('',*,*,#3273,.T.);
#3276=ORIENTED_EDGE('',*,*,#3275,.T.);
#3277=ORIENTED_EDGE('',*,*,#3235,.T.);
#3278=EDGE_LOOP('',(#3248,#3250,#3252,#3254,#3256,#3258,#3260,#3262,#3264,#3266,
#3268,#3270,#3272,#3274,#3276,#3277));
#3279=FACE_OUTER_BOUND('',#3278,.F.);
#3280=ADVANCED_FACE('',(#3279),#3247,.F.);
#3281=CARTESIAN_POINT('',(-2.2135E2,7.031010593408E1,1.5115E2));
#3282=DIRECTION('',(1.E0,0.E0,0.E0));
#3283=DIRECTION('',(0.E0,1.E0,0.E0));
#3284=AXIS2_PLACEMENT_3D('',#3281,#3282,#3283);
#3285=PLANE('',#3284);
#3286=ORIENTED_EDGE('',*,*,#3222,.T.);
#3287=ORIENTED_EDGE('',*,*,#3209,.T.);
#3288=ORIENTED_EDGE('',*,*,#2758,.T.);
#3290=ORIENTED_EDGE('',*,*,#3289,.F.);
#3291=ORIENTED_EDGE('',*,*,#3249,.T.);
#3292=EDGE_LOOP('',(#3286,#3287,#3288,#3290,#3291));
#3293=FACE_OUTER_BOUND('',#3292,.F.);
#3294=ADVANCED_FACE('',(#3293),#3285,.F.);
#3295=CARTESIAN_POINT('',(-2.2235E2,5.182021186816E1,1.496754982015E2));
#3296=DIRECTION('',(0.E0,0.E0,1.E0));
#3297=DIRECTION('',(7.499999999981E-1,-6.614378277683E-1,0.E0));
#3298=AXIS2_PLACEMENT_3D('',#3295,#3296,#3297);
#3299=CYLINDRICAL_SURFACE('',#3298,1.000000000003E0);
#3301=ORIENTED_EDGE('',*,*,#3300,.T.);
#3302=ORIENTED_EDGE('',*,*,#3251,.F.);
#3303=ORIENTED_EDGE('',*,*,#3289,.T.);
#3304=ORIENTED_EDGE('',*,*,#2756,.F.);
#3305=EDGE_LOOP('',(#3301,#3302,#3303,#3304));
#3306=FACE_OUTER_BOUND('',#3305,.F.);
#3307=ADVANCED_FACE('',(#3306),#3299,.F.);
#3308=CARTESIAN_POINT('',(-2.201E2,4.983589838486E1,1.526245017985E2));
#3309=DIRECTION('',(0.E0,0.E0,-1.E0));
#3310=DIRECTION('',(-1.E0,0.E0,0.E0));
#3311=AXIS2_PLACEMENT_3D('',#3308,#3309,#3310);
#3312=CYLINDRICAL_SURFACE('',#3311,2.E0);
#3313=ORIENTED_EDGE('',*,*,#3300,.F.);
#3314=ORIENTED_EDGE('',*,*,#2754,.F.);
#3316=ORIENTED_EDGE('',*,*,#3315,.T.);
#3317=ORIENTED_EDGE('',*,*,#3253,.F.);
#3318=EDGE_LOOP('',(#3313,#3314,#3316,#3317));
#3319=FACE_OUTER_BOUND('',#3318,.F.);
#3320=ADVANCED_FACE('',(#3319),#3312,.T.);
#3321=CARTESIAN_POINT('',(-2.221E2,4.13E1,1.5115E2));
#3322=DIRECTION('',(1.E0,0.E0,0.E0));
#3323=DIRECTION('',(0.E0,-1.E0,0.E0));
#3324=AXIS2_PLACEMENT_3D('',#3321,#3322,#3323);
#3325=PLANE('',#3324);
#3327=ORIENTED_EDGE('',*,*,#3326,.F.);
#3328=ORIENTED_EDGE('',*,*,#3255,.T.);
#3329=ORIENTED_EDGE('',*,*,#3315,.F.);
#3330=ORIENTED_EDGE('',*,*,#2752,.T.);
#3331=EDGE_LOOP('',(#3327,#3328,#3329,#3330));
#3332=FACE_OUTER_BOUND('',#3331,.F.);
#3333=ADVANCED_FACE('',(#3332),#3325,.F.);
#3334=CARTESIAN_POINT('',(-2.201E2,3.276410161514E1,1.496754982015E2));
#3335=DIRECTION('',(0.E0,0.E0,1.E0));
#3336=DIRECTION('',(-1.E0,0.E0,0.E0));
#3337=AXIS2_PLACEMENT_3D('',#3334,#3335,#3336);
#3338=CYLINDRICAL_SURFACE('',#3337,2.E0);
#3340=ORIENTED_EDGE('',*,*,#3339,.F.);
#3341=ORIENTED_EDGE('',*,*,#3257,.F.);
#3342=ORIENTED_EDGE('',*,*,#3326,.T.);
#3343=ORIENTED_EDGE('',*,*,#2750,.F.);
#3344=EDGE_LOOP('',(#3340,#3341,#3342,#3343));
#3345=FACE_OUTER_BOUND('',#3344,.F.);
#3346=ADVANCED_FACE('',(#3345),#3338,.T.);
#3347=CARTESIAN_POINT('',(-2.2235E2,3.077978813184E1,1.526245017985E2));
#3348=DIRECTION('',(0.E0,0.E0,-1.E0));
#3349=DIRECTION('',(7.499999999981E-1,6.614378277683E-1,0.E0));
#3350=AXIS2_PLACEMENT_3D('',#3347,#3348,#3349);
#3351=CYLINDRICAL_SURFACE('',#3350,1.000000000003E0);
#3352=ORIENTED_EDGE('',*,*,#3339,.T.);
#3353=ORIENTED_EDGE('',*,*,#2748,.F.);
#3355=ORIENTED_EDGE('',*,*,#3354,.T.);
#3356=ORIENTED_EDGE('',*,*,#3259,.F.);
#3357=EDGE_LOOP('',(#3352,#3353,#3355,#3356));
#3358=FACE_OUTER_BOUND('',#3357,.F.);
#3359=ADVANCED_FACE('',(#3358),#3351,.F.);
#3360=CARTESIAN_POINT('',(-2.2135E2,1.903989406592E1,1.5115E2));
#3361=DIRECTION('',(1.E0,0.E0,0.E0));
#3362=DIRECTION('',(0.E0,1.E0,0.E0));
#3363=AXIS2_PLACEMENT_3D('',#3360,#3361,#3362);
#3364=PLANE('',#3363);
#3366=ORIENTED_EDGE('',*,*,#3365,.T.);
#3367=ORIENTED_EDGE('',*,*,#3261,.T.);
#3368=ORIENTED_EDGE('',*,*,#3354,.F.);
#3369=ORIENTED_EDGE('',*,*,#2746,.T.);
#3371=ORIENTED_EDGE('',*,*,#3370,.F.);
#3372=EDGE_LOOP('',(#3366,#3367,#3368,#3369,#3371));
#3373=FACE_OUTER_BOUND('',#3372,.F.);
#3374=ADVANCED_FACE('',(#3373),#3364,.F.);
#3375=CARTESIAN_POINT('',(-2.202254982015E2,8.5E0,1.51E2));
#3376=DIRECTION('',(-1.E0,0.E0,0.E0));
#3377=DIRECTION('',(0.E0,0.E0,-1.E0));
#3378=AXIS2_PLACEMENT_3D('',#3375,#3376,#3377);
#3379=CYLINDRICAL_SURFACE('',#3378,1.2E0);
#3380=ORIENTED_EDGE('',*,*,#3365,.F.);
#3382=ORIENTED_EDGE('',*,*,#3381,.T.);
#3384=ORIENTED_EDGE('',*,*,#3383,.F.);
#3385=ORIENTED_EDGE('',*,*,#3263,.T.);
#3386=EDGE_LOOP('',(#3380,#3382,#3384,#3385));
#3387=FACE_OUTER_BOUND('',#3386,.F.);
#3388=ADVANCED_FACE('',(#3387),#3379,.T.);
#3389=CARTESIAN_POINT('',(-2.0095E2,7.3E0,1.5175E2));
#3390=DIRECTION('',(0.E0,1.E0,0.E0));
#3391=DIRECTION('',(1.E0,0.E0,0.E0));
#3392=AXIS2_PLACEMENT_3D('',#3389,#3390,#3391);
#3393=PLANE('',#3392);
#3394=ORIENTED_EDGE('',*,*,#3381,.F.);
#3395=ORIENTED_EDGE('',*,*,#3370,.T.);
#3396=ORIENTED_EDGE('',*,*,#2744,.T.);
#3397=ORIENTED_EDGE('',*,*,#2859,.F.);
#3398=ORIENTED_EDGE('',*,*,#3118,.T.);
#3399=EDGE_LOOP('',(#3394,#3395,#3396,#3397,#3398));
#3400=FACE_OUTER_BOUND('',#3399,.F.);
#3401=ADVANCED_FACE('',(#3400),#3393,.F.);
#3402=CARTESIAN_POINT('',(-2.2035E2,1.925142605777E1,1.504E2));
#3403=DIRECTION('',(1.E0,0.E0,0.E0));
#3404=DIRECTION('',(0.E0,-1.E0,0.E0));
#3405=AXIS2_PLACEMENT_3D('',#3402,#3403,#3404);
#3406=PLANE('',#3405);
#3407=ORIENTED_EDGE('',*,*,#3383,.T.);
#3408=ORIENTED_EDGE('',*,*,#3116,.T.);
#3410=ORIENTED_EDGE('',*,*,#3409,.F.);
#3411=ORIENTED_EDGE('',*,*,#3265,.T.);
#3412=EDGE_LOOP('',(#3407,#3408,#3410,#3411));
#3413=FACE_OUTER_BOUND('',#3412,.F.);
#3414=ADVANCED_FACE('',(#3413),#3406,.T.);
#3415=CARTESIAN_POINT('',(-2.2135E2,3.120285211554E1,1.496754982015E2));
#3416=DIRECTION('',(0.E0,0.E0,1.E0));
#3417=DIRECTION('',(1.E0,0.E0,0.E0));
#3418=AXIS2_PLACEMENT_3D('',#3415,#3416,#3417);
#3419=CYLINDRICAL_SURFACE('',#3418,1.E0);
#3421=ORIENTED_EDGE('',*,*,#3420,.F.);
#3422=ORIENTED_EDGE('',*,*,#3267,.F.);
#3423=ORIENTED_EDGE('',*,*,#3409,.T.);
#3424=ORIENTED_EDGE('',*,*,#3114,.F.);
#3425=EDGE_LOOP('',(#3421,#3422,#3423,#3424));
#3426=FACE_OUTER_BOUND('',#3425,.F.);
#3427=ADVANCED_FACE('',(#3426),#3419,.T.);
#3428=CARTESIAN_POINT('',(-2.201E2,3.276410161514E1,1.511245017985E2));
#3429=DIRECTION('',(0.E0,0.E0,-1.E0));
#3430=DIRECTION('',(0.E0,-1.E0,0.E0));
#3431=AXIS2_PLACEMENT_3D('',#3428,#3429,#3430);
#3432=CYLINDRICAL_SURFACE('',#3431,1.E0);
#3433=ORIENTED_EDGE('',*,*,#3420,.T.);
#3434=ORIENTED_EDGE('',*,*,#3112,.F.);
#3436=ORIENTED_EDGE('',*,*,#3435,.T.);
#3437=ORIENTED_EDGE('',*,*,#3269,.F.);
#3438=EDGE_LOOP('',(#3433,#3434,#3436,#3437));
#3439=FACE_OUTER_BOUND('',#3438,.F.);
#3440=ADVANCED_FACE('',(#3439),#3432,.F.);
#3441=CARTESIAN_POINT('',(-2.211E2,4.13E1,1.504E2));
#3442=DIRECTION('',(1.E0,0.E0,0.E0));
#3443=DIRECTION('',(0.E0,-1.E0,0.E0));
#3444=AXIS2_PLACEMENT_3D('',#3441,#3442,#3443);
#3445=PLANE('',#3444);
#3446=ORIENTED_EDGE('',*,*,#3110,.T.);
#3448=ORIENTED_EDGE('',*,*,#3447,.F.);
#3449=ORIENTED_EDGE('',*,*,#3271,.T.);
#3450=ORIENTED_EDGE('',*,*,#3435,.F.);
#3451=EDGE_LOOP('',(#3446,#3448,#3449,#3450));
#3452=FACE_OUTER_BOUND('',#3451,.F.);
#3453=ADVANCED_FACE('',(#3452),#3445,.T.);
#3454=CARTESIAN_POINT('',(-2.201E2,4.983589838486E1,1.511245017985E2));
#3455=DIRECTION('',(0.E0,0.E0,-1.E0));
#3456=DIRECTION('',(0.E0,-1.E0,0.E0));
#3457=AXIS2_PLACEMENT_3D('',#3454,#3455,#3456);
#3458=CYLINDRICAL_SURFACE('',#3457,1.E0);
#3460=ORIENTED_EDGE('',*,*,#3459,.T.);
#3461=ORIENTED_EDGE('',*,*,#3273,.F.);
#3462=ORIENTED_EDGE('',*,*,#3447,.T.);
#3463=ORIENTED_EDGE('',*,*,#3108,.F.);
#3464=EDGE_LOOP('',(#3460,#3461,#3462,#3463));
#3465=FACE_OUTER_BOUND('',#3464,.F.);
#3466=ADVANCED_FACE('',(#3465),#3458,.F.);
#3467=CARTESIAN_POINT('',(-2.2135E2,5.139714788446E1,1.496754982015E2));
#3468=DIRECTION('',(0.E0,0.E0,1.E0));
#3469=DIRECTION('',(6.249999999999E-1,-7.806247497999E-1,0.E0));
#3470=AXIS2_PLACEMENT_3D('',#3467,#3468,#3469);
#3471=CYLINDRICAL_SURFACE('',#3470,1.E0);
#3472=ORIENTED_EDGE('',*,*,#3237,.T.);
#3473=ORIENTED_EDGE('',*,*,#3275,.F.);
#3474=ORIENTED_EDGE('',*,*,#3459,.F.);
#3475=ORIENTED_EDGE('',*,*,#3106,.F.);
#3476=EDGE_LOOP('',(#3472,#3473,#3474,#3475));
#3477=FACE_OUTER_BOUND('',#3476,.F.);
#3478=ADVANCED_FACE('',(#3477),#3471,.T.);
#3479=CARTESIAN_POINT('',(-2.071E2,8.68E1,1.526245017985E2));
#3480=DIRECTION('',(0.E0,0.E0,-1.E0));
#3481=DIRECTION('',(0.E0,1.E0,0.E0));
#3482=AXIS2_PLACEMENT_3D('',#3479,#3480,#3481);
#3483=CYLINDRICAL_SURFACE('',#3482,2.E0);
#3484=ORIENTED_EDGE('',*,*,#3145,.F.);
#3486=ORIENTED_EDGE('',*,*,#3485,.T.);
#3487=ORIENTED_EDGE('',*,*,#2762,.F.);
#3488=ORIENTED_EDGE('',*,*,#3206,.T.);
#3489=EDGE_LOOP('',(#3484,#3486,#3487,#3488));
#3490=FACE_OUTER_BOUND('',#3489,.F.);
#3491=ADVANCED_FACE('',(#3490),#3483,.T.);
#3492=CARTESIAN_POINT('',(-2.051E2,8.339165738677E1,1.5175E2));
#3493=DIRECTION('',(1.E0,0.E0,0.E0));
#3494=DIRECTION('',(0.E0,1.E0,0.E0));
#3495=AXIS2_PLACEMENT_3D('',#3492,#3493,#3494);
#3496=PLANE('',#3495);
#3497=ORIENTED_EDGE('',*,*,#3143,.T.);
#3499=ORIENTED_EDGE('',*,*,#3498,.F.);
#3500=ORIENTED_EDGE('',*,*,#2764,.T.);
#3501=ORIENTED_EDGE('',*,*,#3485,.F.);
#3502=EDGE_LOOP('',(#3497,#3499,#3500,#3501));
#3503=FACE_OUTER_BOUND('',#3502,.F.);
#3504=ADVANCED_FACE('',(#3503),#3496,.T.);
#3505=CARTESIAN_POINT('',(-2.071E2,7.998331477355E1,1.526245017985E2));
#3506=DIRECTION('',(0.E0,0.E0,-1.E0));
#3507=DIRECTION('',(1.E0,0.E0,0.E0));
#3508=AXIS2_PLACEMENT_3D('',#3505,#3506,#3507);
#3509=CYLINDRICAL_SURFACE('',#3508,2.E0);
#3510=ORIENTED_EDGE('',*,*,#3141,.F.);
#3512=ORIENTED_EDGE('',*,*,#3511,.F.);
#3513=ORIENTED_EDGE('',*,*,#2766,.F.);
#3514=ORIENTED_EDGE('',*,*,#3498,.T.);
#3515=EDGE_LOOP('',(#3510,#3512,#3513,#3514));
#3516=FACE_OUTER_BOUND('',#3515,.F.);
#3517=ADVANCED_FACE('',(#3516),#3509,.T.);
#3518=CARTESIAN_POINT('',(-2.066E2,7.25E1,1.508754982015E2));
#3519=DIRECTION('',(0.E0,0.E0,1.E0));
#3520=DIRECTION('',(0.E0,-1.E0,0.E0));
#3521=AXIS2_PLACEMENT_3D('',#3518,#3519,#3520);
#3522=CYLINDRICAL_SURFACE('',#3521,5.5E0);
#3523=ORIENTED_EDGE('',*,*,#3139,.F.);
#3525=ORIENTED_EDGE('',*,*,#3524,.T.);
#3526=ORIENTED_EDGE('',*,*,#2768,.F.);
#3527=ORIENTED_EDGE('',*,*,#3511,.T.);
#3528=EDGE_LOOP('',(#3523,#3525,#3526,#3527));
#3529=FACE_OUTER_BOUND('',#3528,.F.);
#3530=ADVANCED_FACE('',(#3529),#3522,.F.);
#3531=CARTESIAN_POINT('',(-2.086E2,6.527158385260E1,1.526245017985E2));
#3532=DIRECTION('',(0.E0,0.E0,-1.E0));
#3533=DIRECTION('',(2.666666666508E-1,9.637888196578E-1,0.E0));
#3534=AXIS2_PLACEMENT_3D('',#3531,#3532,#3533);
#3535=CYLINDRICAL_SURFACE('',#3534,1.999999999994E0);
#3536=ORIENTED_EDGE('',*,*,#3137,.F.);
#3537=ORIENTED_EDGE('',*,*,#3092,.T.);
#3538=ORIENTED_EDGE('',*,*,#2770,.F.);
#3539=ORIENTED_EDGE('',*,*,#3524,.F.);
#3540=EDGE_LOOP('',(#3536,#3537,#3538,#3539));
#3541=FACE_OUTER_BOUND('',#3540,.F.);
#3542=ADVANCED_FACE('',(#3541),#3535,.T.);
#3543=CARTESIAN_POINT('',(-1.7835E2,3.120285211554E1,1.496754982015E2));
#3544=DIRECTION('',(0.E0,0.E0,1.E0));
#3545=DIRECTION('',(-6.249999999999E-1,7.806247497999E-1,0.E0));
#3546=AXIS2_PLACEMENT_3D('',#3543,#3544,#3545);
#3547=CYLINDRICAL_SURFACE('',#3546,1.E0);
#3548=ORIENTED_EDGE('',*,*,#2915,.T.);
#3549=ORIENTED_EDGE('',*,*,#2939,.F.);
#3551=ORIENTED_EDGE('',*,*,#3550,.F.);
#3552=ORIENTED_EDGE('',*,*,#3123,.F.);
#3553=EDGE_LOOP('',(#3548,#3549,#3551,#3552));
#3554=FACE_OUTER_BOUND('',#3553,.F.);
#3555=ADVANCED_FACE('',(#3554),#3547,.T.);
#3556=CARTESIAN_POINT('',(-1.796E2,3.276410161514E1,1.511245017985E2));
#3557=DIRECTION('',(0.E0,0.E0,-1.E0));
#3558=DIRECTION('',(0.E0,-1.E0,0.E0));
#3559=AXIS2_PLACEMENT_3D('',#3556,#3557,#3558);
#3560=CYLINDRICAL_SURFACE('',#3559,1.E0);
#3561=ORIENTED_EDGE('',*,*,#3550,.T.);
#3562=ORIENTED_EDGE('',*,*,#2937,.F.);
#3564=ORIENTED_EDGE('',*,*,#3563,.T.);
#3565=ORIENTED_EDGE('',*,*,#3125,.F.);
#3566=EDGE_LOOP('',(#3561,#3562,#3564,#3565));
#3567=FACE_OUTER_BOUND('',#3566,.F.);
#3568=ADVANCED_FACE('',(#3567),#3560,.F.);
#3569=CARTESIAN_POINT('',(-1.786E2,4.13E1,1.504E2));
#3570=DIRECTION('',(1.E0,0.E0,0.E0));
#3571=DIRECTION('',(0.E0,1.E0,0.E0));
#3572=AXIS2_PLACEMENT_3D('',#3569,#3570,#3571);
#3573=PLANE('',#3572);
#3574=ORIENTED_EDGE('',*,*,#3127,.T.);
#3575=ORIENTED_EDGE('',*,*,#3563,.F.);
#3576=ORIENTED_EDGE('',*,*,#2935,.T.);
#3578=ORIENTED_EDGE('',*,*,#3577,.F.);
#3579=EDGE_LOOP('',(#3574,#3575,#3576,#3578));
#3580=FACE_OUTER_BOUND('',#3579,.F.);
#3581=ADVANCED_FACE('',(#3580),#3573,.F.);
#3582=CARTESIAN_POINT('',(-1.796E2,4.983589838486E1,1.511245017985E2));
#3583=DIRECTION('',(0.E0,0.E0,-1.E0));
#3584=DIRECTION('',(0.E0,-1.E0,0.E0));
#3585=AXIS2_PLACEMENT_3D('',#3582,#3583,#3584);
#3586=CYLINDRICAL_SURFACE('',#3585,1.E0);
#3588=ORIENTED_EDGE('',*,*,#3587,.T.);
#3589=ORIENTED_EDGE('',*,*,#3129,.F.);
#3590=ORIENTED_EDGE('',*,*,#3577,.T.);
#3591=ORIENTED_EDGE('',*,*,#2933,.F.);
#3592=EDGE_LOOP('',(#3588,#3589,#3590,#3591));
#3593=FACE_OUTER_BOUND('',#3592,.F.);
#3594=ADVANCED_FACE('',(#3593),#3586,.F.);
#3595=CARTESIAN_POINT('',(-1.7835E2,5.139714788446E1,1.496754982015E2));
#3596=DIRECTION('',(0.E0,0.E0,1.E0));
#3597=DIRECTION('',(-1.E0,0.E0,0.E0));
#3598=AXIS2_PLACEMENT_3D('',#3595,#3596,#3597);
#3599=CYLINDRICAL_SURFACE('',#3598,1.E0);
#3600=ORIENTED_EDGE('',*,*,#3587,.F.);
#3601=ORIENTED_EDGE('',*,*,#2931,.F.);
#3603=ORIENTED_EDGE('',*,*,#3602,.T.);
#3604=ORIENTED_EDGE('',*,*,#3131,.F.);
#3605=EDGE_LOOP('',(#3600,#3601,#3603,#3604));
#3606=FACE_OUTER_BOUND('',#3605,.F.);
#3607=ADVANCED_FACE('',(#3606),#3599,.T.);
#3608=CARTESIAN_POINT('',(-1.7935E2,5.769857394223E1,1.504E2));
#3609=DIRECTION('',(1.E0,0.E0,0.E0));
#3610=DIRECTION('',(0.E0,1.E0,0.E0));
#3611=AXIS2_PLACEMENT_3D('',#3608,#3609,#3610);
#3612=PLANE('',#3611);
#3613=ORIENTED_EDGE('',*,*,#2967,.T.);
#3614=ORIENTED_EDGE('',*,*,#3133,.T.);
#3615=ORIENTED_EDGE('',*,*,#3602,.F.);
#3616=ORIENTED_EDGE('',*,*,#2929,.T.);
#3617=EDGE_LOOP('',(#3613,#3614,#3615,#3616));
#3618=FACE_OUTER_BOUND('',#3617,.F.);
#3619=ADVANCED_FACE('',(#3618),#3612,.F.);
#3620=CARTESIAN_POINT('',(-2.175460699436E2,4.113291297586E1,1.54E2));
#3621=CARTESIAN_POINT('',(-2.186797135095E2,4.110580332669E1,1.529999980267E2));
#3622=CARTESIAN_POINT('',(-2.198133570755E2,4.107869367751E1,1.519999960534E2));
#3623=CARTESIAN_POINT('',(-2.209470006414E2,4.105158402834E1,1.509999940801E2));
#3624=CARTESIAN_POINT('',(-2.175444318313E2,4.273535972355E1,1.54E2));
#3625=CARTESIAN_POINT('',(-2.186792113441E2,4.276995807581E1,1.529999980267E2));
#3626=CARTESIAN_POINT('',(-2.198139908569E2,4.280455642806E1,1.519999960534E2));
#3627=CARTESIAN_POINT('',(-2.209487703697E2,4.283915478032E1,1.509999940801E2));
#3628=CARTESIAN_POINT('',(-2.173326488695E2,4.433857411472E1,1.54E2));
#3629=CARTESIAN_POINT('',(-2.184591581618E2,4.444837374908E1,1.529999980267E2));
#3630=CARTESIAN_POINT('',(-2.195856674541E2,4.455817338345E1,1.519999960534E2));
#3631=CARTESIAN_POINT('',(-2.207121767464E2,4.466797301781E1,1.509999940801E2));
#3632=CARTESIAN_POINT('',(-2.169176573307E2,4.588810277386E1,1.54E2));
#3633=CARTESIAN_POINT('',(-2.180245127596E2,4.607764938944E1,1.529999980267E2));
#3634=CARTESIAN_POINT('',(-2.191313681885E2,4.626719600501E1,1.519999960534E2));
#3635=CARTESIAN_POINT('',(-2.202382236174E2,4.645674262059E1,1.509999940801E2));
#3636=B_SPLINE_SURFACE_WITH_KNOTS('',3,3,((#3620,#3621,#3622,#3623),(#3624,
#3625,#3626,#3627),(#3628,#3629,#3630,#3631),(#3632,#3633,#3634,#3635)),
.UNSPECIFIED.,.F.,.F.,.F.,(4,4),(4,4),(-6.644910483978E-12,9.999999891498E-1),(
2.615560550173E-2,9.738461097347E-1),.UNSPECIFIED.);
#3638=ORIENTED_EDGE('',*,*,#3637,.F.);
#3640=ORIENTED_EDGE('',*,*,#3639,.T.);
#3641=ORIENTED_EDGE('',*,*,#3149,.F.);
#3643=ORIENTED_EDGE('',*,*,#3642,.T.);
#3644=EDGE_LOOP('',(#3638,#3640,#3641,#3643));
#3645=FACE_OUTER_BOUND('',#3644,.F.);
#3646=ADVANCED_FACE('',(#3645),#3636,.F.);
#3647=CARTESIAN_POINT('',(-1.954015092921E2,5.580530414321E1,1.642843779682E2));
#3648=CARTESIAN_POINT('',(-1.966129483773E2,5.705623235710E1,1.607914141594E2));
#3649=CARTESIAN_POINT('',(-1.978243874624E2,5.830716057099E1,1.572984503507E2));
#3650=CARTESIAN_POINT('',(-1.990358265476E2,5.955808878487E1,1.538054865419E2));
#3651=CARTESIAN_POINT('',(-1.954768014949E2,5.580734806700E1,1.642820385812E2));
#3652=CARTESIAN_POINT('',(-1.966955548011E2,5.705839484835E1,1.607890747725E2));
#3653=CARTESIAN_POINT('',(-1.979143081074E2,5.830944162970E1,1.572961109637E2));
#3654=CARTESIAN_POINT('',(-1.991330614136E2,5.956048841105E1,1.538031471549E2));
#3655=CARTESIAN_POINT('',(-1.980458023215E2,5.585640602527E1,1.642024052225E2));
#3656=CARTESIAN_POINT('',(-1.995140686016E2,5.710947090265E1,1.607094414137E2));
#3657=CARTESIAN_POINT('',(-2.009823348817E2,5.836253578003E1,1.572164776049E2));
#3658=CARTESIAN_POINT('',(-2.024506011618E2,5.961560065741E1,1.537235137962E2));
#3659=CARTESIAN_POINT('',(-2.031397701971E2,5.456860911624E1,1.640569525057E2));
#3660=CARTESIAN_POINT('',(-2.050993686971E2,5.568999438080E1,1.605639886969E2));
#3661=CARTESIAN_POINT('',(-2.070589671970E2,5.681137964535E1,1.570710248881E2));
#3662=CARTESIAN_POINT('',(-2.090185656970E2,5.793276490991E1,1.535780610793E2));
#3663=CARTESIAN_POINT('',(-2.087409879572E2,4.910392102485E1,1.639232114996E2));
#3664=CARTESIAN_POINT('',(-2.112323114662E2,4.969358128051E1,1.604302476910E2));
#3665=CARTESIAN_POINT('',(-2.137236349751E2,5.028324153616E1,1.569372838826E2));
#3666=CARTESIAN_POINT('',(-2.162149584841E2,5.087290179181E1,1.534443200740E2));
#3667=CARTESIAN_POINT('',(-2.101265311558E2,4.404939496294E1,1.638881158258E2));
#3668=CARTESIAN_POINT('',(-2.127476028926E2,4.415492951165E1,1.603951520166E2));
#3669=CARTESIAN_POINT('',(-2.153686746294E2,4.426046406037E1,1.569021882073E2));
#3670=CARTESIAN_POINT('',(-2.179897463663E2,4.436599860908E1,1.534092243981E2));
#3671=CARTESIAN_POINT('',(-2.101302787268E2,4.144160850391E1,1.638827253480E2));
#3672=CARTESIAN_POINT('',(-2.127513220813E2,4.129762282454E1,1.603897615392E2));
#3673=CARTESIAN_POINT('',(-2.153723654358E2,4.115363714516E1,1.568967977305E2));
#3674=CARTESIAN_POINT('',(-2.179934087903E2,4.100965146579E1,1.534038339217E2));
#3675=CARTESIAN_POINT('',(-2.101297583251E2,4.136502242472E1,1.638825783035E2));
#3676=CARTESIAN_POINT('',(-2.127507414695E2,4.121370900357E1,1.603896144917E2));
#3677=CARTESIAN_POINT('',(-2.153717246138E2,4.106239558242E1,1.568966506799E2));
#3678=CARTESIAN_POINT('',(-2.179927077582E2,4.091108216126E1,1.534036868681E2));
#3679=CARTESIAN_POINT('',(-2.101286296613E2,4.128951690583E1,1.638824442845E2));
#3680=CARTESIAN_POINT('',(-2.127494954925E2,4.113097932236E1,1.603894804651E2));
#3681=CARTESIAN_POINT('',(-2.153703613237E2,4.097244173890E1,1.568965166458E2));
#3682=CARTESIAN_POINT('',(-2.179912271548E2,4.081390415543E1,1.534035528264E2));
#3683=B_SPLINE_SURFACE_WITH_KNOTS('',3,3,((#3647,#3648,#3649,#3650),(#3651,
#3652,#3653,#3654),(#3655,#3656,#3657,#3658),(#3659,#3660,#3661,#3662),(#3663,
#3664,#3665,#3666),(#3667,#3668,#3669,#3670),(#3671,#3672,#3673,#3674),(#3675,
#3676,#3677,#3678),(#3679,#3680,#3681,#3682)),.UNSPECIFIED.,.F.,.F.,.F.,(4,1,1,
1,1,1,4),(4,4),(-1.006601574812E-2,0.E0,3.332861447367E-1,6.665722917840E-1,
9.998584387356E-1,1.E0,1.009942080345E0),(9.875421830792E-5,9.999980538029E-1),
.UNSPECIFIED.);
#3684=ORIENTED_EDGE('',*,*,#3637,.T.);
#3686=ORIENTED_EDGE('',*,*,#3685,.F.);
#3688=ORIENTED_EDGE('',*,*,#3687,.T.);
#3690=ORIENTED_EDGE('',*,*,#3689,.T.);
#3692=ORIENTED_EDGE('',*,*,#3691,.T.);
#3694=ORIENTED_EDGE('',*,*,#3693,.F.);
#3696=ORIENTED_EDGE('',*,*,#3695,.T.);
#3697=EDGE_LOOP('',(#3684,#3686,#3688,#3690,#3692,#3694,#3696));
#3698=FACE_OUTER_BOUND('',#3697,.F.);
#3699=ADVANCED_FACE('',(#3698),#3683,.T.);
#3700=CARTESIAN_POINT('',(-2.101556356343E2,4.174494913954E1,1.638465133264E2));
#3701=CARTESIAN_POINT('',(-2.127431010205E2,4.163156824317E1,1.603980697963E2));
#3702=CARTESIAN_POINT('',(-2.153305664067E2,4.151818734680E1,1.569496262662E2));
#3703=CARTESIAN_POINT('',(-2.179180317929E2,4.140480645043E1,1.535011827362E2));
#3704=CARTESIAN_POINT('',(-2.101569867050E2,4.166925030165E1,1.638463348932E2));
#3705=CARTESIAN_POINT('',(-2.127445666633E2,4.154872550879E1,1.603978913631E2));
#3706=CARTESIAN_POINT('',(-2.153321466216E2,4.142820071593E1,1.569494478331E2));
#3707=CARTESIAN_POINT('',(-2.179197265799E2,4.130767592306E1,1.535010043030E2));
#3708=CARTESIAN_POINT('',(-2.101822504979E2,3.905977946703E1,1.638405625906E2));
#3709=CARTESIAN_POINT('',(-2.127718011143E2,3.869299879199E1,1.603921190605E2));
#3710=CARTESIAN_POINT('',(-2.153613517306E2,3.832621811694E1,1.569436755304E2));
#3711=CARTESIAN_POINT('',(-2.179509023470E2,3.795943744190E1,1.534952320003E2));
#3712=CARTESIAN_POINT('',(-2.087908394834E2,3.391655777235E1,1.638548892363E2));
#3713=CARTESIAN_POINT('',(-2.112504095472E2,3.306478391867E1,1.604064457062E2));
#3714=CARTESIAN_POINT('',(-2.137099796110E2,3.221301006500E1,1.569580021761E2));
#3715=CARTESIAN_POINT('',(-2.161695496748E2,3.136123621132E1,1.535095586460E2));
#3716=CARTESIAN_POINT('',(-2.031835082878E2,2.841881416471E1,1.639532214177E2));
#3717=CARTESIAN_POINT('',(-2.051181303144E2,2.704209227230E1,1.605047778876E2));
#3718=CARTESIAN_POINT('',(-2.070527523410E2,2.566537037988E1,1.570563343575E2));
#3719=CARTESIAN_POINT('',(-2.089873743676E2,2.428864848747E1,1.536078908274E2));
#3720=CARTESIAN_POINT('',(-1.980676310833E2,2.712519019862E1,1.640770462450E2));
#3721=CARTESIAN_POINT('',(-1.995171890312E2,2.561846859828E1,1.606286027149E2));
#3722=CARTESIAN_POINT('',(-2.009667469791E2,2.411174699793E1,1.571801591848E2));
#3723=CARTESIAN_POINT('',(-2.024163049270E2,2.260502539759E1,1.537317156548E2));
#3724=CARTESIAN_POINT('',(-1.954893964316E2,2.717796105622E1,1.641506851428E2));
#3725=CARTESIAN_POINT('',(-1.966926274051E2,2.567323019463E1,1.607022416127E2));
#3726=CARTESIAN_POINT('',(-1.978958583786E2,2.416849933305E1,1.572537980826E2));
#3727=CARTESIAN_POINT('',(-1.990990893521E2,2.266376847146E1,1.538053545525E2));
#3728=CARTESIAN_POINT('',(-1.954138941173E2,2.718011745927E1,1.641528514896E2));
#3729=CARTESIAN_POINT('',(-1.966099098876E2,2.567550346625E1,1.607044079595E2));
#3730=CARTESIAN_POINT('',(-1.978059256579E2,2.417088947324E1,1.572559644294E2));
#3731=CARTESIAN_POINT('',(-1.990019414282E2,2.266627548022E1,1.538075208993E2));
#3732=B_SPLINE_SURFACE_WITH_KNOTS('',3,3,((#3700,#3701,#3702,#3703),(#3704,
#3705,#3706,#3707),(#3708,#3709,#3710,#3711),(#3712,#3713,#3714,#3715),(#3716,
#3717,#3718,#3719),(#3720,#3721,#3722,#3723),(#3724,#3725,#3726,#3727),(#3728,
#3729,#3730,#3731)),.UNSPECIFIED.,.F.,.F.,.F.,(4,1,1,1,1,4),(4,4),(
-9.959923975479E-3,0.E0,3.333336124393E-1,6.666667948214E-1,1.E0,
1.010059358164E0),(-2.029796442071E-2,1.020006035873E0),.UNSPECIFIED.);
#3734=ORIENTED_EDGE('',*,*,#3733,.T.);
#3736=ORIENTED_EDGE('',*,*,#3735,.F.);
#3738=ORIENTED_EDGE('',*,*,#3737,.T.);
#3740=ORIENTED_EDGE('',*,*,#3739,.T.);
#3741=ORIENTED_EDGE('',*,*,#3685,.T.);
#3742=EDGE_LOOP('',(#3734,#3736,#3738,#3740,#3741));
#3743=FACE_OUTER_BOUND('',#3742,.F.);
#3744=ADVANCED_FACE('',(#3743),#3732,.T.);
#3745=CARTESIAN_POINT('',(-1.992059633746E2,2.283230901799E1,1.540899047861E2));
#3746=CARTESIAN_POINT('',(-1.994080303882E2,2.183770165722E1,1.530299682623E2));
#3747=CARTESIAN_POINT('',(-1.996100974017E2,2.084309429645E1,1.519700317386E2));
#3748=CARTESIAN_POINT('',(-1.998121644152E2,1.984848693568E1,1.509100952148E2));
#3749=CARTESIAN_POINT('',(-1.992261521394E2,2.283025427101E1,1.540899047750E2));
#3750=CARTESIAN_POINT('',(-1.994318321685E2,2.183577813613E1,1.530299682561E2));
#3751=CARTESIAN_POINT('',(-1.996375121975E2,2.084130200126E1,1.519700317373E2));
#3752=CARTESIAN_POINT('',(-1.998431922265E2,1.984682586638E1,1.509100952185E2));
#3753=CARTESIAN_POINT('',(-1.992612065848E2,2.283329490327E1,1.540899342961E2));
#3754=CARTESIAN_POINT('',(-1.994643533782E2,2.183860642595E1,1.530299781001E2));
#3755=CARTESIAN_POINT('',(-1.996675001715E2,2.084391794863E1,1.519700219040E2));
#3756=CARTESIAN_POINT('',(-1.998706469648E2,1.984922947131E1,1.509100657080E2));
#3757=CARTESIAN_POINT('',(-1.993371285228E2,2.283219650975E1,1.540899198800E2));
#3758=CARTESIAN_POINT('',(-1.995454057915E2,2.183758610842E1,1.530299732930E2));
#3759=CARTESIAN_POINT('',(-1.997536830602E2,2.084297570710E1,1.519700267059E2));
#3760=CARTESIAN_POINT('',(-1.999619603289E2,1.984836530577E1,1.509100801189E2));
#3761=CARTESIAN_POINT('',(-1.994672833837E2,2.283435080685E1,1.540899288772E2));
#3762=CARTESIAN_POINT('',(-1.996798368426E2,2.183966835736E1,1.530299762931E2));
#3763=CARTESIAN_POINT('',(-1.998923903015E2,2.084498590786E1,1.519700237090E2));
#3764=CARTESIAN_POINT('',(-2.001049437603E2,1.985030345836E1,1.509100711250E2));
#3765=CARTESIAN_POINT('',(-1.996546219211E2,2.283739323606E1,1.540899238392E2));
#3766=CARTESIAN_POINT('',(-1.998758803368E2,2.184279159018E1,1.530299746132E2));
#3767=CARTESIAN_POINT('',(-2.000971387525E2,2.084818994429E1,1.519700253871E2));
#3768=CARTESIAN_POINT('',(-2.003183971681E2,1.985358829840E1,1.509100761611E2));
#3769=CARTESIAN_POINT('',(-1.998787663588E2,2.284463972315E1,1.540899254413E2));
#3770=CARTESIAN_POINT('',(-2.001095916624E2,2.185018852616E1,1.530299751474E2));
#3771=CARTESIAN_POINT('',(-2.003404169660E2,2.085573732917E1,1.519700248535E2));
#3772=CARTESIAN_POINT('',(-2.005712422695E2,1.986128613218E1,1.509100745596E2));
#3773=CARTESIAN_POINT('',(-2.003271798414E2,2.286436202325E1,1.540899247157E2));
#3774=CARTESIAN_POINT('',(-2.005780343508E2,2.187045557828E1,1.530299749054E2));
#3775=CARTESIAN_POINT('',(-2.008288888603E2,2.087654913331E1,1.519700250952E2));
#3776=CARTESIAN_POINT('',(-2.010797433697E2,1.988264268834E1,1.509100752850E2));
#3777=CARTESIAN_POINT('',(-2.012971559817E2,2.293768740676E1,1.540899254402E2));
#3778=CARTESIAN_POINT('',(-2.015929292944E2,2.194616372846E1,1.530299751471E2));
#3779=CARTESIAN_POINT('',(-2.018887026071E2,2.095464005016E1,1.519700248539E2));
#3780=CARTESIAN_POINT('',(-2.021844759198E2,1.996311637186E1,1.509100745607E2));
#3781=CARTESIAN_POINT('',(-2.027784901396E2,2.316077318686E1,1.540899250029E2));
#3782=CARTESIAN_POINT('',(-2.031494998452E2,2.217801873610E1,1.530299750012E2));
#3783=CARTESIAN_POINT('',(-2.035205095507E2,2.119526428534E1,1.519700249995E2));
#3784=CARTESIAN_POINT('',(-2.038915192562E2,2.021250983458E1,1.509100749978E2));
#3785=CARTESIAN_POINT('',(-2.045196904282E2,2.359989975181E1,1.540899251435E2));
#3786=CARTESIAN_POINT('',(-2.049875458502E2,2.263771999508E1,1.530299750481E2));
#3787=CARTESIAN_POINT('',(-2.054554012723E2,2.167554023835E1,1.519700249527E2));
#3788=CARTESIAN_POINT('',(-2.059232566943E2,2.071336048162E1,1.509100748573E2));
#3789=CARTESIAN_POINT('',(-2.062087257769E2,2.420659045471E1,1.540899251059E2));
#3790=CARTESIAN_POINT('',(-2.067758549351E2,2.327557904660E1,1.530299750356E2));
#3791=CARTESIAN_POINT('',(-2.073429840933E2,2.234456763849E1,1.519700249652E2));
#3792=CARTESIAN_POINT('',(-2.079101132515E2,2.141355623038E1,1.509100748949E2));
#3793=CARTESIAN_POINT('',(-2.078297858071E2,2.497711515610E1,1.540899251160E2));
#3794=CARTESIAN_POINT('',(-2.084943371419E2,2.408840171446E1,1.530299750389E2));
#3795=CARTESIAN_POINT('',(-2.091588884767E2,2.319968827283E1,1.519700249619E2));
#3796=CARTESIAN_POINT('',(-2.098234398114E2,2.231097483120E1,1.509100748848E2));
#3797=CARTESIAN_POINT('',(-2.093668437292E2,2.590376084009E1,1.540899251133E2));
#3798=CARTESIAN_POINT('',(-2.101225832020E2,2.506773737403E1,1.530299750380E2));
#3799=CARTESIAN_POINT('',(-2.108783226748E2,2.423171390796E1,1.519700249628E2));
#3800=CARTESIAN_POINT('',(-2.116340621476E2,2.339569044190E1,1.509100748875E2));
#3801=CARTESIAN_POINT('',(-2.108038010968E2,2.697921600665E1,1.540899251140E2));
#3802=CARTESIAN_POINT('',(-2.116408745305E2,2.620089511147E1,1.530299750383E2));
#3803=CARTESIAN_POINT('',(-2.124779479642E2,2.542257421630E1,1.519700249625E2));
#3804=CARTESIAN_POINT('',(-2.133150213979E2,2.464425332113E1,1.509100748868E2));
#3805=CARTESIAN_POINT('',(-2.121297707553E2,2.818990043503E1,1.540899251138E2));
#3806=CARTESIAN_POINT('',(-2.130383271045E2,2.747419271300E1,1.530299750382E2));
#3807=CARTESIAN_POINT('',(-2.139468834538E2,2.675848499097E1,1.519700249626E2));
#3808=CARTESIAN_POINT('',(-2.148554398031E2,2.604277726893E1,1.509100748870E2));
#3809=CARTESIAN_POINT('',(-2.133335608802E2,2.952212185684E1,1.540899251138E2));
#3810=CARTESIAN_POINT('',(-2.143073374661E2,2.887516315198E1,1.530299750382E2));
#3811=CARTESIAN_POINT('',(-2.152811140520E2,2.822820444712E1,1.519700249626E2));
#3812=CARTESIAN_POINT('',(-2.162548906379E2,2.758124574227E1,1.509100748870E2));
#3813=CARTESIAN_POINT('',(-2.144016213490E2,3.096453933505E1,1.540899251138E2));
#3814=CARTESIAN_POINT('',(-2.154355381949E2,3.039601681396E1,1.530299750382E2));
#3815=CARTESIAN_POINT('',(-2.164694550407E2,2.982749429287E1,1.519700249626E2));
#3816=CARTESIAN_POINT('',(-2.175033718866E2,2.925897177178E1,1.509100748870E2));
#3817=CARTESIAN_POINT('',(-2.153205057332E2,3.250610448535E1,1.540899251138E2));
#3818=CARTESIAN_POINT('',(-2.164094428956E2,3.202580877816E1,1.530299750382E2));
#3819=CARTESIAN_POINT('',(-2.174983800580E2,3.154551307097E1,1.519700249626E2));
#3820=CARTESIAN_POINT('',(-2.185873172205E2,3.106521736379E1,1.509100748870E2));
#3821=CARTESIAN_POINT('',(-2.163381280035E2,3.467194350299E1,1.540899251138E2));
#3822=CARTESIAN_POINT('',(-2.174863287681E2,3.431773903947E1,1.530299750382E2));
#3823=CARTESIAN_POINT('',(-2.186345295326E2,3.396353457596E1,1.519700249626E2));
#3824=CARTESIAN_POINT('',(-2.197827302972E2,3.360933011245E1,1.509100748870E2));
#3825=CARTESIAN_POINT('',(-2.172037797170E2,3.754557786948E1,1.540899251138E2));
#3826=CARTESIAN_POINT('',(-2.183975235648E2,3.735463712272E1,1.530299750382E2));
#3827=CARTESIAN_POINT('',(-2.195912674127E2,3.716369637596E1,1.519700249626E2));
#3828=CARTESIAN_POINT('',(-2.207850112605E2,3.697275562920E1,1.509100748870E2));
#3829=CARTESIAN_POINT('',(-2.174536960218E2,4.003501302304E1,1.540899251138E2));
#3830=CARTESIAN_POINT('',(-2.186561044779E2,3.996160974625E1,1.530299750382E2));
#3831=CARTESIAN_POINT('',(-2.198585129341E2,3.988820646946E1,1.519700249626E2));
#3832=CARTESIAN_POINT('',(-2.210609213902E2,3.981480319266E1,1.509100748870E2));
#3833=CARTESIAN_POINT('',(-2.174433653275E2,4.132662918346E1,1.540899251138E2));
#3834=CARTESIAN_POINT('',(-2.186448633756E2,4.130571406384E1,1.530299750382E2));
#3835=CARTESIAN_POINT('',(-2.198463614237E2,4.128479894422E1,1.519700249626E2));
#3836=CARTESIAN_POINT('',(-2.210478594718E2,4.126388382460E1,1.509100748870E2));
#3837=CARTESIAN_POINT('',(-2.174418287260E2,4.142224797644E1,1.540899251138E2));
#3838=CARTESIAN_POINT('',(-2.186432309283E2,4.140517097994E1,1.530299750382E2));
#3839=CARTESIAN_POINT('',(-2.198446331305E2,4.138809398343E1,1.519700249626E2));
#3840=CARTESIAN_POINT('',(-2.210460353328E2,4.137101698693E1,1.509100748870E2));
#3841=B_SPLINE_SURFACE_WITH_KNOTS('',3,3,((#3745,#3746,#3747,#3748),(#3749,
#3750,#3751,#3752),(#3753,#3754,#3755,#3756),(#3757,#3758,#3759,#3760),(#3761,
#3762,#3763,#3764),(#3765,#3766,#3767,#3768),(#3769,#3770,#3771,#3772),(#3773,
#3774,#3775,#3776),(#3777,#3778,#3779,#3780),(#3781,#3782,#3783,#3784),(#3785,
#3786,#3787,#3788),(#3789,#3790,#3791,#3792),(#3793,#3794,#3795,#3796),(#3797,
#3798,#3799,#3800),(#3801,#3802,#3803,#3804),(#3805,#3806,#3807,#3808),(#3809,
#3810,#3811,#3812),(#3813,#3814,#3815,#3816),(#3817,#3818,#3819,#3820),(#3821,
#3822,#3823,#3824),(#3825,#3826,#3827,#3828),(#3829,#3830,#3831,#3832),(#3833,
#3834,#3835,#3836),(#3837,#3838,#3839,#3840)),.UNSPECIFIED.,.F.,.F.,.F.,(4,1,1,
1,1,1,1,1,1,1,1,1,1,1,1,1,1,1,1,1,1,4),(4,4),(-7.324218811908E-6,
1.945915306864E-3,3.899154832539E-3,7.805633883891E-3,1.561859198659E-2,
2.343155008930E-2,3.124450819200E-2,6.249634060281E-2,1.250000054244E-1,
1.875000050369E-1,2.500000046494E-1,3.125000042619E-1,3.750000038744E-1,
4.375000034869E-1,5.000000030994E-1,5.625000027119E-1,6.250000023244E-1,
6.875000019369E-1,7.500000015494E-1,8.750000007744E-1,1.E0,1.009995631304E0),(
-2.923594213944E-10,1.000000000012E0),.UNSPECIFIED.);
#3842=ORIENTED_EDGE('',*,*,#3733,.F.);
#3843=ORIENTED_EDGE('',*,*,#3642,.F.);
#3844=ORIENTED_EDGE('',*,*,#3163,.F.);
#3846=ORIENTED_EDGE('',*,*,#3845,.T.);
#3847=EDGE_LOOP('',(#3842,#3843,#3844,#3846));
#3848=FACE_OUTER_BOUND('',#3847,.F.);
#3849=ADVANCED_FACE('',(#3848),#3841,.F.);
#3850=CARTESIAN_POINT('',(-1.848723876750E2,2.973861736608E1,1.539999990248E2));
#3851=CARTESIAN_POINT('',(-1.843217821406E2,2.913146081140E1,1.529998217577E2));
#3852=CARTESIAN_POINT('',(-1.837711766062E2,2.852430425672E1,1.519996444905E2));
#3853=CARTESIAN_POINT('',(-1.832205710718E2,2.791714770204E1,1.509994672234E2));
#3854=CARTESIAN_POINT('',(-1.852974302774E2,2.919811312261E1,1.539999990248E2));
#3855=CARTESIAN_POINT('',(-1.847699043037E2,2.856446549437E1,1.529998217577E2));
#3856=CARTESIAN_POINT('',(-1.842423783299E2,2.793081786612E1,1.519996444905E2));
#3857=CARTESIAN_POINT('',(-1.837148523562E2,2.729717023787E1,1.509994672234E2));
#3858=CARTESIAN_POINT('',(-1.862087588615E2,2.816365006369E1,1.539999990248E2));
#3859=CARTESIAN_POINT('',(-1.857301922589E2,2.748000048061E1,1.529998217577E2));
#3860=CARTESIAN_POINT('',(-1.852516256562E2,2.679635089754E1,1.519996444905E2));
#3861=CARTESIAN_POINT('',(-1.847730590535E2,2.611270131446E1,1.509994672234E2));
#3862=CARTESIAN_POINT('',(-1.877411620840E2,2.677309963773E1,1.539999990248E2));
#3863=CARTESIAN_POINT('',(-1.873438793354E2,2.602367439784E1,1.529998217577E2));
#3864=CARTESIAN_POINT('',(-1.869465965867E2,2.527424915795E1,1.519996444905E2));
#3865=CARTESIAN_POINT('',(-1.865493138381E2,2.452482391806E1,1.509994672234E2));
#3866=CARTESIAN_POINT('',(-1.894201591144E2,2.556475259978E1,1.539999990248E2));
#3867=CARTESIAN_POINT('',(-1.891108413286E2,2.475846836573E1,1.529998217577E2));
#3868=CARTESIAN_POINT('',(-1.888015235428E2,2.395218413167E1,1.519996444905E2));
#3869=CARTESIAN_POINT('',(-1.884922057570E2,2.314589989761E1,1.509994672234E2));
#3870=CARTESIAN_POINT('',(-1.918254353869E2,2.421754693837E1,1.539999990248E2));
#3871=CARTESIAN_POINT('',(-1.916410324650E2,2.334797990766E1,1.529998217577E2));
#3872=CARTESIAN_POINT('',(-1.914566295431E2,2.247841287696E1,1.519996444905E2));
#3873=CARTESIAN_POINT('',(-1.912722266213E2,2.160884584625E1,1.509994672234E2));
#3874=CARTESIAN_POINT('',(-1.950918425380E2,2.306709385495E1,1.539999990248E2));
#3875=CARTESIAN_POINT('',(-1.950738299947E2,2.214170189602E1,1.529998217577E2));
#3876=CARTESIAN_POINT('',(-1.950558174514E2,2.121630993710E1,1.519996444905E2));
#3877=CARTESIAN_POINT('',(-1.950378049081E2,2.029091797817E1,1.509994672234E2));
#3878=CARTESIAN_POINT('',(-1.978465391051E2,2.274801345573E1,1.539999990248E2));
#3879=CARTESIAN_POINT('',(-1.979675135263E2,2.180981226794E1,1.529998217577E2));
#3880=CARTESIAN_POINT('',(-1.980884879475E2,2.087161108015E1,1.519996444905E2));
#3881=CARTESIAN_POINT('',(-1.982094623687E2,1.993340989236E1,1.509994672234E2));
#3882=CARTESIAN_POINT('',(-1.992232006604E2,2.274795843163E1,1.539999990248E2));
#3883=CARTESIAN_POINT('',(-1.994138967989E2,2.180978581132E1,1.529998217577E2));
#3884=CARTESIAN_POINT('',(-1.996045929374E2,2.087161319100E1,1.519996444905E2));
#3885=CARTESIAN_POINT('',(-1.997952890759E2,1.993344057068E1,1.509994672234E2));
#3886=B_SPLINE_SURFACE_WITH_KNOTS('',3,3,((#3850,#3851,#3852,#3853),(#3854,
#3855,#3856,#3857),(#3858,#3859,#3860,#3861),(#3862,#3863,#3864,#3865),(#3866,
#3867,#3868,#3869),(#3870,#3871,#3872,#3873),(#3874,#3875,#3876,#3877),(#3878,
#3879,#3880,#3881),(#3882,#3883,#3884,#3885)),.UNSPECIFIED.,.F.,.F.,.F.,(4,1,1,
1,1,1,4),(4,4),(0.E0,1.250008822719E-1,2.500007540829E-1,3.750006258939E-1,
5.000004977050E-1,7.500002413270E-1,9.999997926822E-1),(3.015765550738E-2,
9.698423444536E-1),.UNSPECIFIED.);
#3888=ORIENTED_EDGE('',*,*,#3887,.F.);
#3889=ORIENTED_EDGE('',*,*,#3845,.F.);
#3890=ORIENTED_EDGE('',*,*,#3161,.F.);
#3892=ORIENTED_EDGE('',*,*,#3891,.T.);
#3893=EDGE_LOOP('',(#3888,#3889,#3890,#3892));
#3894=FACE_OUTER_BOUND('',#3893,.F.);
#3895=ADVANCED_FACE('',(#3894),#3886,.F.);
#3896=CARTESIAN_POINT('',(-1.959524910143E2,2.706744520330E1,1.638947316821E2));
#3897=CARTESIAN_POINT('',(-1.972294974027E2,2.551672680771E1,1.603406310263E2));
#3898=CARTESIAN_POINT('',(-1.985065037911E2,2.396600841213E1,1.567865303706E2));
#3899=CARTESIAN_POINT('',(-1.997835101795E2,2.241529001654E1,1.532324297149E2));
#3900=CARTESIAN_POINT('',(-1.958773440585E2,2.706717633237E1,1.638968346129E2));
#3901=CARTESIAN_POINT('',(-1.971470056486E2,2.551634043623E1,1.603427339572E2));
#3902=CARTESIAN_POINT('',(-1.984166672387E2,2.396550454010E1,1.567886333015E2));
#3903=CARTESIAN_POINT('',(-1.996863288288E2,2.241466864396E1,1.532345326457E2));
#3904=CARTESIAN_POINT('',(-1.932813867026E2,2.707857061944E1,1.639698166181E2));
#3905=CARTESIAN_POINT('',(-1.942972656728E2,2.552570897253E1,1.604157159624E2));
#3906=CARTESIAN_POINT('',(-1.953131446430E2,2.397284732563E1,1.568616153067E2));
#3907=CARTESIAN_POINT('',(-1.963290236133E2,2.241998567873E1,1.533075146509E2));
#3908=CARTESIAN_POINT('',(-1.882066098061E2,2.850316110352E1,1.641350446997E2));
#3909=CARTESIAN_POINT('',(-1.887226542331E2,2.708425773262E1,1.605809440439E2));
#3910=CARTESIAN_POINT('',(-1.892386986601E2,2.566535436173E1,1.570268433882E2));
#3911=CARTESIAN_POINT('',(-1.897547430871E2,2.424645099083E1,1.534727427325E2));
#3912=CARTESIAN_POINT('',(-1.827461640496E2,3.401729240774E1,1.643545421062E2));
#3913=CARTESIAN_POINT('',(-1.827211767320E2,3.313942078893E1,1.608004414505E2));
#3914=CARTESIAN_POINT('',(-1.826961894144E2,3.226154917012E1,1.572463407948E2));
#3915=CARTESIAN_POINT('',(-1.826712020969E2,3.138367755131E1,1.536922401391E2));
#3916=CARTESIAN_POINT('',(-1.813904910174E2,3.908464696757E1,1.644256500352E2));
#3917=CARTESIAN_POINT('',(-1.812315286363E2,3.870667259891E1,1.608715493795E2));
#3918=CARTESIAN_POINT('',(-1.810725662551E2,3.832869823026E1,1.573174487238E2));
#3919=CARTESIAN_POINT('',(-1.809136038739E2,3.795072386161E1,1.537633480681E2));
#3920=CARTESIAN_POINT('',(-1.814116477552E2,4.165846144846E1,1.644353930567E2));
#3921=CARTESIAN_POINT('',(-1.812547289414E2,4.153433254968E1,1.608812924010E2));
#3922=CARTESIAN_POINT('',(-1.810978101276E2,4.141020365091E1,1.573271917453E2));
#3923=CARTESIAN_POINT('',(-1.809408913138E2,4.128607475213E1,1.537730910896E2));
#3924=CARTESIAN_POINT('',(-1.814128715873E2,4.173356929054E1,1.644356548099E2));
#3925=CARTESIAN_POINT('',(-1.812560722923E2,4.161684792223E1,1.608815541542E2));
#3926=CARTESIAN_POINT('',(-1.810992729974E2,4.150012655392E1,1.573274534985E2));
#3927=CARTESIAN_POINT('',(-1.809424737024E2,4.138340518561E1,1.537733528428E2));
#3928=B_SPLINE_SURFACE_WITH_KNOTS('',3,3,((#3896,#3897,#3898,#3899),(#3900,
#3901,#3902,#3903),(#3904,#3905,#3906,#3907),(#3908,#3909,#3910,#3911),(#3912,
#3913,#3914,#3915),(#3916,#3917,#3918,#3919),(#3920,#3921,#3922,#3923),(#3924,
#3925,#3926,#3927)),.UNSPECIFIED.,.F.,.F.,.F.,(4,1,1,1,1,4),(4,4),(
-9.935600244802E-3,0.E0,3.333333205398E-1,6.666666405987E-1,1.E0,
1.010020476044E0),(-2.000008578800E-2,1.020004375345E0),.UNSPECIFIED.);
#3930=ORIENTED_EDGE('',*,*,#3929,.T.);
#3932=ORIENTED_EDGE('',*,*,#3931,.F.);
#3934=ORIENTED_EDGE('',*,*,#3933,.T.);
#3935=ORIENTED_EDGE('',*,*,#3735,.T.);
#3936=ORIENTED_EDGE('',*,*,#3887,.T.);
#3937=EDGE_LOOP('',(#3930,#3932,#3934,#3935,#3936));
#3938=FACE_OUTER_BOUND('',#3937,.F.);
#3939=ADVANCED_FACE('',(#3938),#3928,.T.);
#3940=CARTESIAN_POINT('',(-1.810270041920E2,4.122626430661E1,1.540989174619E2));
#3941=CARTESIAN_POINT('',(-1.801981630576E2,4.118583986918E1,1.530331863239E2));
#3942=CARTESIAN_POINT('',(-1.793693219232E2,4.114541543175E1,1.519674551859E2));
#3943=CARTESIAN_POINT('',(-1.785404807888E2,4.110499099432E1,1.509017240478E2));
#3944=CARTESIAN_POINT('',(-1.810266893998E2,4.118565484933E1,1.540981574067E2));
#3945=CARTESIAN_POINT('',(-1.801979089131E2,4.114355009237E1,1.530326876549E2));
#3946=CARTESIAN_POINT('',(-1.793691284265E2,4.110144533542E1,1.519672179032E2));
#3947=CARTESIAN_POINT('',(-1.785403479398E2,4.105934057846E1,1.509017481515E2));
#3948=CARTESIAN_POINT('',(-1.810221053567E2,4.013003906848E1,1.540786985545E2));
#3949=CARTESIAN_POINT('',(-1.801950462511E2,4.004403045767E1,1.530199207863E2));
#3950=CARTESIAN_POINT('',(-1.793679871454E2,3.995802184687E1,1.519611430181E2));
#3951=CARTESIAN_POINT('',(-1.785409280398E2,3.987201323606E1,1.509023652498E2));
#3952=CARTESIAN_POINT('',(-1.811962439524E2,3.805700243992E1,1.540553208598E2));
#3953=CARTESIAN_POINT('',(-1.803800633951E2,3.787342395472E1,1.530045827820E2));
#3954=CARTESIAN_POINT('',(-1.795638828378E2,3.768984546953E1,1.519538447043E2));
#3955=CARTESIAN_POINT('',(-1.787477022806E2,3.750626698433E1,1.509031066266E2));
#3956=CARTESIAN_POINT('',(-1.819473180579E2,3.509532386750E1,1.540382971535E2));
#3957=CARTESIAN_POINT('',(-1.811760889567E2,3.474850767987E1,1.529934136021E2));
#3958=CARTESIAN_POINT('',(-1.804048598554E2,3.440169149223E1,1.519485300507E2));
#3959=CARTESIAN_POINT('',(-1.796336307542E2,3.405487530460E1,1.509036464993E2));
#3960=CARTESIAN_POINT('',(-1.831716674079E2,3.229517139015E1,1.540373423132E2));
#3961=CARTESIAN_POINT('',(-1.824803838932E2,3.178582223301E1,1.529927871356E2));
#3962=CARTESIAN_POINT('',(-1.817891003785E2,3.127647307587E1,1.519482319579E2));
#3963=CARTESIAN_POINT('',(-1.810978168639E2,3.076712391872E1,1.509036767802E2));
#3964=CARTESIAN_POINT('',(-1.843189769117E2,3.055980763432E1,1.540732103926E2));
#3965=CARTESIAN_POINT('',(-1.836978763643E2,2.995396535226E1,1.530163200271E2));
#3966=CARTESIAN_POINT('',(-1.830767758169E2,2.934812307019E1,1.519594296615E2));
#3967=CARTESIAN_POINT('',(-1.824556752695E2,2.874228078813E1,1.509025392960E2));
#3968=CARTESIAN_POINT('',(-1.849768893386E2,2.973482840115E1,1.541003234183E2));
#3969=CARTESIAN_POINT('',(-1.843931723427E2,2.908458567909E1,1.530341087657E2));
#3970=CARTESIAN_POINT('',(-1.838094553468E2,2.843434295704E1,1.519678941132E2));
#3971=CARTESIAN_POINT('',(-1.832257383509E2,2.778410023498E1,1.509016794607E2));
#3972=CARTESIAN_POINT('',(-1.850022505E2,2.970325014383E1,1.541013771173E2));
#3973=CARTESIAN_POINT('',(-1.844199706961E2,2.905131021875E1,1.530348000931E2));
#3974=CARTESIAN_POINT('',(-1.838376908922E2,2.839937029366E1,1.519682230689E2));
#3975=CARTESIAN_POINT('',(-1.832554110883E2,2.774743036858E1,1.509016460447E2));
#3976=B_SPLINE_SURFACE_WITH_KNOTS('',3,3,((#3940,#3941,#3942,#3943),(#3944,
#3945,#3946,#3947),(#3948,#3949,#3950,#3951),(#3952,#3953,#3954,#3955),(#3956,
#3957,#3958,#3959),(#3960,#3961,#3962,#3963),(#3964,#3965,#3966,#3967),(#3968,
#3969,#3970,#3971),(#3972,#3973,#3974,#3975)),.UNSPECIFIED.,.F.,.F.,.F.,(4,1,1,
1,1,1,4),(4,4),(-1.000299063435E-2,0.E0,2.499999998926E-1,4.999999997849E-1,
7.499999996773E-1,1.E0,1.009979386599E0),(-2.710693614016E-10,1.000000000012E0),
.UNSPECIFIED.);
#3977=ORIENTED_EDGE('',*,*,#3929,.F.);
#3978=ORIENTED_EDGE('',*,*,#3891,.F.);
#3979=ORIENTED_EDGE('',*,*,#3159,.F.);
#3981=ORIENTED_EDGE('',*,*,#3980,.T.);
#3982=EDGE_LOOP('',(#3977,#3978,#3979,#3981));
#3983=FACE_OUTER_BOUND('',#3982,.F.);
#3984=ADVANCED_FACE('',(#3983),#3976,.F.);
#3985=CARTESIAN_POINT('',(-1.810267735415E2,4.119239367602E1,1.540982869753E2));
#3986=CARTESIAN_POINT('',(-1.801979824560E2,4.115060984896E1,1.530327726647E2));
#3987=CARTESIAN_POINT('',(-1.793691913705E2,4.110882602189E1,1.519672583541E2));
#3988=CARTESIAN_POINT('',(-1.785404002850E2,4.106704219483E1,1.509017440435E2));
#3989=CARTESIAN_POINT('',(-1.810267701794E2,4.119181874507E1,1.540982762956E2));
#3990=CARTESIAN_POINT('',(-1.801979800060E2,4.115001068107E1,1.530327656576E2));
#3991=CARTESIAN_POINT('',(-1.793691898326E2,4.110820261708E1,1.519672550197E2));
#3992=CARTESIAN_POINT('',(-1.785403996593E2,4.106639455308E1,1.509017443818E2));
#3993=CARTESIAN_POINT('',(-1.810266001199E2,4.116249725623E1,1.540977317489E2));
#3994=CARTESIAN_POINT('',(-1.801978565254E2,4.111945311156E1,1.530324083756E2));
#3995=CARTESIAN_POINT('',(-1.793691129309E2,4.107640896689E1,1.519670850023E2));
#3996=CARTESIAN_POINT('',(-1.785403693364E2,4.103336482222E1,1.509017616291E2));
#3997=CARTESIAN_POINT('',(-1.810265000466E2,4.113260029897E1,1.540971827482E2));
#3998=CARTESIAN_POINT('',(-1.801978070562E2,4.108829599184E1,1.530320481786E2));
#3999=CARTESIAN_POINT('',(-1.793691140658E2,4.104399168471E1,1.519669136091E2));
#4000=CARTESIAN_POINT('',(-1.785404210754E2,4.099968737758E1,1.509017790395E2));
#4001=CARTESIAN_POINT('',(-1.810264738097E2,4.110327810443E1,1.540966504153E2));
#4002=CARTESIAN_POINT('',(-1.801978335017E2,4.105773803483E1,1.530316989246E2));
#4003=CARTESIAN_POINT('',(-1.793691931938E2,4.101219796523E1,1.519667474340E2));
#4004=CARTESIAN_POINT('',(-1.785405528858E2,4.096665789563E1,1.509017959433E2));
#4005=CARTESIAN_POINT('',(-1.810264733229E2,4.110270315938E1,1.540966399798E2));
#4006=CARTESIAN_POINT('',(-1.801978340491E2,4.105713885920E1,1.530316920781E2));
#4007=CARTESIAN_POINT('',(-1.793691947753E2,4.101157455903E1,1.519667441764E2));
#4008=CARTESIAN_POINT('',(-1.785405555015E2,4.096601025885E1,1.509017962747E2));
#4009=B_SPLINE_SURFACE_WITH_KNOTS('',3,3,((#3985,#3986,#3987,#3988),(#3989,
#3990,#3991,#3992),(#3993,#3994,#3995,#3996),(#3997,#3998,#3999,#4000),(#4001,
#4002,#4003,#4004),(#4005,#4006,#4007,#4008)),.UNSPECIFIED.,.F.,.F.,.F.,(4,1,1,
4),(4,4),(-2.000000000015E-2,0.E0,1.E0,1.020000000002E0),(4.105586801084E-9,
9.999999374195E-1),.UNSPECIFIED.);
#4011=ORIENTED_EDGE('',*,*,#4010,.F.);
#4012=ORIENTED_EDGE('',*,*,#3980,.F.);
#4013=ORIENTED_EDGE('',*,*,#3157,.F.);
#4015=ORIENTED_EDGE('',*,*,#4014,.T.);
#4016=EDGE_LOOP('',(#4011,#4012,#4013,#4015));
#4017=FACE_OUTER_BOUND('',#4016,.F.);
#4018=ADVANCED_FACE('',(#4017),#4009,.F.);
#4019=CARTESIAN_POINT('',(-1.814253095861E2,4.129595293262E1,1.647176286534E2));
#4020=CARTESIAN_POINT('',(-1.812645409598E2,4.113072276402E1,1.610735637492E2));
#4021=CARTESIAN_POINT('',(-1.811037723335E2,4.096549259542E1,1.574294988449E2));
#4022=CARTESIAN_POINT('',(-1.809430037072E2,4.080026242682E1,1.537854339407E2));
#4023=CARTESIAN_POINT('',(-1.814241237016E2,4.137040815797E1,1.647179797953E2));
#4024=CARTESIAN_POINT('',(-1.812632327319E2,4.121276682117E1,1.610739148911E2));
#4025=CARTESIAN_POINT('',(-1.811023417623E2,4.105512548438E1,1.574298499869E2));
#4026=CARTESIAN_POINT('',(-1.809414507926E2,4.089748414759E1,1.537857850827E2));
#4027=CARTESIAN_POINT('',(-1.814040645744E2,4.392388786150E1,1.647292553617E2));
#4028=CARTESIAN_POINT('',(-1.812410800882E2,4.402651125127E1,1.610851904575E2));
#4029=CARTESIAN_POINT('',(-1.810780956020E2,4.412913464103E1,1.574411255533E2));
#4030=CARTESIAN_POINT('',(-1.809151111157E2,4.423175803079E1,1.537970606491E2));
#4031=CARTESIAN_POINT('',(-1.827516091786E2,4.895142793798E1,1.646998402144E2));
#4032=CARTESIAN_POINT('',(-1.827259894021E2,4.956659614784E1,1.610557753103E2));
#4033=CARTESIAN_POINT('',(-1.827003696256E2,5.018176435770E1,1.574117104061E2));
#4034=CARTESIAN_POINT('',(-1.826747498491E2,5.079693256756E1,1.537676455020E2));
#4035=CARTESIAN_POINT('',(-1.881794879158E2,5.440573312525E1,1.645204614965E2));
#4036=CARTESIAN_POINT('',(-1.887085948740E2,5.557562806749E1,1.608763965920E2));
#4037=CARTESIAN_POINT('',(-1.892377018322E2,5.674552300972E1,1.572323316876E2));
#4038=CARTESIAN_POINT('',(-1.897668087905E2,5.791541795196E1,1.535882667832E2));
#4039=CARTESIAN_POINT('',(-1.931334399227E2,5.578157553645E1,1.643561143528E2));
#4040=CARTESIAN_POINT('',(-1.941675685176E2,5.708681892733E1,1.607120494491E2));
#4041=CARTESIAN_POINT('',(-1.952016971125E2,5.839206231821E1,1.570679845454E2));
#4042=CARTESIAN_POINT('',(-1.962358257074E2,5.969730570910E1,1.534239196416E2));
#4043=CARTESIAN_POINT('',(-1.957025313564E2,5.580987142337E1,1.642766611414E2));
#4044=CARTESIAN_POINT('',(-1.969969340778E2,5.711509810540E1,1.606325962372E2));
#4045=CARTESIAN_POINT('',(-1.982913367992E2,5.842032478744E1,1.569885313329E2));
#4046=CARTESIAN_POINT('',(-1.995857395206E2,5.972555146947E1,1.533444664286E2));
#4047=CARTESIAN_POINT('',(-1.957776096576E2,5.581010008963E1,1.642743442359E2));
#4048=CARTESIAN_POINT('',(-1.970796170777E2,5.711526498997E1,1.606302793375E2));
#4049=CARTESIAN_POINT('',(-1.983816244977E2,5.842042989031E1,1.569862144390E2));
#4050=CARTESIAN_POINT('',(-1.996836319178E2,5.972559479066E1,1.533421495406E2));
#4051=CARTESIAN_POINT('',(-1.958520969248E2,5.580973583123E1,1.642720507376E2));
#4052=CARTESIAN_POINT('',(-1.971616477980E2,5.711477888332E1,1.606279858118E2));
#4053=CARTESIAN_POINT('',(-1.984711986712E2,5.841982193542E1,1.569839208860E2));
#4054=CARTESIAN_POINT('',(-1.997807495444E2,5.972486498751E1,1.533398559603E2));
#4055=B_SPLINE_SURFACE_WITH_KNOTS('',3,3,((#4019,#4020,#4021,#4022),(#4023,
#4024,#4025,#4026),(#4027,#4028,#4029,#4030),(#4031,#4032,#4033,#4034),(#4035,
#4036,#4037,#4038),(#4039,#4040,#4041,#4042),(#4043,#4044,#4045,#4046),(#4047,
#4048,#4049,#4050),(#4051,#4052,#4053,#4054)),.UNSPECIFIED.,.F.,.F.,.F.,(4,1,1,
1,1,1,4),(4,4),(-1.001149086593E-2,0.E0,3.333066830673E-1,6.666133925123E-1,
9.999201034501E-1,1.E0,1.009951611040E0),(-7.582499670335E-5,9.999893062175E-1),
.UNSPECIFIED.);
#4057=ORIENTED_EDGE('',*,*,#4056,.T.);
#4058=ORIENTED_EDGE('',*,*,#3693,.T.);
#4060=ORIENTED_EDGE('',*,*,#4059,.T.);
#4062=ORIENTED_EDGE('',*,*,#4061,.T.);
#4064=ORIENTED_EDGE('',*,*,#4063,.T.);
#4066=ORIENTED_EDGE('',*,*,#4065,.T.);
#4068=ORIENTED_EDGE('',*,*,#4067,.T.);
#4070=ORIENTED_EDGE('',*,*,#4069,.T.);
#4072=ORIENTED_EDGE('',*,*,#4071,.T.);
#4074=ORIENTED_EDGE('',*,*,#4073,.T.);
#4076=ORIENTED_EDGE('',*,*,#4075,.F.);
#4077=ORIENTED_EDGE('',*,*,#3931,.T.);
#4078=ORIENTED_EDGE('',*,*,#4010,.T.);
#4080=ORIENTED_EDGE('',*,*,#4079,.T.);
#4081=EDGE_LOOP('',(#4057,#4058,#4060,#4062,#4064,#4066,#4068,#4070,#4072,#4074,
#4076,#4077,#4078,#4080));
#4082=FACE_OUTER_BOUND('',#4081,.F.);
#4083=ADVANCED_FACE('',(#4082),#4055,.T.);
#4084=CARTESIAN_POINT('',(-1.993587370774E2,5.940510836879E1,1.540933493763E2));
#4085=CARTESIAN_POINT('',(-1.996113771157E2,6.037613858090E1,1.530311097961E2));
#4086=CARTESIAN_POINT('',(-1.998640171540E2,6.134716879300E1,1.519688702159E2));
#4087=CARTESIAN_POINT('',(-2.001166571923E2,6.231819900511E1,1.509066306356E2));
#4088=CARTESIAN_POINT('',(-1.993174441221E2,5.940535334657E1,1.540933493763E2));
#4089=CARTESIAN_POINT('',(-1.995677297039E2,6.037641014458E1,1.530311097961E2));
#4090=CARTESIAN_POINT('',(-1.998180152856E2,6.134746694258E1,1.519688702159E2));
#4091=CARTESIAN_POINT('',(-2.000683008674E2,6.231852374058E1,1.509066306356E2));
#4092=CARTESIAN_POINT('',(-1.977552285602E2,5.940930612740E1,1.540933493763E2));
#4093=CARTESIAN_POINT('',(-1.979164373870E2,6.038104463602E1,1.530311097961E2));
#4094=CARTESIAN_POINT('',(-1.980776462137E2,6.135278314464E1,1.519688702159E2));
#4095=CARTESIAN_POINT('',(-1.982388550404E2,6.232452165325E1,1.509066306356E2));
#4096=CARTESIAN_POINT('',(-1.961520125734E2,5.920536403511E1,1.540933493763E2));
#4097=CARTESIAN_POINT('',(-1.962217508012E2,6.016510663740E1,1.530311097961E2));
#4098=CARTESIAN_POINT('',(-1.962914890290E2,6.112484923970E1,1.519688702159E2));
#4099=CARTESIAN_POINT('',(-1.963612272568E2,6.208459184199E1,1.509066306356E2));
#4100=CARTESIAN_POINT('',(-1.946405407828E2,5.881041326343E1,1.540933493763E2));
#4101=CARTESIAN_POINT('',(-1.946243853349E2,5.974652633344E1,1.530311097961E2));
#4102=CARTESIAN_POINT('',(-1.946082298871E2,6.068263940345E1,1.519688702159E2));
#4103=CARTESIAN_POINT('',(-1.945920744392E2,6.161875247346E1,1.509066306356E2));
#4104=CARTESIAN_POINT('',(-1.946006242775E2,5.879983778281E1,1.540933493763E2));
#4105=CARTESIAN_POINT('',(-1.945822007133E2,5.973531800361E1,1.530311097961E2));
#4106=CARTESIAN_POINT('',(-1.945637771491E2,6.067079822442E1,1.519688702159E2));
#4107=CARTESIAN_POINT('',(-1.945453535849E2,6.160627844522E1,1.509066306356E2));
#4108=B_SPLINE_SURFACE_WITH_KNOTS('',3,3,((#4084,#4085,#4086,#4087),(#4088,
#4089,#4090,#4091),(#4092,#4093,#4094,#4095),(#4096,#4097,#4098,#4099),(#4100,
#4101,#4102,#4103),(#4104,#4105,#4106,#4107)),.UNSPECIFIED.,.F.,.F.,.F.,(4,1,1,
4),(4,4),(-2.715052808537E-2,0.E0,1.E0,1.027150528085E0),(-2.243647281852E-11,
1.000001827545E0),.UNSPECIFIED.);
#4109=ORIENTED_EDGE('',*,*,#4056,.F.);
#4111=ORIENTED_EDGE('',*,*,#4110,.T.);
#4112=ORIENTED_EDGE('',*,*,#3153,.F.);
#4114=ORIENTED_EDGE('',*,*,#4113,.T.);
#4115=EDGE_LOOP('',(#4109,#4111,#4112,#4114));
#4116=FACE_OUTER_BOUND('',#4115,.F.);
#4117=ADVANCED_FACE('',(#4116),#4108,.F.);
#4118=CARTESIAN_POINT('',(-1.949535019354E2,5.888524325127E1,1.540982257207E2));
#4119=CARTESIAN_POINT('',(-1.949554915423E2,5.982792453883E1,1.530327408799E2));
#4120=CARTESIAN_POINT('',(-1.949574811493E2,6.077060582640E1,1.519672560391E2));
#4121=CARTESIAN_POINT('',(-1.949594707562E2,6.171328711396E1,1.509017711984E2));
#4122=CARTESIAN_POINT('',(-1.948757176046E2,5.886628649383E1,1.540982257207E2));
#4123=CARTESIAN_POINT('',(-1.948731780121E2,5.980818187752E1,1.530327408799E2));
#4124=CARTESIAN_POINT('',(-1.948706384196E2,6.075007726121E1,1.519672560391E2));
#4125=CARTESIAN_POINT('',(-1.948680988271E2,6.169197264490E1,1.509017711984E2));
#4126=CARTESIAN_POINT('',(-1.938268684720E2,5.860340416755E1,1.540982257207E2));
#4127=CARTESIAN_POINT('',(-1.937629250366E2,5.953420917304E1,1.530327408799E2));
#4128=CARTESIAN_POINT('',(-1.936989816013E2,6.046501417854E1,1.519672560391E2));
#4129=CARTESIAN_POINT('',(-1.936350381660E2,6.139581918404E1,1.509017711984E2));
#4130=CARTESIAN_POINT('',(-1.918535417928E2,5.791941640847E1,1.540982257207E2));
#4131=CARTESIAN_POINT('',(-1.916659206727E2,5.881640631944E1,1.530327408799E2));
#4132=CARTESIAN_POINT('',(-1.914782995526E2,5.971339623041E1,1.519672560391E2));
#4133=CARTESIAN_POINT('',(-1.912906784325E2,6.061038614138E1,1.509017711984E2));
#4134=CARTESIAN_POINT('',(-1.892105887766E2,5.647694739682E1,1.540982257207E2));
#4135=CARTESIAN_POINT('',(-1.888512096120E2,5.728940051387E1,1.530327408799E2));
#4136=CARTESIAN_POINT('',(-1.884918304474E2,5.810185363092E1,1.519672560391E2));
#4137=CARTESIAN_POINT('',(-1.881324512828E2,5.891430674796E1,1.509017711984E2));
#4138=CARTESIAN_POINT('',(-1.868443102646E2,5.461454679878E1,1.540982257207E2));
#4139=CARTESIAN_POINT('',(-1.863434568652E2,5.532324876659E1,1.530327408799E2));
#4140=CARTESIAN_POINT('',(-1.858426034659E2,5.603195073441E1,1.519672560391E2));
#4141=CARTESIAN_POINT('',(-1.853417500665E2,5.674065270223E1,1.509017711984E2));
#4142=CARTESIAN_POINT('',(-1.848082702066E2,5.239564764964E1,1.540982257207E2));
#4143=CARTESIAN_POINT('',(-1.841910220737E2,5.298508428968E1,1.530327408799E2));
#4144=CARTESIAN_POINT('',(-1.835737739409E2,5.357452092972E1,1.519672560391E2));
#4145=CARTESIAN_POINT('',(-1.829565258081E2,5.416395756976E1,1.509017711984E2));
#4146=CARTESIAN_POINT('',(-1.831623243346E2,4.987475981077E1,1.540982257207E2));
#4147=CARTESIAN_POINT('',(-1.824423958268E2,5.031287638923E1,1.530327408799E2));
#4148=CARTESIAN_POINT('',(-1.817224673190E2,5.075099296770E1,1.519672560391E2));
#4149=CARTESIAN_POINT('',(-1.810025388112E2,5.118910954616E1,1.509017711984E2));
#4150=CARTESIAN_POINT('',(-1.819564733866E2,4.711566847602E1,1.540982257207E2));
#4151=CARTESIAN_POINT('',(-1.811639580716E2,4.738254741667E1,1.530327408799E2));
#4152=CARTESIAN_POINT('',(-1.803714427566E2,4.764942635732E1,1.519672560391E2));
#4153=CARTESIAN_POINT('',(-1.795789274417E2,4.791630529797E1,1.509017711984E2));
#4154=CARTESIAN_POINT('',(-1.812097368951E2,4.419786751489E1,1.540982257207E2));
#4155=CARTESIAN_POINT('',(-1.803820130418E2,4.429560536719E1,1.530327408799E2));
#4156=CARTESIAN_POINT('',(-1.795542891886E2,4.439334321949E1,1.519672560391E2));
#4157=CARTESIAN_POINT('',(-1.787265653354E2,4.449108107179E1,1.509017711984E2));
#4158=CARTESIAN_POINT('',(-1.810246545398E2,4.211285829976E1,1.540982257207E2));
#4159=CARTESIAN_POINT('',(-1.801936250699E2,4.210999985453E1,1.530327408799E2));
#4160=CARTESIAN_POINT('',(-1.793625956E2,4.210714140931E1,1.519672560391E2));
#4161=CARTESIAN_POINT('',(-1.785315661300E2,4.210428296408E1,1.509017711984E2));
#4162=CARTESIAN_POINT('',(-1.810264743359E2,4.103056218373E1,1.540982257207E2));
#4163=CARTESIAN_POINT('',(-1.801980640873E2,4.098189470800E1,1.530327408799E2));
#4164=CARTESIAN_POINT('',(-1.793696538387E2,4.093322723228E1,1.519672560391E2));
#4165=CARTESIAN_POINT('',(-1.785412435902E2,4.088455975655E1,1.509017711984E2));
#4166=CARTESIAN_POINT('',(-1.810271466522E2,4.095051916068E1,1.540982257207E2));
#4167=CARTESIAN_POINT('',(-1.801989531625E2,4.089849930880E1,1.530327408799E2));
#4168=CARTESIAN_POINT('',(-1.793707596727E2,4.084647945691E1,1.519672560391E2));
#4169=CARTESIAN_POINT('',(-1.785425661830E2,4.079445960502E1,1.509017711984E2));
#4170=B_SPLINE_SURFACE_WITH_KNOTS('',3,3,((#4118,#4119,#4120,#4121),(#4122,
#4123,#4124,#4125),(#4126,#4127,#4128,#4129),(#4130,#4131,#4132,#4133),(#4134,
#4135,#4136,#4137),(#4138,#4139,#4140,#4141),(#4142,#4143,#4144,#4145),(#4146,
#4147,#4148,#4149),(#4150,#4151,#4152,#4153),(#4154,#4155,#4156,#4157),(#4158,
#4159,#4160,#4161),(#4162,#4163,#4164,#4165),(#4166,#4167,#4168,#4169)),
.UNSPECIFIED.,.F.,.F.,.F.,(4,1,1,1,1,1,1,1,1,1,4),(4,4),(-9.995207410226E-3,
0.E0,1.25E-1,2.500000000001E-1,3.750000000002E-1,5.000000000003E-1,
6.250000000004E-1,7.500000000005E-1,8.750000000005E-1,1.E0,1.009984104219E0),(
7.853703798411E-12,1.000000963862E0),.UNSPECIFIED.);
#4171=ORIENTED_EDGE('',*,*,#4079,.F.);
#4172=ORIENTED_EDGE('',*,*,#4014,.F.);
#4173=ORIENTED_EDGE('',*,*,#3155,.F.);
#4174=ORIENTED_EDGE('',*,*,#4110,.F.);
#4175=EDGE_LOOP('',(#4171,#4172,#4173,#4174));
#4176=FACE_OUTER_BOUND('',#4175,.F.);
#4177=ADVANCED_FACE('',(#4176),#4170,.F.);
#4178=CARTESIAN_POINT('',(-2.169176533850E2,4.588810107450E1,1.540000007444E2));
#4179=CARTESIAN_POINT('',(-2.180244712900E2,4.607763821126E1,1.529999997418E2));
#4180=CARTESIAN_POINT('',(-2.191312891950E2,4.626717534803E1,1.519999987392E2));
#4181=CARTESIAN_POINT('',(-2.202381070999E2,4.645671248480E1,1.509999977366E2));
#4182=CARTESIAN_POINT('',(-2.166597680735E2,4.685295793141E1,1.540000007444E2));
#4183=CARTESIAN_POINT('',(-2.177578424291E2,4.709334724734E1,1.529999997418E2));
#4184=CARTESIAN_POINT('',(-2.188559167847E2,4.733373656327E1,1.519999987392E2));
#4185=CARTESIAN_POINT('',(-2.199539911403E2,4.757412587920E1,1.509999977366E2));
#4186=CARTESIAN_POINT('',(-2.159894113135E2,4.874202441616E1,1.540000007444E2));
#4187=CARTESIAN_POINT('',(-2.170598835743E2,4.908199507226E1,1.529999997418E2));
#4188=CARTESIAN_POINT('',(-2.181303558351E2,4.942196572837E1,1.519999987392E2));
#4189=CARTESIAN_POINT('',(-2.192008280959E2,4.976193638447E1,1.509999977366E2));
#4190=CARTESIAN_POINT('',(-2.145342100636E2,5.137419998265E1,1.540000007444E2));
#4191=CARTESIAN_POINT('',(-2.155383634688E2,5.185385666861E1,1.529999997418E2));
#4192=CARTESIAN_POINT('',(-2.165425168740E2,5.233351335457E1,1.519999987392E2));
#4193=CARTESIAN_POINT('',(-2.175466702792E2,5.281317004053E1,1.509999977366E2));
#4194=CARTESIAN_POINT('',(-2.126644849283E2,5.372970636728E1,1.540000007444E2));
#4195=CARTESIAN_POINT('',(-2.135806722441E2,5.433668969022E1,1.529999997418E2));
#4196=CARTESIAN_POINT('',(-2.144968595600E2,5.494367301316E1,1.519999987392E2));
#4197=CARTESIAN_POINT('',(-2.154130468758E2,5.555065633611E1,1.509999977366E2));
#4198=CARTESIAN_POINT('',(-2.104430730822E2,5.575614920842E1,1.540000007444E2));
#4199=CARTESIAN_POINT('',(-2.112481975919E2,5.647081583764E1,1.529999997418E2));
#4200=CARTESIAN_POINT('',(-2.120533221015E2,5.718548246686E1,1.519999987392E2));
#4201=CARTESIAN_POINT('',(-2.128584466112E2,5.790014909608E1,1.509999977366E2));
#4202=CARTESIAN_POINT('',(-2.079213084850E2,5.739405952143E1,1.540000007444E2));
#4203=CARTESIAN_POINT('',(-2.085982765001E2,5.819520598513E1,1.529999997418E2));
#4204=CARTESIAN_POINT('',(-2.092752445152E2,5.899635244882E1,1.519999987392E2));
#4205=CARTESIAN_POINT('',(-2.099522125304E2,5.979749891251E1,1.509999977366E2));
#4206=CARTESIAN_POINT('',(-2.051629470839E2,5.858991820086E1,1.540000007444E2));
#4207=CARTESIAN_POINT('',(-2.056997630865E2,5.945685970658E1,1.529999997418E2));
#4208=CARTESIAN_POINT('',(-2.062365790891E2,6.032380121231E1,1.519999987392E2));
#4209=CARTESIAN_POINT('',(-2.067733950916E2,6.119074271803E1,1.509999977366E2));
#4210=CARTESIAN_POINT('',(-2.022499833336E2,5.932316725654E1,1.540000007444E2));
#4211=CARTESIAN_POINT('',(-2.026362598965E2,6.022953393401E1,1.529999997418E2));
#4212=CARTESIAN_POINT('',(-2.030225364595E2,6.113590061148E1,1.519999987392E2));
#4213=CARTESIAN_POINT('',(-2.034088130224E2,6.204226728895E1,1.509999977366E2));
#4214=CARTESIAN_POINT('',(-2.002531018782E2,5.949075959799E1,1.540000007444E2));
#4215=CARTESIAN_POINT('',(-2.005363712214E2,6.040495610946E1,1.529999997418E2));
#4216=CARTESIAN_POINT('',(-2.008196405646E2,6.131915262092E1,1.519999987392E2));
#4217=CARTESIAN_POINT('',(-2.011029099077E2,6.223334913238E1,1.509999977366E2));
#4218=CARTESIAN_POINT('',(-1.992564377092E2,5.949076020287E1,1.540000007444E2));
#4219=CARTESIAN_POINT('',(-1.994876253805E2,6.040496322801E1,1.529999997418E2));
#4220=CARTESIAN_POINT('',(-1.997188130518E2,6.131916625315E1,1.519999987392E2));
#4221=CARTESIAN_POINT('',(-1.999500007232E2,6.223336927829E1,1.509999977366E2));
#4222=B_SPLINE_SURFACE_WITH_KNOTS('',3,3,((#4178,#4179,#4180,#4181),(#4182,
#4183,#4184,#4185),(#4186,#4187,#4188,#4189),(#4190,#4191,#4192,#4193),(#4194,
#4195,#4196,#4197),(#4198,#4199,#4200,#4201),(#4202,#4203,#4204,#4205),(#4206,
#4207,#4208,#4209),(#4210,#4211,#4212,#4213),(#4214,#4215,#4216,#4217),(#4218,
#4219,#4220,#4221)),.UNSPECIFIED.,.F.,.F.,.F.,(4,1,1,1,1,1,1,1,4),(4,4),(
-2.886569981954E-14,1.249999965386E-1,2.499999662006E-1,3.749999358627E-1,
4.999999055247E-1,6.249998751867E-1,7.499998448487E-1,8.749998145108E-1,
9.999997769801E-1),(2.847354142516E-2,9.715090130566E-1),.UNSPECIFIED.);
#4223=ORIENTED_EDGE('',*,*,#3695,.F.);
#4224=ORIENTED_EDGE('',*,*,#4113,.F.);
#4225=ORIENTED_EDGE('',*,*,#3151,.F.);
#4226=ORIENTED_EDGE('',*,*,#3639,.F.);
#4227=EDGE_LOOP('',(#4223,#4224,#4225,#4226));
#4228=FACE_OUTER_BOUND('',#4227,.F.);
#4229=ADVANCED_FACE('',(#4228),#4222,.F.);
#4230=CARTESIAN_POINT('',(-1.947030280173E2,5.493365917732E1,1.667289187467E2));
#4231=CARTESIAN_POINT('',(-1.946583863537E2,5.524814119422E1,1.658049939830E2));
#4232=CARTESIAN_POINT('',(-1.946137446901E2,5.556262321112E1,1.648810692193E2));
#4233=CARTESIAN_POINT('',(-1.945691030265E2,5.587710522803E1,1.639571444557E2));
#4234=CARTESIAN_POINT('',(-1.947084015778E2,5.493229632047E1,1.667243239706E2));
#4235=CARTESIAN_POINT('',(-1.946658942642E2,5.524716445095E1,1.658013726918E2));
#4236=CARTESIAN_POINT('',(-1.946233869505E2,5.556203258144E1,1.648784214130E2));
#4237=CARTESIAN_POINT('',(-1.945808796369E2,5.587690071192E1,1.639554701343E2));
#4238=CARTESIAN_POINT('',(-1.947150104306E2,5.493486141981E1,1.667291684122E2));
#4239=CARTESIAN_POINT('',(-1.946707323356E2,5.524954776806E1,1.658051979769E2));
#4240=CARTESIAN_POINT('',(-1.946264542407E2,5.556423411631E1,1.648812275416E2));
#4241=CARTESIAN_POINT('',(-1.945821761457E2,5.587892046456E1,1.639572571064E2));
#4242=CARTESIAN_POINT('',(-1.947325465334E2,5.493444940970E1,1.667241885731E2));
#4243=CARTESIAN_POINT('',(-1.946910465645E2,5.524975869487E1,1.658013054973E2));
#4244=CARTESIAN_POINT('',(-1.946495465956E2,5.556506798003E1,1.648784224215E2));
#4245=CARTESIAN_POINT('',(-1.946080466268E2,5.588037726519E1,1.639555393456E2));
#4246=CARTESIAN_POINT('',(-1.947612357397E2,5.493628188070E1,1.667223682316E2));
#4247=CARTESIAN_POINT('',(-1.947216611847E2,5.525219264209E1,1.657999494466E2));
#4248=CARTESIAN_POINT('',(-1.946820866296E2,5.556810340349E1,1.648775306616E2));
#4249=CARTESIAN_POINT('',(-1.946425120746E2,5.588401416489E1,1.639551118766E2));
#4250=CARTESIAN_POINT('',(-1.948200651105E2,5.493804436391E1,1.667141399701E2));
#4251=CARTESIAN_POINT('',(-1.947864286828E2,5.525538403279E1,1.657937269389E2));
#4252=CARTESIAN_POINT('',(-1.947527922550E2,5.557272370168E1,1.648733139077E2));
#4253=CARTESIAN_POINT('',(-1.947191558273E2,5.589006337056E1,1.639529008765E2));
#4254=CARTESIAN_POINT('',(-1.949415991248E2,5.494272617630E1,1.667016280934E2));
#4255=CARTESIAN_POINT('',(-1.949188066005E2,5.526237099297E1,1.657848317606E2));
#4256=CARTESIAN_POINT('',(-1.948960140762E2,5.558201580964E1,1.648680354277E2));
#4257=CARTESIAN_POINT('',(-1.948732215519E2,5.590166062631E1,1.639512390949E2));
#4258=CARTESIAN_POINT('',(-1.951241435604E2,5.494795561663E1,1.666842785121E2));
#4259=CARTESIAN_POINT('',(-1.951183951842E2,5.526982503530E1,1.657738867629E2));
#4260=CARTESIAN_POINT('',(-1.951126468081E2,5.559169445397E1,1.648634950136E2));
#4261=CARTESIAN_POINT('',(-1.951068984319E2,5.591356387263E1,1.639531032644E2));
#4262=CARTESIAN_POINT('',(-1.953555527496E2,5.495297398015E1,1.666694261018E2));
#4263=CARTESIAN_POINT('',(-1.953709237396E2,5.527588639460E1,1.657657090693E2));
#4264=CARTESIAN_POINT('',(-1.953862947295E2,5.559879880904E1,1.648619920368E2));
#4265=CARTESIAN_POINT('',(-1.954016657195E2,5.592171122348E1,1.639582750042E2));
#4266=CARTESIAN_POINT('',(-1.955162534366E2,5.495476674293E1,1.666640365079E2));
#4267=CARTESIAN_POINT('',(-1.955462762142E2,5.527845282551E1,1.657603874830E2));
#4268=CARTESIAN_POINT('',(-1.955762989917E2,5.560213890810E1,1.648567384581E2));
#4269=CARTESIAN_POINT('',(-1.956063217692E2,5.592582499068E1,1.639530894332E2));
#4270=CARTESIAN_POINT('',(-1.956201171302E2,5.495541705538E1,1.666622295855E2));
#4271=CARTESIAN_POINT('',(-1.956595644545E2,5.527941384969E1,1.657576478456E2));
#4272=CARTESIAN_POINT('',(-1.956990117787E2,5.560341064400E1,1.648530661057E2));
#4273=CARTESIAN_POINT('',(-1.957384591030E2,5.592740743832E1,1.639484843658E2));
#4274=CARTESIAN_POINT('',(-1.956415544318E2,5.495550846025E1,1.666619556319E2));
#4275=CARTESIAN_POINT('',(-1.956829414516E2,5.527967681142E1,1.657570394417E2));
#4276=CARTESIAN_POINT('',(-1.957243284713E2,5.560384516259E1,1.648521232515E2));
#4277=CARTESIAN_POINT('',(-1.957657154911E2,5.592801351376E1,1.639472070614E2));
#4278=CARTESIAN_POINT('',(-1.956620767868E2,5.495524864857E1,1.666620217476E2));
#4279=CARTESIAN_POINT('',(-1.957052385238E2,5.528205857297E1,1.657548212654E2));
#4280=CARTESIAN_POINT('',(-1.957484002608E2,5.560886849737E1,1.648476207833E2));
#4281=CARTESIAN_POINT('',(-1.957915619977E2,5.593567842177E1,1.639404203012E2));
#4282=B_SPLINE_SURFACE_WITH_KNOTS('',3,3,((#4230,#4231,#4232,#4233),(#4234,
#4235,#4236,#4237),(#4238,#4239,#4240,#4241),(#4242,#4243,#4244,#4245),(#4246,
#4247,#4248,#4249),(#4250,#4251,#4252,#4253),(#4254,#4255,#4256,#4257),(#4258,
#4259,#4260,#4261),(#4262,#4263,#4264,#4265),(#4266,#4267,#4268,#4269),(#4270,
#4271,#4272,#4273),(#4274,#4275,#4276,#4277),(#4278,#4279,#4280,#4281)),
.UNSPECIFIED.,.F.,.F.,.F.,(4,1,1,1,1,1,1,1,1,1,4),(4,4),(-2.071998051730E-5,
1.398712302413E-2,2.799496602879E-2,5.601065203809E-2,1.120420240567E-1,
2.241047680939E-1,4.642486438488E-1,7.221693786094E-1,9.969129929142E-1,1.E0,
1.068358667985E0),(2.071244564750E-11,1.000016089677E0),.UNSPECIFIED.);
#4283=ORIENTED_EDGE('',*,*,#4059,.F.);
#4285=ORIENTED_EDGE('',*,*,#4284,.F.);
#4287=ORIENTED_EDGE('',*,*,#4286,.F.);
#4289=ORIENTED_EDGE('',*,*,#4288,.F.);
#4290=EDGE_LOOP('',(#4283,#4285,#4287,#4289));
#4291=FACE_OUTER_BOUND('',#4290,.F.);
#4292=ADVANCED_FACE('',(#4291),#4282,.T.);
#4293=CARTESIAN_POINT('',(-1.955998826103E2,5.495528554314E1,1.666625948615E2));
#4294=CARTESIAN_POINT('',(-1.956346114818E2,5.527891283409E1,1.657590590102E2));
#4295=CARTESIAN_POINT('',(-1.956693403534E2,5.560254012504E1,1.648555231589E2));
#4296=CARTESIAN_POINT('',(-1.957040692249E2,5.592616741598E1,1.639519873076E2));
#4297=CARTESIAN_POINT('',(-1.956002215002E2,5.495528690069E1,1.666625910669E2));
#4298=CARTESIAN_POINT('',(-1.956349797553E2,5.527892104967E1,1.657590361029E2));
#4299=CARTESIAN_POINT('',(-1.956697380104E2,5.560255519865E1,1.648554811390E2));
#4300=CARTESIAN_POINT('',(-1.957044962655E2,5.592618934763E1,1.639519261750E2));
#4301=CARTESIAN_POINT('',(-1.956106580720E2,5.495532904056E1,1.666624733480E2));
#4302=CARTESIAN_POINT('',(-1.956463196824E2,5.527917010587E1,1.657583412238E2));
#4303=CARTESIAN_POINT('',(-1.956819812927E2,5.560301117118E1,1.648542090997E2));
#4304=CARTESIAN_POINT('',(-1.957176429031E2,5.592685223649E1,1.639500769755E2));
#4305=CARTESIAN_POINT('',(-1.956279554636E2,5.495541445746E1,1.666622382619E2));
#4306=CARTESIAN_POINT('',(-1.956650456953E2,5.527939053472E1,1.657577030512E2));
#4307=CARTESIAN_POINT('',(-1.957021359270E2,5.560336661198E1,1.648531678406E2));
#4308=CARTESIAN_POINT('',(-1.957392261586E2,5.592734268923E1,1.639486326300E2));
#4309=CARTESIAN_POINT('',(-1.956451984234E2,5.495545821234E1,1.666621264021E2));
#4310=CARTESIAN_POINT('',(-1.956841094652E2,5.527974874441E1,1.657566338127E2));
#4311=CARTESIAN_POINT('',(-1.957230205070E2,5.560403927647E1,1.648511412233E2));
#4312=CARTESIAN_POINT('',(-1.957619315488E2,5.592832980854E1,1.639456486340E2));
#4313=CARTESIAN_POINT('',(-1.956524009112E2,5.495553819996E1,1.666619085900E2));
#4314=CARTESIAN_POINT('',(-1.956918123386E2,5.527945777821E1,1.657574091962E2));
#4315=CARTESIAN_POINT('',(-1.957312237659E2,5.560337735647E1,1.648529098023E2));
#4316=CARTESIAN_POINT('',(-1.957706351932E2,5.592729693473E1,1.639484104084E2));
#4317=CARTESIAN_POINT('',(-1.956527363526E2,5.495554206566E1,1.666618980564E2));
#4318=CARTESIAN_POINT('',(-1.956921704881E2,5.527944322728E1,1.657574480819E2));
#4319=CARTESIAN_POINT('',(-1.957316046236E2,5.560334438890E1,1.648529981075E2));
#4320=CARTESIAN_POINT('',(-1.957710387591E2,5.592724555053E1,1.639485481330E2));
#4321=B_SPLINE_SURFACE_WITH_KNOTS('',3,3,((#4293,#4294,#4295,#4296),(#4297,
#4298,#4299,#4300),(#4301,#4302,#4303,#4304),(#4305,#4306,#4307,#4308),(#4309,
#4310,#4311,#4312),(#4313,#4314,#4315,#4316),(#4317,#4318,#4319,#4320)),
.UNSPECIFIED.,.F.,.F.,.F.,(4,1,1,1,4),(4,4),(-1.999492935243E-2,0.E0,
5.957634558080E-1,1.E0,1.019741393340E0),(-2.531339027279E-11,1.000057321310E0),
.UNSPECIFIED.);
#4322=ORIENTED_EDGE('',*,*,#3691,.F.);
#4324=ORIENTED_EDGE('',*,*,#4323,.F.);
#4326=ORIENTED_EDGE('',*,*,#4325,.F.);
#4327=ORIENTED_EDGE('',*,*,#4284,.T.);
#4328=EDGE_LOOP('',(#4322,#4324,#4326,#4327));
#4329=FACE_OUTER_BOUND('',#4328,.F.);
#4330=ADVANCED_FACE('',(#4329),#4321,.T.);
#4331=CARTESIAN_POINT('',(-1.955896250440E2,5.495506491742E1,1.666625531759E2));
#4332=CARTESIAN_POINT('',(-1.956237037887E2,5.527897711701E1,1.657584558875E2));
#4333=CARTESIAN_POINT('',(-1.956577825333E2,5.560288931659E1,1.648543585991E2));
#4334=CARTESIAN_POINT('',(-1.956918612780E2,5.592680151617E1,1.639502613107E2));
#4335=CARTESIAN_POINT('',(-1.956111368341E2,5.495525143478E1,1.666617173352E2));
#4336=CARTESIAN_POINT('',(-1.956466342064E2,5.527919299736E1,1.657580441487E2));
#4337=CARTESIAN_POINT('',(-1.956821315787E2,5.560313455994E1,1.648543709622E2));
#4338=CARTESIAN_POINT('',(-1.957176289509E2,5.592707612252E1,1.639506977757E2));
#4339=CARTESIAN_POINT('',(-1.956311760838E2,5.495548936654E1,1.666620292270E2));
#4340=CARTESIAN_POINT('',(-1.956686585640E2,5.527935639493E1,1.657577985636E2));
#4341=CARTESIAN_POINT('',(-1.957061410441E2,5.560322342334E1,1.648535679003E2));
#4342=CARTESIAN_POINT('',(-1.957436235243E2,5.592709045173E1,1.639493372370E2));
#4343=CARTESIAN_POINT('',(-1.959151098036E2,5.495679607248E1,1.666585905120E2));
#4344=CARTESIAN_POINT('',(-1.959784105578E2,5.528035600201E1,1.657535870693E2));
#4345=CARTESIAN_POINT('',(-1.960417113123E2,5.560391593138E1,1.648485836263E2));
#4346=CARTESIAN_POINT('',(-1.961050120665E2,5.592747586099E1,1.639435801833E2));
#4347=CARTESIAN_POINT('',(-1.964778895074E2,5.495069279124E1,1.666793590279E2));
#4348=CARTESIAN_POINT('',(-1.965922721355E2,5.526863490657E1,1.657612668244E2));
#4349=CARTESIAN_POINT('',(-1.967066547633E2,5.558657702197E1,1.648431746210E2));
#4350=CARTESIAN_POINT('',(-1.968210373914E2,5.590451913725E1,1.639250824176E2));
#4351=CARTESIAN_POINT('',(-1.971262200844E2,5.492227186565E1,1.667709787908E2));
#4352=CARTESIAN_POINT('',(-1.973003121430E2,5.522122241604E1,1.658111498542E2));
#4353=CARTESIAN_POINT('',(-1.974744042015E2,5.552017296643E1,1.648513209176E2));
#4354=CARTESIAN_POINT('',(-1.976484962601E2,5.581912351682E1,1.638914919809E2));
#4355=CARTESIAN_POINT('',(-1.977295382832E2,5.488176176470E1,1.669007217911E2));
#4356=CARTESIAN_POINT('',(-1.979607680285E2,5.515426667169E1,1.658862205176E2));
#4357=CARTESIAN_POINT('',(-1.981919977739E2,5.542677157868E1,1.648717192441E2));
#4358=CARTESIAN_POINT('',(-1.984232275193E2,5.569927648567E1,1.638572179706E2));
#4359=CARTESIAN_POINT('',(-1.983430171261E2,5.482863690325E1,1.670704027803E2));
#4360=CARTESIAN_POINT('',(-1.986338925418E2,5.506669232099E1,1.659871398955E2));
#4361=CARTESIAN_POINT('',(-1.989247679575E2,5.530474773873E1,1.649038770107E2));
#4362=CARTESIAN_POINT('',(-1.992156433732E2,5.554280315645E1,1.638206141260E2));
#4363=CARTESIAN_POINT('',(-1.989571610994E2,5.475431151970E1,1.673073392132E2));
#4364=CARTESIAN_POINT('',(-1.993113584750E2,5.494358943219E1,1.661330299527E2));
#4365=CARTESIAN_POINT('',(-1.996655558506E2,5.513286734462E1,1.649587206922E2));
#4366=CARTESIAN_POINT('',(-2.000197532264E2,5.532214525715E1,1.637844114314E2));
#4367=CARTESIAN_POINT('',(-1.993462267596E2,5.469602479155E1,1.674930831177E2));
#4368=CARTESIAN_POINT('',(-1.997430711531E2,5.484654124638E1,1.662493073336E2));
#4369=CARTESIAN_POINT('',(-2.001399155467E2,5.499705770124E1,1.650055315495E2));
#4370=CARTESIAN_POINT('',(-2.005367599401E2,5.514757415603E1,1.637617557655E2));
#4371=CARTESIAN_POINT('',(-1.994638776177E2,5.467748631633E1,1.675521565307E2));
#4372=CARTESIAN_POINT('',(-1.998738423939E2,5.481563899395E1,1.662864056638E2));
#4373=CARTESIAN_POINT('',(-2.002838071700E2,5.495379167156E1,1.650206547970E2));
#4374=CARTESIAN_POINT('',(-2.006937719462E2,5.509194434918E1,1.637549039301E2));
#4375=CARTESIAN_POINT('',(-1.994827115908E2,5.467483589539E1,1.675615948569E2));
#4376=CARTESIAN_POINT('',(-1.998944655164E2,5.481092014419E1,1.662921844493E2));
#4377=CARTESIAN_POINT('',(-2.003062194420E2,5.494700439299E1,1.650227740417E2));
#4378=CARTESIAN_POINT('',(-2.007179733676E2,5.508308864180E1,1.637533636340E2));
#4379=CARTESIAN_POINT('',(-1.995012763019E2,5.467196150850E1,1.675700967726E2));
#4380=CARTESIAN_POINT('',(-1.999149895899E2,5.480598297931E1,1.662976575812E2));
#4381=CARTESIAN_POINT('',(-2.003287028780E2,5.494000445013E1,1.650252183898E2));
#4382=CARTESIAN_POINT('',(-2.007424161660E2,5.507402592095E1,1.637527791984E2));
#4383=B_SPLINE_SURFACE_WITH_KNOTS('',3,3,((#4331,#4332,#4333,#4334),(#4335,
#4336,#4337,#4338),(#4339,#4340,#4341,#4342),(#4343,#4344,#4345,#4346),(#4347,
#4348,#4349,#4350),(#4351,#4352,#4353,#4354),(#4355,#4356,#4357,#4358),(#4359,
#4360,#4361,#4362),(#4363,#4364,#4365,#4366),(#4367,#4368,#4369,#4370),(#4371,
#4372,#4373,#4374),(#4375,#4376,#4377,#4378),(#4379,#4380,#4381,#4382)),
.UNSPECIFIED.,.F.,.F.,.F.,(4,1,1,1,1,1,1,1,1,1,4),(4,4),(-1.572823571326E-2,
0.E0,6.406358475099E-6,2.016503930216E-1,4.306163859464E-1,5.000004033113E-1,
6.729182939508E-1,9.157608009549E-1,9.999944002642E-1,1.E0,1.015584581610E0),(
-6.667456357856E-9,1.000001111210E0),.UNSPECIFIED.);
#4384=ORIENTED_EDGE('',*,*,#3689,.F.);
#4386=ORIENTED_EDGE('',*,*,#4385,.F.);
#4388=ORIENTED_EDGE('',*,*,#4387,.F.);
#4389=ORIENTED_EDGE('',*,*,#4323,.T.);
#4390=EDGE_LOOP('',(#4384,#4386,#4388,#4389));
#4391=FACE_OUTER_BOUND('',#4390,.F.);
#4392=ADVANCED_FACE('',(#4391),#4383,.T.);
#4393=CARTESIAN_POINT('',(-1.994982768950E2,5.469851200785E1,1.673795690778E2));
#4394=CARTESIAN_POINT('',(-1.998709908411E2,5.482649803215E1,1.662262264329E2));
#4395=CARTESIAN_POINT('',(-2.002437047871E2,5.495448405645E1,1.650728837879E2));
#4396=CARTESIAN_POINT('',(-2.006164187332E2,5.508247008075E1,1.639195411430E2));
#4397=CARTESIAN_POINT('',(-1.997818331375E2,5.465066667776E1,1.675131620567E2));
#4398=CARTESIAN_POINT('',(-2.001830273426E2,5.475181214627E1,1.663121208589E2));
#4399=CARTESIAN_POINT('',(-2.005842215476E2,5.485295761477E1,1.651110796611E2));
#4400=CARTESIAN_POINT('',(-2.009854157527E2,5.495410308328E1,1.639100384633E2));
#4401=CARTESIAN_POINT('',(-2.003055057105E2,5.454964154846E1,1.677952428207E2));
#4402=CARTESIAN_POINT('',(-2.007619807421E2,5.459366569443E1,1.664948951136E2));
#4403=CARTESIAN_POINT('',(-2.012184557736E2,5.463768984040E1,1.651945474066E2));
#4404=CARTESIAN_POINT('',(-2.016749308052E2,5.468171398637E1,1.638941996995E2));
#4405=CARTESIAN_POINT('',(-2.008275274311E2,5.442295890748E1,1.681489642315E2));
#4406=CARTESIAN_POINT('',(-2.013453867496E2,5.439429460567E1,1.667256797538E2));
#4407=CARTESIAN_POINT('',(-2.018632460680E2,5.436563030386E1,1.653023952760E2));
#4408=CARTESIAN_POINT('',(-2.023811053865E2,5.433696600205E1,1.638791107983E2));
#4409=CARTESIAN_POINT('',(-2.013322047850E2,5.428559504464E1,1.685325097432E2));
#4410=CARTESIAN_POINT('',(-2.019137315809E2,5.417770441744E1,1.669757154290E2));
#4411=CARTESIAN_POINT('',(-2.024952583769E2,5.406981379024E1,1.654189211148E2));
#4412=CARTESIAN_POINT('',(-2.030767851729E2,5.396192316304E1,1.638621268006E2));
#4413=CARTESIAN_POINT('',(-2.017831340587E2,5.414665817417E1,1.689204475489E2));
#4414=CARTESIAN_POINT('',(-2.024263349688E2,5.395822235740E1,1.672282872350E2));
#4415=CARTESIAN_POINT('',(-2.030695358788E2,5.376978654063E1,1.655361269211E2));
#4416=CARTESIAN_POINT('',(-2.037127367889E2,5.358135072386E1,1.638439666072E2));
#4417=CARTESIAN_POINT('',(-2.022219477353E2,5.398296136537E1,1.693775201644E2));
#4418=CARTESIAN_POINT('',(-2.029344283427E2,5.369801075167E1,1.675266138365E2));
#4419=CARTESIAN_POINT('',(-2.036469089501E2,5.341306013798E1,1.656757075085E2));
#4420=CARTESIAN_POINT('',(-2.043593895574E2,5.312810952428E1,1.638248011805E2));
#4421=CARTESIAN_POINT('',(-2.026325840019E2,5.381214384219E1,1.698544754412E2));
#4422=CARTESIAN_POINT('',(-2.034160399695E2,5.342536241845E1,1.678385758936E2));
#4423=CARTESIAN_POINT('',(-2.041994959371E2,5.303858099470E1,1.658226763460E2));
#4424=CARTESIAN_POINT('',(-2.049829519048E2,5.265179957095E1,1.638067767983E2));
#4425=CARTESIAN_POINT('',(-2.029898275116E2,5.364181266170E1,1.703300730945E2));
#4426=CARTESIAN_POINT('',(-2.038427102908E2,5.315209822263E1,1.681504796539E2));
#4427=CARTESIAN_POINT('',(-2.046955930700E2,5.266238378356E1,1.659708862133E2));
#4428=CARTESIAN_POINT('',(-2.055484758493E2,5.217266934449E1,1.637912927727E2));
#4429=CARTESIAN_POINT('',(-2.033212082249E2,5.345063143594E1,1.708638887931E2));
#4430=CARTESIAN_POINT('',(-2.042508147459E2,5.284262106009E1,1.685021399421E2));
#4431=CARTESIAN_POINT('',(-2.051804212668E2,5.223461068424E1,1.661403910911E2));
#4432=CARTESIAN_POINT('',(-2.061100277878E2,5.162660030839E1,1.637786422401E2));
#4433=CARTESIAN_POINT('',(-2.036247661667E2,5.325237754156E1,1.714174532501E2));
#4434=CARTESIAN_POINT('',(-2.046335676858E2,5.251987458752E1,1.688676279116E2));
#4435=CARTESIAN_POINT('',(-2.056423692050E2,5.178737163347E1,1.663178025731E2));
#4436=CARTESIAN_POINT('',(-2.066511707242E2,5.105486867943E1,1.637679772346E2));
#4437=CARTESIAN_POINT('',(-2.038720290754E2,5.305861556692E1,1.719584760291E2));
#4438=CARTESIAN_POINT('',(-2.049579226223E2,5.220196870689E1,1.692257895251E2));
#4439=CARTESIAN_POINT('',(-2.060438161692E2,5.134532184686E1,1.664931030210E2));
#4440=CARTESIAN_POINT('',(-2.071297097162E2,5.048867498684E1,1.637604165169E2));
#4441=CARTESIAN_POINT('',(-2.040881991677E2,5.284370672862E1,1.725585461744E2));
#4442=CARTESIAN_POINT('',(-2.052602428624E2,5.184600879111E1,1.696231270529E2));
#4443=CARTESIAN_POINT('',(-2.064322865570E2,5.084831085360E1,1.666877079315E2));
#4444=CARTESIAN_POINT('',(-2.076043302517E2,4.985061291610E1,1.637522888101E2));
#4445=CARTESIAN_POINT('',(-2.042722097477E2,5.262344052629E1,1.731735759590E2));
#4446=CARTESIAN_POINT('',(-2.055333366649E2,5.147880423292E1,1.700300788942E2));
#4447=CARTESIAN_POINT('',(-2.067944635821E2,5.033416793955E1,1.668865818294E2));
#4448=CARTESIAN_POINT('',(-2.080555904993E2,4.918953164618E1,1.637430847646E2));
#4449=CARTESIAN_POINT('',(-2.043960421920E2,5.241505955237E1,1.737554208514E2));
#4450=CARTESIAN_POINT('',(-2.057428252147E2,5.112790207586E1,1.704142491078E2));
#4451=CARTESIAN_POINT('',(-2.070896082374E2,4.984074459936E1,1.670730773641E2));
#4452=CARTESIAN_POINT('',(-2.084363912601E2,4.855358712285E1,1.637319056205E2));
#4453=CARTESIAN_POINT('',(-2.044816686284E2,5.218787954310E1,1.743897581596E2));
#4454=CARTESIAN_POINT('',(-2.059237155429E2,5.074099575670E1,1.708323019243E2));
#4455=CARTESIAN_POINT('',(-2.073657624574E2,4.929411197030E1,1.672748456890E2));
#4456=CARTESIAN_POINT('',(-2.088078093720E2,4.784722818390E1,1.637173894537E2));
#4457=CARTESIAN_POINT('',(-2.045321004780E2,5.196096907084E1,1.750233439252E2));
#4458=CARTESIAN_POINT('',(-2.060706234741E2,5.035115849020E1,1.712497094853E2));
#4459=CARTESIAN_POINT('',(-2.076091464703E2,4.874134790955E1,1.674760750453E2));
#4460=CARTESIAN_POINT('',(-2.091476694664E2,4.713153732891E1,1.637024406054E2));
#4461=CARTESIAN_POINT('',(-2.045269966559E2,5.174793895363E1,1.756181743188E2));
#4462=CARTESIAN_POINT('',(-2.061578471682E2,4.997925375918E1,1.716423562218E2));
#4463=CARTESIAN_POINT('',(-2.077886976804E2,4.821056856473E1,1.676665381249E2));
#4464=CARTESIAN_POINT('',(-2.094195481926E2,4.644188337029E1,1.636907200280E2));
#4465=CARTESIAN_POINT('',(-2.044788360135E2,5.152232014364E1,1.762481569452E2));
#4466=CARTESIAN_POINT('',(-2.062092142699E2,4.957984787494E1,1.720589127207E2));
#4467=CARTESIAN_POINT('',(-2.079395925263E2,4.763737560624E1,1.678696684962E2));
#4468=CARTESIAN_POINT('',(-2.096699707826E2,4.569490333754E1,1.636804242717E2));
#4469=CARTESIAN_POINT('',(-2.043967468589E2,5.129822123409E1,1.768738969917E2));
#4470=CARTESIAN_POINT('',(-2.062275031901E2,4.917857868364E1,1.724731680365E2));
#4471=CARTESIAN_POINT('',(-2.080582595213E2,4.705893613318E1,1.680724390812E2));
#4472=CARTESIAN_POINT('',(-2.098890158525E2,4.493929358273E1,1.636717101260E2));
#4473=CARTESIAN_POINT('',(-2.042642240070E2,5.109054162981E1,1.774537927287E2));
#4474=CARTESIAN_POINT('',(-2.061908390236E2,4.879848173162E1,1.728576160225E2));
#4475=CARTESIAN_POINT('',(-2.081174540402E2,4.650642183343E1,1.682614393162E2));
#4476=CARTESIAN_POINT('',(-2.100440690568E2,4.421436193525E1,1.636652626100E2));
#4477=CARTESIAN_POINT('',(-2.040859179341E2,5.087336680898E1,1.780602035762E2));
#4478=CARTESIAN_POINT('',(-2.061150389646E2,4.839451754480E1,1.732598114435E2));
#4479=CARTESIAN_POINT('',(-2.081441599951E2,4.591566828062E1,1.684594193108E2));
#4480=CARTESIAN_POINT('',(-2.101732810256E2,4.343681901645E1,1.636590271781E2));
#4481=CARTESIAN_POINT('',(-2.038732663295E2,5.065832129907E1,1.786606706979E2));
#4482=CARTESIAN_POINT('',(-2.060059828791E2,4.798852675441E1,1.736581866618E2));
#4483=CARTESIAN_POINT('',(-2.081386994288E2,4.531873220975E1,1.686557026256E2));
#4484=CARTESIAN_POINT('',(-2.102714159785E2,4.264893766508E1,1.636532185895E2));
#4485=CARTESIAN_POINT('',(-2.035786160540E2,5.043521723542E1,1.792836435338E2));
#4486=CARTESIAN_POINT('',(-2.058231788829E2,4.755378035255E1,1.740713342131E2));
#4487=CARTESIAN_POINT('',(-2.080677417118E2,4.467234346968E1,1.688590248923E2));
#4488=CARTESIAN_POINT('',(-2.103123045408E2,4.179090658681E1,1.636467155715E2));
#4489=CARTESIAN_POINT('',(-2.033756294242E2,5.030610855775E1,1.796441556407E2));
#4490=CARTESIAN_POINT('',(-2.056868942349E2,4.729581601619E1,1.743101224580E2));
#4491=CARTESIAN_POINT('',(-2.079981590457E2,4.428552347463E1,1.689760892753E2));
#4492=CARTESIAN_POINT('',(-2.103094238565E2,4.127523093308E1,1.636420560926E2));
#4493=CARTESIAN_POINT('',(-2.033281198179E2,5.027700555765E1,1.797254203709E2));
#4494=CARTESIAN_POINT('',(-2.056545279028E2,4.723731593442E1,1.743639292313E2));
#4495=CARTESIAN_POINT('',(-2.079809359877E2,4.419762631119E1,1.690024380918E2));
#4496=CARTESIAN_POINT('',(-2.103073440726E2,4.115793668796E1,1.636409469523E2));
#4497=B_SPLINE_SURFACE_WITH_KNOTS('',3,3,((#4393,#4394,#4395,#4396),(#4397,
#4398,#4399,#4400),(#4401,#4402,#4403,#4404),(#4405,#4406,#4407,#4408),(#4409,
#4410,#4411,#4412),(#4413,#4414,#4415,#4416),(#4417,#4418,#4419,#4420),(#4421,
#4422,#4423,#4424),(#4425,#4426,#4427,#4428),(#4429,#4430,#4431,#4432),(#4433,
#4434,#4435,#4436),(#4437,#4438,#4439,#4440),(#4441,#4442,#4443,#4444),(#4445,
#4446,#4447,#4448),(#4449,#4450,#4451,#4452),(#4453,#4454,#4455,#4456),(#4457,
#4458,#4459,#4460),(#4461,#4462,#4463,#4464),(#4465,#4466,#4467,#4468),(#4469,
#4470,#4471,#4472),(#4473,#4474,#4475,#4476),(#4477,#4478,#4479,#4480),(#4481,
#4482,#4483,#4484),(#4485,#4486,#4487,#4488),(#4489,#4490,#4491,#4492),(#4493,
#4494,#4495,#4496)),.UNSPECIFIED.,.F.,.F.,.F.,(4,1,1,1,1,1,1,1,1,1,1,1,1,1,1,1,
1,1,1,1,1,1,1,4),(4,4),(4.875106943064E-7,6.468595756523E-2,1.225728044180E-1,
1.299800290979E-1,1.954956470670E-1,2.451445549158E-1,2.606250589709E-1,
3.253647479723E-1,3.677163054138E-1,3.902044649535E-1,4.556255218704E-1,
4.902880559116E-1,5.217711266833E-1,5.880570891665E-1,6.128598064095E-1,
6.538321595827E-1,7.191411141421E-1,7.354315569073E-1,7.842022811968E-1,
8.492674403601E-1,8.580033074052E-1,9.146350101518E-1,9.805750579031E-1,1.E0),(
3.188031738276E-2,9.681044177560E-1),.UNSPECIFIED.);
#4499=ORIENTED_EDGE('',*,*,#4498,.F.);
#4501=ORIENTED_EDGE('',*,*,#4500,.F.);
#4503=ORIENTED_EDGE('',*,*,#4502,.T.);
#4505=ORIENTED_EDGE('',*,*,#4504,.F.);
#4507=ORIENTED_EDGE('',*,*,#4506,.F.);
#4509=ORIENTED_EDGE('',*,*,#4508,.F.);
#4510=ORIENTED_EDGE('',*,*,#4385,.T.);
#4511=ORIENTED_EDGE('',*,*,#3687,.F.);
#4513=ORIENTED_EDGE('',*,*,#4512,.T.);
#4514=EDGE_LOOP('',(#4499,#4501,#4503,#4505,#4507,#4509,#4510,#4511,#4513));
#4515=FACE_OUTER_BOUND('',#4514,.F.);
#4516=ADVANCED_FACE('',(#4515),#4497,.T.);
#4517=CARTESIAN_POINT('',(-2.027266129468E2,5.068110654127E1,1.798032795504E2));
#4518=CARTESIAN_POINT('',(-2.027075646180E2,5.061043796263E1,1.798218202746E2));
#4519=CARTESIAN_POINT('',(-2.026816538796E2,5.044891831751E1,1.798501658956E2));
#4520=CARTESIAN_POINT('',(-2.026952972579E2,5.024151974875E1,1.798454685584E2));
#4521=CARTESIAN_POINT('',(-2.027387888871E2,5.007618581791E1,1.798162242939E2));
#4522=CARTESIAN_POINT('',(-2.027940407416E2,4.994602793158E1,1.797775405243E2));
#4523=CARTESIAN_POINT('',(-2.028568237750E2,4.983651903880E1,1.797324082904E2));
#4524=CARTESIAN_POINT('',(-2.029257332142E2,4.973890337118E1,1.796812057955E2));
#4525=CARTESIAN_POINT('',(-2.029999431528E2,4.964885305272E1,1.796236878862E2));
#4526=CARTESIAN_POINT('',(-2.030792271172E2,4.956326294464E1,1.795591509662E2));
#4527=CARTESIAN_POINT('',(-2.031636752129E2,4.947993135073E1,1.794866406858E2));
#4528=CARTESIAN_POINT('',(-2.032535219247E2,4.939718778788E1,1.794050626352E2));
#4529=CARTESIAN_POINT('',(-2.033490706765E2,4.931370401991E1,1.793132107872E2));
#4530=CARTESIAN_POINT('',(-2.034506517806E2,4.922835094909E1,1.792097765678E2));
#4531=CARTESIAN_POINT('',(-2.035586044770E2,4.914009116992E1,1.790933303858E2));
#4532=CARTESIAN_POINT('',(-2.036732570225E2,4.904791657974E1,1.789623182041E2));
#4533=CARTESIAN_POINT('',(-2.037949185750E2,4.895078525871E1,1.788150452791E2));
#4534=CARTESIAN_POINT('',(-2.039238696794E2,4.884757052932E1,1.786496645251E2));
#4535=CARTESIAN_POINT('',(-2.040603556326E2,4.873701070752E1,1.784641636227E2));
#4536=CARTESIAN_POINT('',(-2.042045836372E2,4.861765753962E1,1.782563491948E2));
#4537=CARTESIAN_POINT('',(-2.043567245286E2,4.848782150198E1,1.780238249664E2));
#4538=CARTESIAN_POINT('',(-2.045169162733E2,4.834551749482E1,1.777639664304E2));
#4539=CARTESIAN_POINT('',(-2.046853138508E2,4.818837178620E1,1.774738121909E2));
#4540=CARTESIAN_POINT('',(-2.048623077805E2,4.801336257536E1,1.771496147818E2));
#4541=CARTESIAN_POINT('',(-2.050486811977E2,4.781653191528E1,1.767863132481E2));
#4542=CARTESIAN_POINT('',(-2.052455784743E2,4.759289989218E1,1.763773150210E2));
#4543=CARTESIAN_POINT('',(-2.054546083431E2,4.733642171277E1,1.759142407568E2));
#4544=CARTESIAN_POINT('',(-2.056775222508E2,4.704058398944E1,1.753875568522E2));
#4545=CARTESIAN_POINT('',(-2.059107351876E2,4.670678663550E1,1.748005628217E2));
#4546=CARTESIAN_POINT('',(-2.061458325030E2,4.634761795792E1,1.741734988669E2));
#4547=CARTESIAN_POINT('',(-2.063772537226E2,4.597685603351E1,1.735264799275E2));
#4548=CARTESIAN_POINT('',(-2.066062250528E2,4.559936373577E1,1.728641820447E2));
#4549=CARTESIAN_POINT('',(-2.068399789688E2,4.520982325435E1,1.721741698869E2));
#4550=CARTESIAN_POINT('',(-2.070784668320E2,4.481421440666E1,1.714649358390E2));
#4551=CARTESIAN_POINT('',(-2.073124431846E2,4.443228494594E1,1.707718616861E2));
#4552=CARTESIAN_POINT('',(-2.075302499439E2,4.408386376681E1,1.701331933354E2));
#4553=CARTESIAN_POINT('',(-2.077261824550E2,4.377623123300E1,1.695649535176E2));
#4554=CARTESIAN_POINT('',(-2.079024078938E2,4.350379962154E1,1.690587206420E2));
#4555=CARTESIAN_POINT('',(-2.080618041003E2,4.326040709172E1,1.686042101486E2));
#4556=CARTESIAN_POINT('',(-2.082064332262E2,4.304166953240E1,1.681939548103E2));
#4557=CARTESIAN_POINT('',(-2.083379717963E2,4.284417633494E1,1.678220267894E2));
#4558=CARTESIAN_POINT('',(-2.084578098341E2,4.266524226582E1,1.674837044855E2));
#4559=CARTESIAN_POINT('',(-2.085671450490E2,4.250267180209E1,1.671750975320E2));
#4560=CARTESIAN_POINT('',(-2.086670207488E2,4.235463771701E1,1.668929557178E2));
#4561=CARTESIAN_POINT('',(-2.087583575699E2,4.221958864494E1,1.666345145230E2));
#4562=CARTESIAN_POINT('',(-2.088419686104E2,4.209619413731E1,1.663974019330E2));
#4563=CARTESIAN_POINT('',(-2.089185842336E2,4.198329170249E1,1.661795448385E2));
#4564=CARTESIAN_POINT('',(-2.089888510419E2,4.187985808978E1,1.659790987418E2));
#4565=CARTESIAN_POINT('',(-2.090533334290E2,4.178500712590E1,1.657944657144E2));
#4566=CARTESIAN_POINT('',(-2.091125419291E2,4.169794964958E1,1.656242201634E2));
#4567=CARTESIAN_POINT('',(-2.091669357751E2,4.161798331980E1,1.654670914131E2));
#4568=CARTESIAN_POINT('',(-2.092169298559E2,4.154447958284E1,1.653219402793E2));
#4569=CARTESIAN_POINT('',(-2.092628995683E2,4.147687412606E1,1.651877420049E2));
#4570=CARTESIAN_POINT('',(-2.093051852281E2,4.141465877106E1,1.650635717214E2));
#4571=CARTESIAN_POINT('',(-2.093440962031E2,4.135737421428E1,1.649485913201E2));
#4572=CARTESIAN_POINT('',(-2.093799153212E2,4.130460270362E1,1.648420359178E2));
#4573=CARTESIAN_POINT('',(-2.094129021568E2,4.125596260414E1,1.647432038152E2));
#4574=CARTESIAN_POINT('',(-2.094432917935E2,4.121110981282E1,1.646514602110E2));
#4575=CARTESIAN_POINT('',(-2.094712952598E2,4.116973687780E1,1.645662365202E2));
#4576=CARTESIAN_POINT('',(-2.094971020339E2,4.113156919113E1,1.644870237805E2));
#4577=CARTESIAN_POINT('',(-2.095208865906E2,4.109635527512E1,1.644133534540E2));
#4578=CARTESIAN_POINT('',(-2.095428115317E2,4.106386217014E1,1.643447882224E2));
#4579=CARTESIAN_POINT('',(-2.095630291134E2,4.103387326806E1,1.642809175921E2));
#4580=CARTESIAN_POINT('',(-2.095816821711E2,4.100618713584E1,1.642213554105E2));
#4581=CARTESIAN_POINT('',(-2.095989055511E2,4.098061570825E1,1.641657358099E2));
#4582=CARTESIAN_POINT('',(-2.096148272696E2,4.095698305105E1,1.641137100552E2));
#4583=CARTESIAN_POINT('',(-2.096295694188E2,4.093512473858E1,1.640649443605E2));
#4584=CARTESIAN_POINT('',(-2.096432507637E2,4.091488506129E1,1.640191123813E2));
#4585=CARTESIAN_POINT('',(-2.096559892902E2,4.089611489498E1,1.639758879774E2));
#4586=CARTESIAN_POINT('',(-2.096679026865E2,4.087867338039E1,1.639349454765E2));
#4587=CARTESIAN_POINT('',(-2.096791129029E2,4.086242536062E1,1.638959477691E2));
#4588=CARTESIAN_POINT('',(-2.096897552978E2,4.084723315235E1,1.638585194713E2));
#4589=CARTESIAN_POINT('',(-2.096999920492E2,4.083295158018E1,1.638222095254E2));
#4590=CARTESIAN_POINT('',(-2.097100211857E2,4.081942352914E1,1.637864701105E2));
#4591=CARTESIAN_POINT('',(-2.097201132339E2,4.080650111839E1,1.637505752185E2));
#4592=CARTESIAN_POINT('',(-2.097305935058E2,4.079401372048E1,1.637136881980E2));
#4593=CARTESIAN_POINT('',(-2.097421311994E2,4.078190210512E1,1.636741328473E2));
#4594=CARTESIAN_POINT('',(-2.097556172792E2,4.076953145795E1,1.636295351272E2));
#4595=CARTESIAN_POINT('',(-2.097751732140E2,4.075736250662E1,1.635692096861E2));
#4596=CARTESIAN_POINT('',(-2.098091130679E2,4.074084349615E1,1.634707489689E2));
#4597=CARTESIAN_POINT('',(-2.098952975004E2,4.075430755733E1,1.632467453540E2));
#4598=CARTESIAN_POINT('',(-2.099835769475E2,4.077937930011E1,1.630302504748E2));
#4599=CARTESIAN_POINT('',(-2.031181214321E2,5.058009525741E1,1.798699272703E2));
#4600=CARTESIAN_POINT('',(-2.031040748161E2,5.052597070599E1,1.798832615887E2));
#4601=CARTESIAN_POINT('',(-2.030866871717E2,5.040236726529E1,1.799011833768E2));
#4602=CARTESIAN_POINT('',(-2.031037438714E2,5.024435434921E1,1.798868597235E2));
#4603=CARTESIAN_POINT('',(-2.031452175548E2,5.011988818892E1,1.798501396463E2));
#4604=CARTESIAN_POINT('',(-2.031959137641E2,5.002288745144E1,1.798045305349E2));
#4605=CARTESIAN_POINT('',(-2.032525436527E2,4.994182517983E1,1.797522115609E2));
#4606=CARTESIAN_POINT('',(-2.033140606928E2,4.986966937102E1,1.796932346569E2));
#4607=CARTESIAN_POINT('',(-2.033798100333E2,4.980282950222E1,1.796273323009E2));
#4608=CARTESIAN_POINT('',(-2.034496347086E2,4.973869975642E1,1.795538380718E2));
#4609=CARTESIAN_POINT('',(-2.035236426039E2,4.967539301167E1,1.794718620970E2));
#4610=CARTESIAN_POINT('',(-2.036020677918E2,4.961143623326E1,1.793803842480E2));
#4611=CARTESIAN_POINT('',(-2.036852114462E2,4.954561395521E1,1.792782793947E2));
#4612=CARTESIAN_POINT('',(-2.037734110836E2,4.947685066780E1,1.791643253889E2));
#4613=CARTESIAN_POINT('',(-2.038670304554E2,4.940412118539E1,1.790371898379E2));
#4614=CARTESIAN_POINT('',(-2.039664491353E2,4.932639886320E1,1.788954269806E2));
#4615=CARTESIAN_POINT('',(-2.040720627477E2,4.924260331541E1,1.787374642779E2));
#4616=CARTESIAN_POINT('',(-2.041842832479E2,4.915155852196E1,1.785615926445E2));
#4617=CARTESIAN_POINT('',(-2.043035428303E2,4.905195197281E1,1.783659550377E2));
#4618=CARTESIAN_POINT('',(-2.044303022365E2,4.894229296748E1,1.781485311667E2));
#4619=CARTESIAN_POINT('',(-2.045650639388E2,4.882086801674E1,1.779071154576E2));
#4620=CARTESIAN_POINT('',(-2.047083872865E2,4.868569577168E1,1.776392909683E2));
#4621=CARTESIAN_POINT('',(-2.048609449703E2,4.853444267672E1,1.773423187408E2));
#4622=CARTESIAN_POINT('',(-2.050237360909E2,4.836416802971E1,1.770126820603E2));
#4623=CARTESIAN_POINT('',(-2.051982608186E2,4.817102594457E1,1.766455823181E2));
#4624=CARTESIAN_POINT('',(-2.053865382603E2,4.795012875987E1,1.762347057377E2));
#4625=CARTESIAN_POINT('',(-2.055911738850E2,4.769548210976E1,1.757720075456E2));
#4626=CARTESIAN_POINT('',(-2.058150017608E2,4.740048950486E1,1.752483430663E2));
#4627=CARTESIAN_POINT('',(-2.060552798640E2,4.706625965331E1,1.746673621407E2));
#4628=CARTESIAN_POINT('',(-2.063032160829E2,4.670495813424E1,1.740491730083E2));
#4629=CARTESIAN_POINT('',(-2.065516175210E2,4.633006850260E1,1.734132956974E2));
#4630=CARTESIAN_POINT('',(-2.068000889518E2,4.594629765197E1,1.727638133960E2));
#4631=CARTESIAN_POINT('',(-2.070548123333E2,4.554817954902E1,1.720880172770E2));
#4632=CARTESIAN_POINT('',(-2.073142484759E2,4.514193556321E1,1.713937142109E2));
#4633=CARTESIAN_POINT('',(-2.075672321176E2,4.474831330328E1,1.707150501327E2));
#4634=CARTESIAN_POINT('',(-2.078009521335E2,4.438841097702E1,1.700892573906E2));
#4635=CARTESIAN_POINT('',(-2.080097422403E2,4.407022262753E1,1.695320984195E2));
#4636=CARTESIAN_POINT('',(-2.081964534881E2,4.378820224360E1,1.690354655345E2));
#4637=CARTESIAN_POINT('',(-2.083645612048E2,4.353606678039E1,1.685894043303E2));
#4638=CARTESIAN_POINT('',(-2.085165473224E2,4.330931206371E1,1.681866932842E2));
#4639=CARTESIAN_POINT('',(-2.086543931018E2,4.310441426837E1,1.678215873041E2));
#4640=CARTESIAN_POINT('',(-2.087797067180E2,4.291859604700E1,1.674894972956E2));
#4641=CARTESIAN_POINT('',(-2.088938450364E2,4.274958871927E1,1.671866304142E2));
#4642=CARTESIAN_POINT('',(-2.089979692083E2,4.259550836029E1,1.669098085844E2));
#4643=CARTESIAN_POINT('',(-2.090930887866E2,4.245476000426E1,1.666563219374E2));
#4644=CARTESIAN_POINT('',(-2.091800859012E2,4.232597884168E1,1.664238398079E2));
#4645=CARTESIAN_POINT('',(-2.092597438469E2,4.220797740041E1,1.662103241146E2));
#4646=CARTESIAN_POINT('',(-2.093327528230E2,4.209970960807E1,1.660139672257E2));
#4647=CARTESIAN_POINT('',(-2.093997155019E2,4.200026656267E1,1.658331968962E2));
#4648=CARTESIAN_POINT('',(-2.094611734568E2,4.190884053074E1,1.656666105329E2));
#4649=CARTESIAN_POINT('',(-2.095176120350E2,4.182471293272E1,1.655129570428E2));
#4650=CARTESIAN_POINT('',(-2.095694681580E2,4.174724105618E1,1.653711144772E2));
#4651=CARTESIAN_POINT('',(-2.096171360114E2,4.167584804369E1,1.652400733922E2));
#4652=CARTESIAN_POINT('',(-2.096609720377E2,4.161001449842E1,1.651189227251E2));
#4653=CARTESIAN_POINT('',(-2.097012995388E2,4.154927095997E1,1.650068369927E2));
#4654=CARTESIAN_POINT('',(-2.097384134727E2,4.149319030171E1,1.649030630922E2));
#4655=CARTESIAN_POINT('',(-2.097725840223E2,4.144138210123E1,1.648069105171E2));
#4656=CARTESIAN_POINT('',(-2.098040554317E2,4.139349430015E1,1.647177549596E2));
#4657=CARTESIAN_POINT('',(-2.098330465429E2,4.134921248909E1,1.646350375744E2));
#4658=CARTESIAN_POINT('',(-2.098597534504E2,4.130825609397E1,1.645582584637E2));
#4659=CARTESIAN_POINT('',(-2.098843563136E2,4.127036817152E1,1.644869579879E2));
#4660=CARTESIAN_POINT('',(-2.099070226062E2,4.123531058810E1,1.644207078587E2));
#4661=CARTESIAN_POINT('',(-2.099279086819E2,4.120286179921E1,1.643591069415E2));
#4662=CARTESIAN_POINT('',(-2.099471606938E2,4.117281569565E1,1.643017789401E2));
#4663=CARTESIAN_POINT('',(-2.099649160084E2,4.114497976820E1,1.642483686122E2));
#4664=CARTESIAN_POINT('',(-2.099813042991E2,4.111917389301E1,1.641985389248E2));
#4665=CARTESIAN_POINT('',(-2.099964483301E2,4.109522980407E1,1.641519692187E2));
#4666=CARTESIAN_POINT('',(-2.100104664086E2,4.107298821940E1,1.641083483915E2));
#4667=CARTESIAN_POINT('',(-2.100234746661E2,4.105229669278E1,1.640673685781E2));
#4668=CARTESIAN_POINT('',(-2.100355870673E2,4.103301172855E1,1.640287262233E2));
#4669=CARTESIAN_POINT('',(-2.100469193368E2,4.101499631223E1,1.639921119369E2));
#4670=CARTESIAN_POINT('',(-2.100575972271E2,4.099811140190E1,1.639571868384E2));
#4671=CARTESIAN_POINT('',(-2.100677678584E2,4.098221059559E1,1.639235511306E2));
#4672=CARTESIAN_POINT('',(-2.100776063360E2,4.096713750146E1,1.638907285015E2));
#4673=CARTESIAN_POINT('',(-2.100873444293E2,4.095274628835E1,1.638581022774E2));
#4674=CARTESIAN_POINT('',(-2.100972531985E2,4.093888243275E1,1.638249770833E2));
#4675=CARTESIAN_POINT('',(-2.101078856451E2,4.092548351210E1,1.637899685138E2));
#4676=CARTESIAN_POINT('',(-2.101199893513E2,4.091196500275E1,1.637510918041E2));
#4677=CARTESIAN_POINT('',(-2.101369964537E2,4.089853492906E1,1.636994627417E2));
#4678=CARTESIAN_POINT('',(-2.101658407422E2,4.088087506072E1,1.636164371853E2));
#4679=CARTESIAN_POINT('',(-2.102374824909E2,4.088835905803E1,1.634304637370E2));
#4680=CARTESIAN_POINT('',(-2.103106109843E2,4.090662166898E1,1.632512186945E2));
#4681=CARTESIAN_POINT('',(-2.034390820358E2,5.042104930920E1,1.796689771042E2));
#4682=CARTESIAN_POINT('',(-2.034338415041E2,5.039864209763E1,1.796734574318E2));
#4683=CARTESIAN_POINT('',(-2.034291754646E2,5.034654796952E1,1.796760138506E2));
#4684=CARTESIAN_POINT('',(-2.034433713310E2,5.027697737361E1,1.796555095574E2));
#4685=CARTESIAN_POINT('',(-2.034704058595E2,5.021890660902E1,1.796192180127E2));
#4686=CARTESIAN_POINT('',(-2.035027568535E2,5.017040314835E1,1.795751761291E2));
#4687=CARTESIAN_POINT('',(-2.035391463585E2,5.012646673604E1,1.795240207758E2));
#4688=CARTESIAN_POINT('',(-2.035793134102E2,5.008388084791E1,1.794653111337E2));
#4689=CARTESIAN_POINT('',(-2.036230454002E2,5.004097024392E1,1.793987515635E2));
#4690=CARTESIAN_POINT('',(-2.036703795549E2,4.999644615582E1,1.793237948687E2));
#4691=CARTESIAN_POINT('',(-2.037214987403E2,4.994928999160E1,1.792397250844E2));
#4692=CARTESIAN_POINT('',(-2.037766702437E2,4.989862208395E1,1.791457028953E2));
#4693=CARTESIAN_POINT('',(-2.038362208646E2,4.984363268378E1,1.790407779868E2));
#4694=CARTESIAN_POINT('',(-2.039005256356E2,4.978352950768E1,1.789238913526E2));
#4695=CARTESIAN_POINT('',(-2.039700056214E2,4.971749747083E1,1.787938697186E2));
#4696=CARTESIAN_POINT('',(-2.040451282921E2,4.964467260104E1,1.786494184508E2));
#4697=CARTESIAN_POINT('',(-2.041264129434E2,4.956411581455E1,1.784891101246E2));
#4698=CARTESIAN_POINT('',(-2.042144371029E2,4.947479083280E1,1.783113735809E2));
#4699=CARTESIAN_POINT('',(-2.043098457786E2,4.937554182990E1,1.781144803494E2));
#4700=CARTESIAN_POINT('',(-2.044133647061E2,4.926506884576E1,1.778965252307E2));
#4701=CARTESIAN_POINT('',(-2.045258181638E2,4.914189926332E1,1.776553986317E2));
#4702=CARTESIAN_POINT('',(-2.046481493482E2,4.900435682246E1,1.773887531929E2));
#4703=CARTESIAN_POINT('',(-2.047814771984E2,4.885048829762E1,1.770938872249E2));
#4704=CARTESIAN_POINT('',(-2.049273018510E2,4.867780742699E1,1.767672817671E2));
#4705=CARTESIAN_POINT('',(-2.050876982083E2,4.848301180247E1,1.764041235289E2));
#4706=CARTESIAN_POINT('',(-2.052654305317E2,4.826178066615E1,1.759979754015E2));
#4707=CARTESIAN_POINT('',(-2.054639853075E2,4.800872002943E1,1.755406544749E2));
#4708=CARTESIAN_POINT('',(-2.056872501961E2,4.771775117483E1,1.750228439295E2));
#4709=CARTESIAN_POINT('',(-2.059334648565E2,4.739017528133E1,1.744480336987E2));
#4710=CARTESIAN_POINT('',(-2.061938157384E2,4.703748517199E1,1.738361457791E2));
#4711=CARTESIAN_POINT('',(-2.064598478585E2,4.667193128161E1,1.732066982791E2));
#4712=CARTESIAN_POINT('',(-2.067298144671E2,4.629714666304E1,1.725638463090E2));
#4713=CARTESIAN_POINT('',(-2.070090429789E2,4.590701500668E1,1.718951383698E2));
#4714=CARTESIAN_POINT('',(-2.072944859303E2,4.550706836376E1,1.712083674741E2));
#4715=CARTESIAN_POINT('',(-2.075725501826E2,4.511762254576E1,1.705372838779E2));
#4716=CARTESIAN_POINT('',(-2.078284766839E2,4.476002692806E1,1.699186619646E2));
#4717=CARTESIAN_POINT('',(-2.080561079389E2,4.444285741023E1,1.693680559375E2));
#4718=CARTESIAN_POINT('',(-2.082588619928E2,4.416105855884E1,1.688774412253E2));
#4719=CARTESIAN_POINT('',(-2.084408269894E2,4.390864820990E1,1.684369712745E2));
#4720=CARTESIAN_POINT('',(-2.086049410862E2,4.368130646796E1,1.680395110279E2));
#4721=CARTESIAN_POINT('',(-2.087535375194E2,4.347561781989E1,1.676793739087E2));
#4722=CARTESIAN_POINT('',(-2.088884853574E2,4.328887143113E1,1.673520105952E2));
#4723=CARTESIAN_POINT('',(-2.090113366425E2,4.311884114551E1,1.670536560221E2));
#4724=CARTESIAN_POINT('',(-2.091233992341E2,4.296367158362E1,1.667811512666E2));
#4725=CARTESIAN_POINT('',(-2.092257940417E2,4.282178857086E1,1.665318009785E2));
#4726=CARTESIAN_POINT('',(-2.093194904051E2,4.269184192238E1,1.663032832581E2));
#4727=CARTESIAN_POINT('',(-2.094053364349E2,4.257265979131E1,1.660935744066E2));
#4728=CARTESIAN_POINT('',(-2.094840753656E2,4.246321336051E1,1.659008942494E2));
#4729=CARTESIAN_POINT('',(-2.095563605585E2,4.236260005410E1,1.657236792925E2));
#4730=CARTESIAN_POINT('',(-2.096227741962E2,4.227001896831E1,1.655605385196E2));
#4731=CARTESIAN_POINT('',(-2.096838362339E2,4.218475675892E1,1.654102307557E2));
#4732=CARTESIAN_POINT('',(-2.097400129633E2,4.210617520563E1,1.652716436843E2));
#4733=CARTESIAN_POINT('',(-2.097917238218E2,4.203370125323E1,1.651437771301E2));
#4734=CARTESIAN_POINT('',(-2.098393470969E2,4.196681879583E1,1.650257291494E2));
#4735=CARTESIAN_POINT('',(-2.098832251325E2,4.190506125231E1,1.649166833688E2));
#4736=CARTESIAN_POINT('',(-2.099236696562E2,4.184800403162E1,1.648158960078E2));
#4737=CARTESIAN_POINT('',(-2.099609657209E2,4.179525897055E1,1.647226862900E2));
#4738=CARTESIAN_POINT('',(-2.099953704318E2,4.174647617876E1,1.646364398765E2));
#4739=CARTESIAN_POINT('',(-2.100271134544E2,4.170134347590E1,1.645566080162E2));
#4740=CARTESIAN_POINT('',(-2.100563997943E2,4.165958266326E1,1.644827010668E2));
#4741=CARTESIAN_POINT('',(-2.100834171402E2,4.162093925605E1,1.644142703921E2));
#4742=CARTESIAN_POINT('',(-2.101083393081E2,4.158517768841E1,1.643508998742E2));
#4743=CARTESIAN_POINT('',(-2.101313278147E2,4.155207917636E1,1.642922020782E2));
#4744=CARTESIAN_POINT('',(-2.101525326944E2,4.152144068445E1,1.642378163193E2));
#4745=CARTESIAN_POINT('',(-2.101720938006E2,4.149307322086E1,1.641874054680E2));
#4746=CARTESIAN_POINT('',(-2.101901416695E2,4.146680080131E1,1.641406538440E2));
#4747=CARTESIAN_POINT('',(-2.102067979188E2,4.144246016107E1,1.640972663045E2));
#4748=CARTESIAN_POINT('',(-2.102221773077E2,4.141989815026E1,1.640569630148E2));
#4749=CARTESIAN_POINT('',(-2.102363893158E2,4.139896997749E1,1.640194753624E2));
#4750=CARTESIAN_POINT('',(-2.102495368179E2,4.137954195817E1,1.639845494881E2));
#4751=CARTESIAN_POINT('',(-2.102617183241E2,4.136148970735E1,1.639519406600E2));
#4752=CARTESIAN_POINT('',(-2.102730340985E2,4.134469085398E1,1.639213971867E2));
#4753=CARTESIAN_POINT('',(-2.102835922665E2,4.132902088422E1,1.638926440272E2));
#4754=CARTESIAN_POINT('',(-2.102935090598E2,4.131435542314E1,1.638653820441E2));
#4755=CARTESIAN_POINT('',(-2.103029158755E2,4.130058697339E1,1.638392726641E2));
#4756=CARTESIAN_POINT('',(-2.103119415513E2,4.128763096296E1,1.638139881644E2));
#4757=CARTESIAN_POINT('',(-2.103208320562E2,4.127545180314E1,1.637889134328E2));
#4758=CARTESIAN_POINT('',(-2.103299664858E2,4.126370882370E1,1.637630600796E2));
#4759=CARTESIAN_POINT('',(-2.103409808234E2,4.125227919673E1,1.637322291874E2));
#4760=CARTESIAN_POINT('',(-2.103572901909E2,4.123859780084E1,1.636873785231E2));
#4761=CARTESIAN_POINT('',(-2.103911422449E2,4.123772037914E1,1.636001750618E2));
#4762=CARTESIAN_POINT('',(-2.104245174168E2,4.124343687558E1,1.635185473058E2));
#4763=CARTESIAN_POINT('',(-2.035372384286E2,5.027941643666E1,1.792957551898E2));
#4764=CARTESIAN_POINT('',(-2.035404309493E2,5.028885390102E1,1.792919340706E2));
#4765=CARTESIAN_POINT('',(-2.035466501891E2,5.030793982033E1,1.792814725615E2));
#4766=CARTESIAN_POINT('',(-2.035530681807E2,5.032391320944E1,1.792611652581E2));
#4767=CARTESIAN_POINT('',(-2.035600919481E2,5.032626901700E1,1.792330033052E2));
#4768=CARTESIAN_POINT('',(-2.035690107052E2,5.031859696835E1,1.791982777623E2));
#4769=CARTESIAN_POINT('',(-2.035806741603E2,5.030285399966E1,1.791560843955E2));
#4770=CARTESIAN_POINT('',(-2.035956615779E2,5.027992080375E1,1.791055569036E2));
#4771=CARTESIAN_POINT('',(-2.036142639894E2,5.025030678685E1,1.790463791186E2));
#4772=CARTESIAN_POINT('',(-2.036367453778E2,5.021423317876E1,1.789781485619E2));
#4773=CARTESIAN_POINT('',(-2.036633852213E2,5.017169186246E1,1.789003501078E2));
#4774=CARTESIAN_POINT('',(-2.036945018929E2,5.012251097724E1,1.788123460135E2));
#4775=CARTESIAN_POINT('',(-2.037304635366E2,5.006638697479E1,1.787133717692E2));
#4776=CARTESIAN_POINT('',(-2.037716952165E2,5.000290608029E1,1.786025308361E2));
#4777=CARTESIAN_POINT('',(-2.038186809245E2,4.993156152364E1,1.784787954963E2));
#4778=CARTESIAN_POINT('',(-2.038719709102E2,4.985175605186E1,1.783409934035E2));
#4779=CARTESIAN_POINT('',(-2.039321866794E2,4.976280462085E1,1.781877963177E2));
#4780=CARTESIAN_POINT('',(-2.040000269492E2,4.966393348747E1,1.780177055034E2));
#4781=CARTESIAN_POINT('',(-2.040762745039E2,4.955427669270E1,1.778290333665E2));
#4782=CARTESIAN_POINT('',(-2.041618058209E2,4.943286772118E1,1.776198772071E2));
#4783=CARTESIAN_POINT('',(-2.042576044967E2,4.929862540159E1,1.773880831619E2));
#4784=CARTESIAN_POINT('',(-2.043647779510E2,4.915033517341E1,1.771312024629E2));
#4785=CARTESIAN_POINT('',(-2.044846082184E2,4.898658387495E1,1.768463678409E2));
#4786=CARTESIAN_POINT('',(-2.046187512464E2,4.880549745038E1,1.765298261574E2));
#4787=CARTESIAN_POINT('',(-2.047694417265E2,4.860449057321E1,1.761764793769E2));
#4788=CARTESIAN_POINT('',(-2.049397060096E2,4.838001511423E1,1.757794234393E2));
#4789=CARTESIAN_POINT('',(-2.051333779467E2,4.812754260670E1,1.753299301207E2));
#4790=CARTESIAN_POINT('',(-2.053548699610E2,4.784186735965E1,1.748180310461E2));
#4791=CARTESIAN_POINT('',(-2.056030764030E2,4.752487539523E1,1.742466218643E2));
#4792=CARTESIAN_POINT('',(-2.058695284769E2,4.718745589211E1,1.736354723975E2));
#4793=CARTESIAN_POINT('',(-2.061454781524E2,4.684027253055E1,1.730046927365E2));
#4794=CARTESIAN_POINT('',(-2.064287381980E2,4.648547606716E1,1.723591405707E2));
#4795=CARTESIAN_POINT('',(-2.067243828349E2,4.611610633892E1,1.716870304829E2));
#4796=CARTESIAN_POINT('',(-2.070285540921E2,4.573640220525E1,1.709968198578E2));
#4797=CARTESIAN_POINT('',(-2.073258746119E2,4.536502086232E1,1.703228911445E2));
#4798=CARTESIAN_POINT('',(-2.075997665816E2,4.502242555938E1,1.697023336040E2));
#4799=CARTESIAN_POINT('',(-2.078432847296E2,4.471736621027E1,1.691506440523E2));
#4800=CARTESIAN_POINT('',(-2.080600282488E2,4.444549410645E1,1.686596108124E2));
#4801=CARTESIAN_POINT('',(-2.082544227201E2,4.420140731892E1,1.682192217172E2));
#4802=CARTESIAN_POINT('',(-2.084296825489E2,4.398118715512E1,1.678222279189E2));
#4803=CARTESIAN_POINT('',(-2.085883732175E2,4.378169656183E1,1.674628493674E2));
#4804=CARTESIAN_POINT('',(-2.087325436674E2,4.360041829177E1,1.671364649129E2));
#4805=CARTESIAN_POINT('',(-2.088638845516E2,4.343526422206E1,1.668392543492E2));
#4806=CARTESIAN_POINT('',(-2.089838097068E2,4.328447922110E1,1.665680158370E2));
#4807=CARTESIAN_POINT('',(-2.090935210143E2,4.314656443386E1,1.663200215252E2));
#4808=CARTESIAN_POINT('',(-2.091940518315E2,4.302022634825E1,1.660929215384E2));
#4809=CARTESIAN_POINT('',(-2.092862962224E2,4.290434193613E1,1.658846790910E2));
#4810=CARTESIAN_POINT('',(-2.093710347358E2,4.279793152701E1,1.656935190323E2));
#4811=CARTESIAN_POINT('',(-2.094489597864E2,4.270012492502E1,1.655178655356E2));
#4812=CARTESIAN_POINT('',(-2.095206844733E2,4.261015021809E1,1.653563222472E2));
#4813=CARTESIAN_POINT('',(-2.095867554349E2,4.252731828774E1,1.652076435398E2));
#4814=CARTESIAN_POINT('',(-2.096476617385E2,4.245101192568E1,1.650707145570E2));
#4815=CARTESIAN_POINT('',(-2.097038425573E2,4.238067642218E1,1.649445339508E2));
#4816=CARTESIAN_POINT('',(-2.097556933798E2,4.231581191058E1,1.648281998832E2));
#4817=CARTESIAN_POINT('',(-2.098035716667E2,4.225596635927E1,1.647208972540E2));
#4818=CARTESIAN_POINT('',(-2.098478025991E2,4.220072842011E1,1.646218847248E2));
#4819=CARTESIAN_POINT('',(-2.098886833072E2,4.214972216394E1,1.645304851703E2));
#4820=CARTESIAN_POINT('',(-2.099264813577E2,4.210260896352E1,1.644460889671E2));
#4821=CARTESIAN_POINT('',(-2.099614351146E2,4.205908699661E1,1.643681530241E2));
#4822=CARTESIAN_POINT('',(-2.099937565627E2,4.201888765455E1,1.642961942813E2));
#4823=CARTESIAN_POINT('',(-2.100236391923E2,4.198176566886E1,1.642297719904E2));
#4824=CARTESIAN_POINT('',(-2.100512616239E2,4.194749456511E1,1.641684795713E2));
#4825=CARTESIAN_POINT('',(-2.100767891535E2,4.191586470729E1,1.641119411306E2));
#4826=CARTESIAN_POINT('',(-2.101003744191E2,4.188668242543E1,1.640598099445E2));
#4827=CARTESIAN_POINT('',(-2.101221585480E2,4.185976853795E1,1.640117658908E2));
#4828=CARTESIAN_POINT('',(-2.101422717351E2,4.183495756557E1,1.639675141637E2));
#4829=CARTESIAN_POINT('',(-2.101608331776E2,4.181209771400E1,1.639267854223E2));
#4830=CARTESIAN_POINT('',(-2.101779526794E2,4.179104876110E1,1.638893322921E2));
#4831=CARTESIAN_POINT('',(-2.101937314262E2,4.177168091582E1,1.638549277705E2));
#4832=CARTESIAN_POINT('',(-2.102082590972E2,4.175387809802E1,1.638233716981E2));
#4833=CARTESIAN_POINT('',(-2.102216141651E2,4.173753704818E1,1.637944902684E2));
#4834=CARTESIAN_POINT('',(-2.102338676149E2,4.172256218735E1,1.637681283038E2));
#4835=CARTESIAN_POINT('',(-2.102450831380E2,4.170886362129E1,1.637441498342E2));
#4836=CARTESIAN_POINT('',(-2.102553100703E2,4.169636509764E1,1.637224545148E2));
#4837=CARTESIAN_POINT('',(-2.102645654363E2,4.168501555236E1,1.637030187140E2));
#4838=CARTESIAN_POINT('',(-2.102728153470E2,4.167482102910E1,1.636859343316E2));
#4839=CARTESIAN_POINT('',(-2.102799535527E2,4.166579006973E1,1.636714681106E2));
#4840=CARTESIAN_POINT('',(-2.102859403591E2,4.165790374173E1,1.636597624790E2));
#4841=CARTESIAN_POINT('',(-2.102903608295E2,4.165078716464E1,1.636519653749E2));
#4842=CARTESIAN_POINT('',(-2.102926421984E2,4.164431627569E1,1.636499200430E2));
#4843=CARTESIAN_POINT('',(-2.102833841089E2,4.163666254476E1,1.636753721789E2));
#4844=CARTESIAN_POINT('',(-2.102712616530E2,4.163004753215E1,1.637054217633E2));
#4845=(BOUNDED_SURFACE()B_SPLINE_SURFACE(3,3,((#4517,#4518,#4519,#4520,#4521,
#4522,#4523,#4524,#4525,#4526,#4527,#4528,#4529,#4530,#4531,#4532,#4533,#4534,
#4535,#4536,#4537,#4538,#4539,#4540,#4541,#4542,#4543,#4544,#4545,#4546,#4547,
#4548,#4549,#4550,#4551,#4552,#4553,#4554,#4555,#4556,#4557,#4558,#4559,#4560,
#4561,#4562,#4563,#4564,#4565,#4566,#4567,#4568,#4569,#4570,#4571,#4572,#4573,
#4574,#4575,#4576,#4577,#4578,#4579,#4580,#4581,#4582,#4583,#4584,#4585,#4586,
#4587,#4588,#4589,#4590,#4591,#4592,#4593,#4594,#4595,#4596,#4597,#4598),(#4599,
#4600,#4601,#4602,#4603,#4604,#4605,#4606,#4607,#4608,#4609,#4610,#4611,#4612,
#4613,#4614,#4615,#4616,#4617,#4618,#4619,#4620,#4621,#4622,#4623,#4624,#4625,
#4626,#4627,#4628,#4629,#4630,#4631,#4632,#4633,#4634,#4635,#4636,#4637,#4638,
#4639,#4640,#4641,#4642,#4643,#4644,#4645,#4646,#4647,#4648,#4649,#4650,#4651,
#4652,#4653,#4654,#4655,#4656,#4657,#4658,#4659,#4660,#4661,#4662,#4663,#4664,
#4665,#4666,#4667,#4668,#4669,#4670,#4671,#4672,#4673,#4674,#4675,#4676,#4677,
#4678,#4679,#4680),(#4681,#4682,#4683,#4684,#4685,#4686,#4687,#4688,#4689,#4690,
#4691,#4692,#4693,#4694,#4695,#4696,#4697,#4698,#4699,#4700,#4701,#4702,#4703,
#4704,#4705,#4706,#4707,#4708,#4709,#4710,#4711,#4712,#4713,#4714,#4715,#4716,
#4717,#4718,#4719,#4720,#4721,#4722,#4723,#4724,#4725,#4726,#4727,#4728,#4729,
#4730,#4731,#4732,#4733,#4734,#4735,#4736,#4737,#4738,#4739,#4740,#4741,#4742,
#4743,#4744,#4745,#4746,#4747,#4748,#4749,#4750,#4751,#4752,#4753,#4754,#4755,
#4756,#4757,#4758,#4759,#4760,#4761,#4762),(#4763,#4764,#4765,#4766,#4767,#4768,
#4769,#4770,#4771,#4772,#4773,#4774,#4775,#4776,#4777,#4778,#4779,#4780,#4781,
#4782,#4783,#4784,#4785,#4786,#4787,#4788,#4789,#4790,#4791,#4792,#4793,#4794,
#4795,#4796,#4797,#4798,#4799,#4800,#4801,#4802,#4803,#4804,#4805,#4806,#4807,
#4808,#4809,#4810,#4811,#4812,#4813,#4814,#4815,#4816,#4817,#4818,#4819,#4820,
#4821,#4822,#4823,#4824,#4825,#4826,#4827,#4828,#4829,#4830,#4831,#4832,#4833,
#4834,#4835,#4836,#4837,#4838,#4839,#4840,#4841,#4842,#4843,#4844)),
.UNSPECIFIED.,.F.,.F.,.F.)B_SPLINE_SURFACE_WITH_KNOTS((4,4),(4,1,1,1,1,1,1,1,1,
1,1,1,1,1,1,1,1,1,1,1,1,1,1,1,1,1,1,1,1,1,1,1,1,1,1,1,1,1,1,1,1,1,1,1,1,1,1,1,1,
1,1,1,1,1,1,1,1,1,1,1,1,1,1,1,1,1,1,1,1,1,1,1,1,1,1,1,1,1,1,4),(0.E0,1.E0),(
-1.774088834567E-3,0.E0,2.609565345156E-3,5.325076551120E-3,8.259059749833E-3,
1.159509694487E-2,1.537158714113E-2,1.962603850307E-2,2.439916589570E-2,
2.973613676362E-2,3.568737953983E-2,4.230932471699E-2,4.966499482803E-2,
5.782455145960E-2,6.686605144741E-2,7.687634256710E-2,8.795210956479E-2,
1.002006612940E-1,1.137414520217E-1,1.287084252719E-1,1.452525515265E-1,
1.635446093936E-1,1.837931635163E-1,2.063118474735E-1,2.315248394971E-1,
2.599583927049E-1,2.922646655938E-1,3.290859986140E-1,3.685165211300E-1,
4.080433607948E-1,4.483157920596E-1,4.903266689E-1,5.347180504790E-1,
5.783202645953E-1,6.172436022221E-1,6.516045686554E-1,6.822696585783E-1,
7.098001053868E-1,7.346475534227E-1,7.571591802339E-1,7.776193216830E-1,
7.962622873612E-1,8.132853681044E-1,8.288572284593E-1,8.431236611682E-1,
8.562110390581E-1,8.682303405739E-1,8.792795925222E-1,8.894459112798E-1,
8.988070492580E-1,9.074326613639E-1,9.153853545879E-1,9.227215780766E-1,
9.294923159331E-1,9.357439023595E-1,9.415189589443E-1,9.468564440046E-1,
9.517900338363E-1,9.563498649046E-1,9.605636332637E-1,9.644571198109E-1,
9.680541234045E-1,9.713766811204E-1,9.744452268155E-1,9.772787358382E-1,
9.798947153624E-1,9.823091069218E-1,9.845371620782E-1,9.865931206789E-1,
9.884886162256E-1,9.902350020348E-1,9.918445993407E-1,9.933280676387E-1,
9.946937446091E-1,9.959466230230E-1,9.970819254107E-1,9.981032537427E-1,
9.990544961213E-1,1.E0,1.001151379649E0),.UNSPECIFIED.)GEOMETRIC_REPRESENTATION_ITEM()RATIONAL_B_SPLINE_SURFACE(((1.134551255660E0,1.134551255660E0,
1.134551255660E0,1.134551255660E0,1.134551255660E0,1.134551255660E0,
1.134551255660E0,1.134551255660E0,1.134551255660E0,1.134551255660E0,
1.134551255660E0,1.134551255660E0,1.134551255660E0,1.134551255660E0,
1.134551255660E0,1.134551255660E0,1.134551255660E0,1.134551255660E0,
1.134551255660E0,1.134551255660E0,1.134551255660E0,1.134551255660E0,
1.134551255660E0,1.134551255660E0,1.134551255660E0,1.134551255660E0,
1.134551255660E0,1.134551255660E0,1.134551255660E0,1.134551255660E0,
1.134551255660E0,1.134551255660E0,1.134551255660E0,1.134551255660E0,
1.134551255660E0,1.134551255660E0,1.134551255660E0,1.134551255660E0,
1.134551255660E0,1.134551255660E0,1.134551255660E0,1.134551255660E0,
1.134551255660E0,1.134551255660E0,1.134551255660E0,1.134551255660E0,
1.134551255660E0,1.134551255660E0,1.134551255660E0,1.134551255660E0,
1.134551255660E0,1.134551255660E0,1.134551255660E0,1.134551255660E0,
1.134551255660E0,1.134551255660E0,1.134551255660E0,1.134551255660E0,
1.134551255660E0,1.134551255660E0,1.134551255660E0,1.134551255660E0,
1.134551255660E0,1.134551255660E0,1.134551255660E0,1.134551255660E0,
1.134551255660E0,1.134551255660E0,1.134551255660E0,1.134551255660E0,
1.134551255660E0,1.134551255660E0,1.134551255660E0,1.134551255660E0,
1.134551255660E0,1.134551255660E0,1.134551255660E0,1.134551255660E0,
1.134551255660E0,1.134551255660E0,1.134551255660E0,1.134551255660E0),(
9.551495814466E-1,9.551495814466E-1,9.551495814466E-1,9.551495814466E-1,
9.551495814466E-1,9.551495814466E-1,9.551495814466E-1,9.551495814466E-1,
9.551495814466E-1,9.551495814466E-1,9.551495814466E-1,9.551495814466E-1,
9.551495814466E-1,9.551495814466E-1,9.551495814466E-1,9.551495814466E-1,
9.551495814466E-1,9.551495814466E-1,9.551495814466E-1,9.551495814466E-1,
9.551495814466E-1,9.551495814466E-1,9.551495814466E-1,9.551495814466E-1,
9.551495814466E-1,9.551495814466E-1,9.551495814466E-1,9.551495814466E-1,
9.551495814466E-1,9.551495814466E-1,9.551495814466E-1,9.551495814466E-1,
9.551495814466E-1,9.551495814466E-1,9.551495814466E-1,9.551495814466E-1,
9.551495814466E-1,9.551495814466E-1,9.551495814466E-1,9.551495814466E-1,
9.551495814466E-1,9.551495814466E-1,9.551495814466E-1,9.551495814466E-1,
9.551495814466E-1,9.551495814466E-1,9.551495814466E-1,9.551495814466E-1,
9.551495814466E-1,9.551495814466E-1,9.551495814466E-1,9.551495814466E-1,
9.551495814466E-1,9.551495814466E-1,9.551495814466E-1,9.551495814466E-1,
9.551495814466E-1,9.551495814466E-1,9.551495814466E-1,9.551495814466E-1,
9.551495814466E-1,9.551495814466E-1,9.551495814466E-1,9.551495814466E-1,
9.551495814466E-1,9.551495814466E-1,9.551495814466E-1,9.551495814466E-1,
9.551495814466E-1,9.551495814466E-1,9.551495814466E-1,9.551495814466E-1,
9.551495814466E-1,9.551495814466E-1,9.551495814466E-1,9.551495814466E-1,
9.551495814466E-1,9.551495814466E-1,9.551495814466E-1,9.551495814466E-1,
9.551495814466E-1,9.551495814466E-1),(9.551495814466E-1,9.551495814466E-1,
9.551495814466E-1,9.551495814466E-1,9.551495814466E-1,9.551495814466E-1,
9.551495814466E-1,9.551495814466E-1,9.551495814466E-1,9.551495814466E-1,
9.551495814466E-1,9.551495814466E-1,9.551495814466E-1,9.551495814466E-1,
9.551495814466E-1,9.551495814466E-1,9.551495814466E-1,9.551495814466E-1,
9.551495814466E-1,9.551495814466E-1,9.551495814466E-1,9.551495814466E-1,
9.551495814466E-1,9.551495814466E-1,9.551495814466E-1,9.551495814466E-1,
9.551495814466E-1,9.551495814466E-1,9.551495814466E-1,9.551495814466E-1,
9.551495814466E-1,9.551495814466E-1,9.551495814466E-1,9.551495814466E-1,
9.551495814466E-1,9.551495814466E-1,9.551495814466E-1,9.551495814466E-1,
9.551495814466E-1,9.551495814466E-1,9.551495814466E-1,9.551495814466E-1,
9.551495814466E-1,9.551495814466E-1,9.551495814466E-1,9.551495814466E-1,
9.551495814466E-1,9.551495814466E-1,9.551495814466E-1,9.551495814466E-1,
9.551495814466E-1,9.551495814466E-1,9.551495814466E-1,9.551495814466E-1,
9.551495814466E-1,9.551495814466E-1,9.551495814466E-1,9.551495814466E-1,
9.551495814466E-1,9.551495814466E-1,9.551495814466E-1,9.551495814466E-1,
9.551495814466E-1,9.551495814466E-1,9.551495814466E-1,9.551495814466E-1,
9.551495814466E-1,9.551495814466E-1,9.551495814466E-1,9.551495814466E-1,
9.551495814466E-1,9.551495814466E-1,9.551495814466E-1,9.551495814466E-1,
9.551495814466E-1,9.551495814466E-1,9.551495814466E-1,9.551495814466E-1,
9.551495814466E-1,9.551495814466E-1,9.551495814466E-1,9.551495814466E-1),(
1.134551255660E0,1.134551255660E0,1.134551255660E0,1.134551255660E0,
1.134551255660E0,1.134551255660E0,1.134551255660E0,1.134551255660E0,
1.134551255660E0,1.134551255660E0,1.134551255660E0,1.134551255660E0,
1.134551255660E0,1.134551255660E0,1.134551255660E0,1.134551255660E0,
1.134551255660E0,1.134551255660E0,1.134551255660E0,1.134551255660E0,
1.134551255660E0,1.134551255660E0,1.134551255660E0,1.134551255660E0,
1.134551255660E0,1.134551255660E0,1.134551255660E0,1.134551255660E0,
1.134551255660E0,1.134551255660E0,1.134551255660E0,1.134551255660E0,
1.134551255660E0,1.134551255660E0,1.134551255660E0,1.134551255660E0,
1.134551255660E0,1.134551255660E0,1.134551255660E0,1.134551255660E0,
1.134551255660E0,1.134551255660E0,1.134551255660E0,1.134551255660E0,
1.134551255660E0,1.134551255660E0,1.134551255660E0,1.134551255660E0,
1.134551255660E0,1.134551255660E0,1.134551255660E0,1.134551255660E0,
1.134551255660E0,1.134551255660E0,1.134551255660E0,1.134551255660E0,
1.134551255660E0,1.134551255660E0,1.134551255660E0,1.134551255660E0,
1.134551255660E0,1.134551255660E0,1.134551255660E0,1.134551255660E0,
1.134551255660E0,1.134551255660E0,1.134551255660E0,1.134551255660E0,
1.134551255660E0,1.134551255660E0,1.134551255660E0,1.134551255660E0,
1.134551255660E0,1.134551255660E0,1.134551255660E0,1.134551255660E0,
1.134551255660E0,1.134551255660E0,1.134551255660E0,1.134551255660E0,
1.134551255660E0,1.134551255660E0)))REPRESENTATION_ITEM('')SURFACE());
#4846=ORIENTED_EDGE('',*,*,#4498,.T.);
#4847=ORIENTED_EDGE('',*,*,#4512,.F.);
#4849=ORIENTED_EDGE('',*,*,#4848,.T.);
#4850=ORIENTED_EDGE('',*,*,#4500,.T.);
#4851=EDGE_LOOP('',(#4846,#4847,#4849,#4850));
#4852=FACE_OUTER_BOUND('',#4851,.F.);
#4853=ADVANCED_FACE('',(#4852),#4845,.F.);
#4854=CARTESIAN_POINT('',(-2.103680877582E2,4.186678840098E1,1.634885180801E2));
#4855=CARTESIAN_POINT('',(-2.104650625598E2,3.976132003061E1,1.634073292916E2));
#4856=CARTESIAN_POINT('',(-2.097697443003E2,3.569008613146E1,1.632554072154E2));
#4857=CARTESIAN_POINT('',(-2.064346057845E2,3.059721770349E1,1.630740744881E2));
#4858=CARTESIAN_POINT('',(-2.015497650296E2,2.728593350931E1,1.629602050064E2));
#4859=CARTESIAN_POINT('',(-1.957646963775E2,2.611893290192E1,1.629207846410E2));
#4860=CARTESIAN_POINT('',(-1.899796277254E2,2.728593350934E1,1.629602050064E2));
#4861=CARTESIAN_POINT('',(-1.850947869702E2,3.059721770369E1,1.630740744884E2));
#4862=CARTESIAN_POINT('',(-1.817785783012E2,3.566117961988E1,1.632543779934E2));
#4863=CARTESIAN_POINT('',(-1.810760973766E2,3.969310752957E1,1.634047842909E2));
#4864=CARTESIAN_POINT('',(-1.811569976223E2,4.176554787122E1,1.634846161911E2));
#4865=CARTESIAN_POINT('',(-2.099856904664E2,4.235811947845E1,1.643771680277E2));
#4866=CARTESIAN_POINT('',(-2.100768027860E2,4.033226127168E1,1.644168614860E2));
#4867=CARTESIAN_POINT('',(-2.093944076856E2,3.641775736024E1,1.644975512577E2));
#4868=CARTESIAN_POINT('',(-2.061452937400E2,3.152414069362E1,1.646054070390E2));
#4869=CARTESIAN_POINT('',(-2.013920781151E2,2.834300627215E1,1.646788472597E2));
#4870=CARTESIAN_POINT('',(-1.957646963776E2,2.722189538866E1,1.647053182401E2));
#4871=CARTESIAN_POINT('',(-1.901373146399E2,2.834300627218E1,1.646788472598E2));
#4872=CARTESIAN_POINT('',(-1.853840990147E2,3.152414069380E1,1.646054070393E2));
#4873=CARTESIAN_POINT('',(-1.821534266507E2,3.638998177780E1,1.644981634351E2));
#4874=CARTESIAN_POINT('',(-1.814641373022E2,4.026667489404E1,1.644182137530E2));
#4875=CARTESIAN_POINT('',(-1.815396670357E2,4.226070808987E1,1.643790782541E2));
#4876=CARTESIAN_POINT('',(-2.092731484404E2,4.328221540613E1,1.660370123095E2));
#4877=CARTESIAN_POINT('',(-2.093528359895E2,4.140543089646E1,1.663025219266E2));
#4878=CARTESIAN_POINT('',(-2.086930295846E2,3.778501975527E1,1.668173552333E2));
#4879=CARTESIAN_POINT('',(-2.056030565303E2,3.326726564545E1,1.674642764188E2));
#4880=CARTESIAN_POINT('',(-2.010959950944E2,3.033251616232E1,1.678866522578E2));
#4881=CARTESIAN_POINT('',(-1.957646963776E2,2.929841783123E1,1.680358413877E2));
#4882=CARTESIAN_POINT('',(-1.904333976608E2,3.033251616232E1,1.678866522579E2));
#4883=CARTESIAN_POINT('',(-1.859263362245E2,3.326726564560E1,1.674642764192E2));
#4884=CARTESIAN_POINT('',(-1.828539014874E2,3.775937752369E1,1.668210270814E2));
#4885=CARTESIAN_POINT('',(-1.821877194038E2,4.134477234847E1,1.663111479683E2));
#4886=CARTESIAN_POINT('',(-1.822527404146E2,4.319197450607E1,1.660497798009E2));
#4887=CARTESIAN_POINT('',(-2.082623872740E2,4.469993070888E1,1.683787603587E2));
#4888=CARTESIAN_POINT('',(-2.083286210151E2,4.304534235752E1,1.689518395015E2));
#4889=CARTESIAN_POINT('',(-2.077043377806E2,3.986053407680E1,1.700575466971E2));
#4890=CARTESIAN_POINT('',(-2.048398132900E2,3.589814593994E1,1.714370927927E2));
#4891=CARTESIAN_POINT('',(-2.006792771678E2,3.332792856478E1,1.723334695218E2));
#4892=CARTESIAN_POINT('',(-1.957646963777E2,3.242271950472E1,1.726493663816E2));
#4893=CARTESIAN_POINT('',(-1.908501155875E2,3.332792856477E1,1.723334695219E2));
#4894=CARTESIAN_POINT('',(-1.866895794651E2,3.589814594005E1,1.714370927931E2));
#4895=CARTESIAN_POINT('',(-1.838413136726E2,3.983804403598E1,1.700653768367E2));
#4896=CARTESIAN_POINT('',(-1.832113305843E2,4.299198272330E1,1.689703651765E2));
#4897=CARTESIAN_POINT('',(-1.832641237064E2,4.462037640782E1,1.684063156464E2));
#4898=CARTESIAN_POINT('',(-2.073626279815E2,4.620120339461E1,1.704095648325E2));
#4899=CARTESIAN_POINT('',(-2.074216329974E2,4.476835334562E1,1.712318408169E2));
#4900=CARTESIAN_POINT('',(-2.068357092414E2,4.201271963927E1,1.728157773371E2));
#4901=CARTESIAN_POINT('',(-2.041711688398E2,3.859294842077E1,1.747852448992E2));
#4902=CARTESIAN_POINT('',(-2.003137351339E2,3.637999115564E1,1.760614229206E2));
#4903=CARTESIAN_POINT('',(-1.957646963778E2,3.560168262280E1,1.765105317295E2));
#4904=CARTESIAN_POINT('',(-1.912156576215E2,3.637999115561E1,1.760614229207E2));
#4905=CARTESIAN_POINT('',(-1.873582239154E2,3.859294842086E1,1.747852448996E2));
#4906=CARTESIAN_POINT('',(-1.847088071261E2,4.199330942710E1,1.728269558004E2));
#4907=CARTESIAN_POINT('',(-1.841176686669E2,4.472218469688E1,1.712583787085E2));
#4908=CARTESIAN_POINT('',(-1.841642095028E2,4.613231145222E1,1.704491011814E2));
#4909=CARTESIAN_POINT('',(-2.065631162755E2,4.795859579022E1,1.721058650126E2));
#4910=CARTESIAN_POINT('',(-2.066218610227E2,4.676316542652E1,1.731118283897E2));
#4911=CARTESIAN_POINT('',(-2.060805950434E2,4.446119508896E1,1.750503035421E2));
#4912=CARTESIAN_POINT('',(-2.035969426865E2,4.160372849310E1,1.774568559009E2));
#4913=CARTESIAN_POINT('',(-2.000013290009E2,3.975697139131E1,1.790123692918E2));
#4914=CARTESIAN_POINT('',(-1.957646963778E2,3.910824028092E1,1.795587965055E2));
#4915=CARTESIAN_POINT('',(-1.915280637546E2,3.975697139127E1,1.790123692919E2));
#4916=CARTESIAN_POINT('',(-1.879324500688E2,4.160372849317E1,1.774568559013E2));
#4917=CARTESIAN_POINT('',(-1.854628946254E2,4.444497645054E1,1.750639628465E2));
#4918=CARTESIAN_POINT('',(-1.849166864632E2,4.672459754610E1,1.731443061817E2));
#4919=CARTESIAN_POINT('',(-1.849637155331E2,4.790111789331E1,1.721542336252E2));
#4920=CARTESIAN_POINT('',(-2.058923211484E2,5.004721827011E1,1.733681959036E2));
#4921=CARTESIAN_POINT('',(-2.059529916830E2,4.910983659592E1,1.744872131968E2));
#4922=CARTESIAN_POINT('',(-2.054571045341E2,4.730257272167E1,1.766479487946E2));
#4923=CARTESIAN_POINT('',(-2.031359104352E2,4.505119807197E1,1.793408142661E2));
#4924=CARTESIAN_POINT('',(-1.997567105279E2,4.359133224230E1,1.810868213629E2));
#4925=CARTESIAN_POINT('',(-1.957646963778E2,4.307746363242E1,1.817012899838E2));
#4926=CARTESIAN_POINT('',(-1.917726822276E2,4.359133224226E1,1.810868213630E2));
#4927=CARTESIAN_POINT('',(-1.883934823200E2,4.505119807203E1,1.793408142664E2));
#4928=CARTESIAN_POINT('',(-1.860854630410E2,4.728979418862E1,1.766632331778E2));
#4929=CARTESIAN_POINT('',(-1.855847904631E2,4.907955679116E1,1.745234153007E2));
#4930=CARTESIAN_POINT('',(-1.856344012884E2,5.000214681200E1,1.734220021350E2));
#4931=CARTESIAN_POINT('',(-2.053566739524E2,5.243445604675E1,1.741812790078E2));
#4932=CARTESIAN_POINT('',(-2.054138234161E2,5.178842590079E1,1.753659398355E2));
#4933=CARTESIAN_POINT('',(-2.049491368431E2,5.054421583050E1,1.776535336050E2));
#4934=CARTESIAN_POINT('',(-2.027611476495E2,4.899207473261E1,1.805175250801E2));
#4935=CARTESIAN_POINT('',(-1.995592963411E2,4.798304687887E1,1.823843780288E2));
#4936=CARTESIAN_POINT('',(-1.957646963777E2,4.762725007862E1,1.830435736991E2));
#4937=CARTESIAN_POINT('',(-1.919700964143E2,4.798304687883E1,1.823843780289E2));
#4938=CARTESIAN_POINT('',(-1.887682451056E2,4.899207473265E1,1.805175250804E2));
#4939=CARTESIAN_POINT('',(-1.865926746768E2,5.053540606347E1,1.776697892789E2));
#4940=CARTESIAN_POINT('',(-1.861234314914E2,5.176757967790E1,1.754042680075E2));
#4941=CARTESIAN_POINT('',(-1.861702024918E2,5.240339396912E1,1.742382416601E2));
#4942=CARTESIAN_POINT('',(-2.049106595218E2,5.506424999337E1,1.746674015526E2));
#4943=CARTESIAN_POINT('',(-2.049605015232E2,5.475864135682E1,1.758954618786E2));
#4944=CARTESIAN_POINT('',(-2.045102217244E2,5.417132965452E1,1.782617422034E2));
#4945=CARTESIAN_POINT('',(-2.024232438348E2,5.343984529723E1,1.812189641056E2));
#4946=CARTESIAN_POINT('',(-1.993755774479E2,5.296417053639E1,1.831461596323E2));
#4947=CARTESIAN_POINT('',(-1.957646963777E2,5.279632533885E1,1.838267901252E2));
#4948=CARTESIAN_POINT('',(-1.921538153073E2,5.296417053635E1,1.831461596323E2));
#4949=CARTESIAN_POINT('',(-1.891061489201E2,5.343984529727E1,1.812189641058E2));
#4950=CARTESIAN_POINT('',(-1.870310164671E2,5.416717783701E1,1.782785270421E2));
#4951=CARTESIAN_POINT('',(-1.865765080534E2,5.474880124962E1,1.759351081765E2));
#4952=CARTESIAN_POINT('',(-1.866165568006E2,5.504955639145E1,1.747264489499E2));
#4953=CARTESIAN_POINT('',(-2.046438850729E2,5.687899219542E1,1.748822647373E2));
#4954=CARTESIAN_POINT('',(-2.046878670315E2,5.682440044899E1,1.761325700189E2));
#4955=CARTESIAN_POINT('',(-2.042409631142E2,5.672118198642E1,1.785374376074E2));
#4956=CARTESIAN_POINT('',(-2.022082611352E2,5.659361358393E1,1.815310725235E2));
#4957=CARTESIAN_POINT('',(-1.992554945654E2,5.651002302258E1,1.834761399344E2));
#4958=CARTESIAN_POINT('',(-1.957646963776E2,5.648025970690E1,1.841620477639E2));
#4959=CARTESIAN_POINT('',(-1.922738981897E2,5.651002302254E1,1.834761399344E2));
#4960=CARTESIAN_POINT('',(-1.893211316195E2,5.659361358398E1,1.815310725236E2));
#4961=CARTESIAN_POINT('',(-1.872999670136E2,5.672045792364E1,1.785544291218E2));
#4962=CARTESIAN_POINT('',(-1.868490836013E2,5.682267112370E1,1.761728622724E2));
#4963=CARTESIAN_POINT('',(-1.868836070958E2,5.687636811531E1,1.749423799908E2));
#4964=CARTESIAN_POINT('',(-2.045061235674E2,5.781487031801E1,1.749952307830E2));
#4965=CARTESIAN_POINT('',(-2.045466529669E2,5.789218529317E1,1.762572912459E2));
#4966=CARTESIAN_POINT('',(-2.041010630329E2,5.804361361501E1,1.786822765484E2));
#4967=CARTESIAN_POINT('',(-2.020967324832E2,5.823387608125E1,1.816952109557E2));
#4968=CARTESIAN_POINT('',(-1.991933691824E2,5.835656214950E1,1.836502369420E2));
#4969=CARTESIAN_POINT('',(-1.957646963776E2,5.839941624850E1,1.843392252264E2));
#4970=CARTESIAN_POINT('',(-1.923360235726E2,5.835656214946E1,1.836502369420E2));
#4971=CARTESIAN_POINT('',(-1.894326602714E2,5.823387608130E1,1.816952109558E2));
#4972=CARTESIAN_POINT('',(-1.874397060618E2,5.804469352223E1,1.786993776043E2));
#4973=CARTESIAN_POINT('',(-1.869902743788E2,5.789472247670E1,1.762979202873E2));
#4974=CARTESIAN_POINT('',(-1.870215313941E2,5.781858874866E1,1.750559102278E2));
#4975=B_SPLINE_SURFACE_WITH_KNOTS('',3,3,((#4854,#4855,#4856,#4857,#4858,#4859,
#4860,#4861,#4862,#4863,#4864),(#4865,#4866,#4867,#4868,#4869,#4870,#4871,#4872,
#4873,#4874,#4875),(#4876,#4877,#4878,#4879,#4880,#4881,#4882,#4883,#4884,#4885,
#4886),(#4887,#4888,#4889,#4890,#4891,#4892,#4893,#4894,#4895,#4896,#4897),(
#4898,#4899,#4900,#4901,#4902,#4903,#4904,#4905,#4906,#4907,#4908),(#4909,#4910,
#4911,#4912,#4913,#4914,#4915,#4916,#4917,#4918,#4919),(#4920,#4921,#4922,#4923,
#4924,#4925,#4926,#4927,#4928,#4929,#4930),(#4931,#4932,#4933,#4934,#4935,#4936,
#4937,#4938,#4939,#4940,#4941),(#4942,#4943,#4944,#4945,#4946,#4947,#4948,#4949,
#4950,#4951,#4952),(#4953,#4954,#4955,#4956,#4957,#4958,#4959,#4960,#4961,#4962,
#4963),(#4964,#4965,#4966,#4967,#4968,#4969,#4970,#4971,#4972,#4973,#4974)),
.UNSPECIFIED.,.F.,.F.,.F.,(4,1,1,1,1,1,1,1,4),(4,1,1,1,1,1,1,1,4),(
-1.817124226721E-2,1.248759120623E-1,2.499057445063E-1,3.749355769503E-1,
4.999654093943E-1,6.249952418383E-1,7.500250742823E-1,8.750549067263E-1,
1.009669994762E0),(2.439473244798E-1,3.125E-1,3.75E-1,4.375E-1,5.E-1,5.625E-1,
6.25E-1,6.875E-1,7.549540936854E-1),.UNSPECIFIED.);
#4977=ORIENTED_EDGE('',*,*,#4976,.F.);
#4979=ORIENTED_EDGE('',*,*,#4978,.T.);
#4981=ORIENTED_EDGE('',*,*,#4980,.F.);
#4983=ORIENTED_EDGE('',*,*,#4982,.T.);
#4985=ORIENTED_EDGE('',*,*,#4984,.T.);
#4987=ORIENTED_EDGE('',*,*,#4986,.T.);
#4989=ORIENTED_EDGE('',*,*,#4988,.T.);
#4991=ORIENTED_EDGE('',*,*,#4990,.T.);
#4993=ORIENTED_EDGE('',*,*,#4992,.T.);
#4995=ORIENTED_EDGE('',*,*,#4994,.T.);
#4997=ORIENTED_EDGE('',*,*,#4996,.T.);
#4999=ORIENTED_EDGE('',*,*,#4998,.F.);
#5000=ORIENTED_EDGE('',*,*,#4502,.F.);
#5001=ORIENTED_EDGE('',*,*,#4848,.F.);
#5002=ORIENTED_EDGE('',*,*,#3739,.F.);
#5003=ORIENTED_EDGE('',*,*,#3737,.F.);
#5004=ORIENTED_EDGE('',*,*,#3933,.F.);
#5005=ORIENTED_EDGE('',*,*,#4075,.T.);
#5006=EDGE_LOOP('',(#4977,#4979,#4981,#4983,#4985,#4987,#4989,#4991,#4993,#4995,
#4997,#4999,#5000,#5001,#5002,#5003,#5004,#5005));
#5007=FACE_OUTER_BOUND('',#5006,.F.);
#5008=ADVANCED_FACE('',(#5007),#4975,.T.);
#5009=CARTESIAN_POINT('',(-1.816386688008E2,4.120297939805E1,1.632567845795E2));
#5010=CARTESIAN_POINT('',(-1.816620708718E2,4.114505677648E1,1.633139162679E2));
#5011=CARTESIAN_POINT('',(-1.818053211401E2,4.080861183916E1,1.636695201773E2));
#5012=CARTESIAN_POINT('',(-1.818762658082E2,4.091016063226E1,1.638593821039E2));
#5013=CARTESIAN_POINT('',(-1.819126394885E2,4.087056645445E1,1.639628615896E2));
#5014=CARTESIAN_POINT('',(-1.819339964550E2,4.089717876902E1,1.640296392791E2));
#5015=CARTESIAN_POINT('',(-1.819490563290E2,4.090474931435E1,1.640797964322E2));
#5016=CARTESIAN_POINT('',(-1.819613243596E2,4.091843081071E1,1.641228190522E2));
#5017=CARTESIAN_POINT('',(-1.819721824998E2,4.093055011521E1,1.641621076051E2));
#5018=CARTESIAN_POINT('',(-1.819824162205E2,4.094368597368E1,1.641997744535E2));
#5019=CARTESIAN_POINT('',(-1.819924735693E2,4.095727875739E1,1.642369992514E2));
#5020=CARTESIAN_POINT('',(-1.820026579483E2,4.097171004153E1,1.642746087383E2));
#5021=CARTESIAN_POINT('',(-1.820131872994E2,4.098705916748E1,1.643131995597E2));
#5022=CARTESIAN_POINT('',(-1.820242340188E2,4.100348794073E1,1.643532494593E2));
#5023=CARTESIAN_POINT('',(-1.820359437762E2,4.102112937589E1,1.643951636211E2));
#5024=CARTESIAN_POINT('',(-1.820484475757E2,4.104012607377E1,1.644393070793E2));
#5025=CARTESIAN_POINT('',(-1.820618689568E2,4.106062226322E1,1.644860235489E2));
#5026=CARTESIAN_POINT('',(-1.820763288437E2,4.108276919823E1,1.645356484291E2));
#5027=CARTESIAN_POINT('',(-1.820919488791E2,4.110672601975E1,1.645885177219E2));
#5028=CARTESIAN_POINT('',(-1.821088538789E2,4.113266166334E1,1.646449746482E2));
#5029=CARTESIAN_POINT('',(-1.821271737502E2,4.116075628007E1,1.647053748401E2));
#5030=CARTESIAN_POINT('',(-1.821470450724E2,4.119120271359E1,1.647700906363E2));
#5031=CARTESIAN_POINT('',(-1.821686123650E2,4.122420776945E1,1.648395144889E2));
#5032=CARTESIAN_POINT('',(-1.821920292497E2,4.125999354684E1,1.649140621305E2));
#5033=CARTESIAN_POINT('',(-1.822174596046E2,4.129879891332E1,1.649941757853E2));
#5034=CARTESIAN_POINT('',(-1.822450787874E2,4.134088120438E1,1.650803276308E2));
#5035=CARTESIAN_POINT('',(-1.822750748291E2,4.138651798115E1,1.651730232051E2));
#5036=CARTESIAN_POINT('',(-1.823076495526E2,4.143600876824E1,1.652728046397E2));
#5037=CARTESIAN_POINT('',(-1.823430198364E2,4.148967711234E1,1.653802544324E2));
#5038=CARTESIAN_POINT('',(-1.823814192773E2,4.154787335654E1,1.654960005379E2));
#5039=CARTESIAN_POINT('',(-1.824231015425E2,4.161098010402E1,1.656207266329E2));
#5040=CARTESIAN_POINT('',(-1.824683439415E2,4.167941817502E1,1.657551830369E2));
#5041=CARTESIAN_POINT('',(-1.825174474613E2,4.175364741547E1,1.659001872910E2));
#5042=CARTESIAN_POINT('',(-1.825707349193E2,4.183416510138E1,1.660566202154E2));
#5043=CARTESIAN_POINT('',(-1.826285509134E2,4.192150701505E1,1.662254273322E2));
#5044=CARTESIAN_POINT('',(-1.826912617653E2,4.201625099037E1,1.664076249358E2));
#5045=CARTESIAN_POINT('',(-1.827592885894E2,4.211906275693E1,1.666043872049E2));
#5046=CARTESIAN_POINT('',(-1.828331152898E2,4.223070820969E1,1.668170547861E2));
#5047=CARTESIAN_POINT('',(-1.829132939215E2,4.235207657573E1,1.670471878734E2));
#5048=CARTESIAN_POINT('',(-1.830004512243E2,4.248419527776E1,1.672965898128E2));
#5049=CARTESIAN_POINT('',(-1.830952941941E2,4.262825137342E1,1.675673427432E2));
#5050=CARTESIAN_POINT('',(-1.831986357914E2,4.278564761718E1,1.678619053014E2));
#5051=CARTESIAN_POINT('',(-1.833114226170E2,4.295806995975E1,1.681832261520E2));
#5052=CARTESIAN_POINT('',(-1.834347673496E2,4.314757272919E1,1.685348815145E2));
#5053=CARTESIAN_POINT('',(-1.835699941580E2,4.335670059919E1,1.689212664787E2));
#5054=CARTESIAN_POINT('',(-1.837187307004E2,4.358869041105E1,1.693479066291E2));
#5055=CARTESIAN_POINT('',(-1.838830422914E2,4.384775910793E1,1.698218801982E2));
#5056=CARTESIAN_POINT('',(-1.840655646490E2,4.413941385541E1,1.703522225793E2));
#5057=CARTESIAN_POINT('',(-1.842698352132E2,4.447098824601E1,1.709506282668E2));
#5058=CARTESIAN_POINT('',(-1.844934599653E2,4.484006611605E1,1.716103864979E2));
#5059=CARTESIAN_POINT('',(-1.847263891445E2,4.522945835163E1,1.722985887345E2));
#5060=CARTESIAN_POINT('',(-1.849585265684E2,4.561824271582E1,1.729780874525E2));
#5061=CARTESIAN_POINT('',(-1.851872828295E2,4.599632513255E1,1.736332352172E2));
#5062=CARTESIAN_POINT('',(-1.854192274447E2,4.636806926321E1,1.742746406218E2));
#5063=CARTESIAN_POINT('',(-1.856544486595E2,4.672694931791E1,1.748947374498E2));
#5064=CARTESIAN_POINT('',(-1.858867422151E2,4.705863906687E1,1.754724288296E2));
#5065=CARTESIAN_POINT('',(-1.861071857732E2,4.735064084523E1,1.759873285303E2));
#5066=CARTESIAN_POINT('',(-1.863135533645E2,4.760369269733E1,1.764396367699E2));
#5067=CARTESIAN_POINT('',(-1.865081052837E2,4.782488566671E1,1.768397732057E2));
#5068=CARTESIAN_POINT('',(-1.866923089501E2,4.801998140648E1,1.771955778517E2));
#5069=CARTESIAN_POINT('',(-1.868672242092E2,4.819376423493E1,1.775133022277E2));
#5070=CARTESIAN_POINT('',(-1.870335894253E2,4.835003700351E1,1.777977735551E2));
#5071=CARTESIAN_POINT('',(-1.871917985415E2,4.849173688433E1,1.780526396022E2));
#5072=CARTESIAN_POINT('',(-1.873420362977E2,4.862118488349E1,1.782808151961E2));
#5073=CARTESIAN_POINT('',(-1.874844518971E2,4.874030977683E1,1.784848576499E2));
#5074=CARTESIAN_POINT('',(-1.876192283607E2,4.885075841968E1,1.786671051701E2));
#5075=CARTESIAN_POINT('',(-1.877465822633E2,4.895394594220E1,1.788296961031E2));
#5076=CARTESIAN_POINT('',(-1.878667619866E2,4.905110638943E1,1.789745867861E2));
#5077=CARTESIAN_POINT('',(-1.879800458301E2,4.914334347141E1,1.791035696464E2));
#5078=CARTESIAN_POINT('',(-1.880867386658E2,4.923168158769E1,1.792182900339E2));
#5079=CARTESIAN_POINT('',(-1.881871655855E2,4.931711771516E1,1.793202602720E2));
#5080=CARTESIAN_POINT('',(-1.882816632420E2,4.940068301310E1,1.794108738294E2));
#5081=CARTESIAN_POINT('',(-1.883705581568E2,4.948350271969E1,1.794914061038E2));
#5082=CARTESIAN_POINT('',(-1.884541489207E2,4.956690389452E1,1.795630326168E2));
#5083=CARTESIAN_POINT('',(-1.885326649896E2,4.965255878577E1,1.796268198172E2));
#5084=CARTESIAN_POINT('',(-1.886061923885E2,4.974267769665E1,1.796836971040E2));
#5085=CARTESIAN_POINT('',(-1.886744977060E2,4.984038234354E1,1.797343425625E2));
#5086=CARTESIAN_POINT('',(-1.887367285829E2,4.995001184505E1,1.797789635441E2));
#5087=CARTESIAN_POINT('',(-1.887914023075E2,5.008026788441E1,1.798171062705E2));
#5088=CARTESIAN_POINT('',(-1.888342227158E2,5.024561909439E1,1.798457044600E2));
#5089=CARTESIAN_POINT('',(-1.888478027456E2,5.046339031565E1,1.798498447157E2));
#5090=CARTESIAN_POINT('',(-1.888161193660E2,5.064096525117E1,1.798156989968E2));
#5091=CARTESIAN_POINT('',(-1.887885501417E2,5.072852197180E1,1.797894457842E2));
#5092=CARTESIAN_POINT('',(-1.813271005281E2,4.128218875137E1,1.635108287818E2));
#5093=CARTESIAN_POINT('',(-1.813464401965E2,4.123455698284E1,1.635580347699E2));
#5094=CARTESIAN_POINT('',(-1.814648483486E2,4.095819227980E1,1.638519164505E2));
#5095=CARTESIAN_POINT('',(-1.815238619829E2,4.104566860382E1,1.640095572678E2));
#5096=CARTESIAN_POINT('',(-1.815545237468E2,4.101648246494E1,1.640962501673E2));
#5097=CARTESIAN_POINT('',(-1.815729658504E2,4.104204004668E1,1.641530276596E2));
#5098=CARTESIAN_POINT('',(-1.815863410332E2,4.105179641827E1,1.641963636172E2));
#5099=CARTESIAN_POINT('',(-1.815975562880E2,4.106669605553E1,1.642341176093E2));
#5100=CARTESIAN_POINT('',(-1.816077511971E2,4.108042069996E1,1.642690922770E2));
#5101=CARTESIAN_POINT('',(-1.816175808619E2,4.109514405029E1,1.643030445802E2));
#5102=CARTESIAN_POINT('',(-1.816274222784E2,4.111043055046E1,1.643369622800E2));
#5103=CARTESIAN_POINT('',(-1.816375354441E2,4.112662300046E1,1.643715469796E2));
#5104=CARTESIAN_POINT('',(-1.816481112578E2,4.114381230665E1,1.644073133528E2));
#5105=CARTESIAN_POINT('',(-1.816593045976E2,4.116215759430E1,1.644446811981E2));
#5106=CARTESIAN_POINT('',(-1.816712497554E2,4.118179449453E1,1.644840134421E2));
#5107=CARTESIAN_POINT('',(-1.816840704384E2,4.120286743490E1,1.645256429617E2));
#5108=CARTESIAN_POINT('',(-1.816978857629E2,4.122552338314E1,1.645698882020E2));
#5109=CARTESIAN_POINT('',(-1.817128143399E2,4.124991661555E1,1.646170640565E2));
#5110=CARTESIAN_POINT('',(-1.817289771250E2,4.127620968147E1,1.646674894013E2));
#5111=CARTESIAN_POINT('',(-1.817464995570E2,4.130457521307E1,1.647214927586E2));
#5112=CARTESIAN_POINT('',(-1.817655132724E2,4.133519732825E1,1.647794168200E2));
#5113=CARTESIAN_POINT('',(-1.817861575578E2,4.136827307964E1,1.648416222570E2));
#5114=CARTESIAN_POINT('',(-1.818085805376E2,4.140401369642E1,1.649084907805E2));
#5115=CARTESIAN_POINT('',(-1.818329402961E2,4.144264589914E1,1.649804280389E2));
#5116=CARTESIAN_POINT('',(-1.818594060252E2,4.148441337362E1,1.650578666110E2));
#5117=CARTESIAN_POINT('',(-1.818881592715E2,4.152957848560E1,1.651412692806E2));
#5118=CARTESIAN_POINT('',(-1.819193951778E2,4.157842405489E1,1.652311322900E2));
#5119=CARTESIAN_POINT('',(-1.819533236691E2,4.163125510672E1,1.653279884439E2));
#5120=CARTESIAN_POINT('',(-1.819901708149E2,4.168840096566E1,1.654324107508E2));
#5121=CARTESIAN_POINT('',(-1.820301806352E2,4.175021810956E1,1.655450173539E2));
#5122=CARTESIAN_POINT('',(-1.820736187009E2,4.181709586541E1,1.656664815092E2));
#5123=CARTESIAN_POINT('',(-1.821207760119E2,4.188946259092E1,1.657975422332E2));
#5124=CARTESIAN_POINT('',(-1.821719692336E2,4.196778637550E1,1.659390048528E2));
#5125=CARTESIAN_POINT('',(-1.822275391030E2,4.205257334820E1,1.660917371512E2));
#5126=CARTESIAN_POINT('',(-1.822878505562E2,4.214436856419E1,1.662566703441E2));
#5127=CARTESIAN_POINT('',(-1.823532940134E2,4.224376084049E1,1.664348059211E2));
#5128=CARTESIAN_POINT('',(-1.824243168893E2,4.235142619200E1,1.666272955958E2));
#5129=CARTESIAN_POINT('',(-1.825014350125E2,4.246814292239E1,1.668354593142E2));
#5130=CARTESIAN_POINT('',(-1.825852412915E2,4.259481852197E1,1.670608329547E2));
#5131=CARTESIAN_POINT('',(-1.826764130344E2,4.273250317528E1,1.673051889897E2));
#5132=CARTESIAN_POINT('',(-1.827757212153E2,4.288241288165E1,1.675705708287E2));
#5133=CARTESIAN_POINT('',(-1.828840614977E2,4.304598769844E1,1.678593867636E2));
#5134=CARTESIAN_POINT('',(-1.830024894969E2,4.322496165190E1,1.681745190403E2));
#5135=CARTESIAN_POINT('',(-1.831322634892E2,4.342144975005E1,1.685194554428E2));
#5136=CARTESIAN_POINT('',(-1.832749051757E2,4.363807190488E1,1.688984731579E2));
#5137=CARTESIAN_POINT('',(-1.834323101273E2,4.387815108261E1,1.693169376749E2));
#5138=CARTESIAN_POINT('',(-1.836069113017E2,4.414599701786E1,1.697817196186E2));
#5139=CARTESIAN_POINT('',(-1.838018437076E2,4.444719470474E1,1.703015859770E2));
#5140=CARTESIAN_POINT('',(-1.840213000028E2,4.478908998635E1,1.708879040517E2));
#5141=CARTESIAN_POINT('',(-1.842630694764E2,4.516875628849E1,1.715340684331E2));
#5142=CARTESIAN_POINT('',(-1.845161336997E2,4.556789069796E1,1.722080399041E2));
#5143=CARTESIAN_POINT('',(-1.847685164309E2,4.596457074319E1,1.728738877836E2));
#5144=CARTESIAN_POINT('',(-1.850159620348E2,4.634837759169E1,1.735167625578E2));
#5145=CARTESIAN_POINT('',(-1.852639565969E2,4.672381062621E1,1.741475767135E2));
#5146=CARTESIAN_POINT('',(-1.855109369527E2,4.708448240114E1,1.747593785465E2));
#5147=CARTESIAN_POINT('',(-1.857491782841E2,4.741635911882E1,1.753316326158E2));
#5148=CARTESIAN_POINT('',(-1.859696037021E2,4.770734739173E1,1.758440133555E2));
#5149=CARTESIAN_POINT('',(-1.861709181304E2,4.795843825997E1,1.762963363232E2));
#5150=CARTESIAN_POINT('',(-1.863564224845E2,4.817677638168E1,1.766986513867E2));
#5151=CARTESIAN_POINT('',(-1.865285433748E2,4.836806928716E1,1.770584872636E2));
#5152=CARTESIAN_POINT('',(-1.866891778901E2,4.853700780648E1,1.773818182991E2));
#5153=CARTESIAN_POINT('',(-1.868397488707E2,4.868729119010E1,1.776732211930E2));
#5154=CARTESIAN_POINT('',(-1.869812294534E2,4.882178324814E1,1.779361203234E2));
#5155=CARTESIAN_POINT('',(-1.871142938513E2,4.894277011464E1,1.781732168190E2));
#5156=CARTESIAN_POINT('',(-1.872394904550E2,4.905218058089E1,1.783868677424E2));
#5157=CARTESIAN_POINT('',(-1.873573154812E2,4.915168675772E1,1.785792277049E2));
#5158=CARTESIAN_POINT('',(-1.874682244292E2,4.924274544557E1,1.787522685571E2));
#5159=CARTESIAN_POINT('',(-1.875726418302E2,4.932663952231E1,1.789077970309E2));
#5160=CARTESIAN_POINT('',(-1.876709699403E2,4.940451948060E1,1.790474722202E2));
#5161=CARTESIAN_POINT('',(-1.877635950132E2,4.947744527391E1,1.791728211849E2));
#5162=CARTESIAN_POINT('',(-1.878508898807E2,4.954642899912E1,1.792852515139E2));
#5163=CARTESIAN_POINT('',(-1.879332133553E2,4.961248576331E1,1.793860627165E2));
#5164=CARTESIAN_POINT('',(-1.880108980143E2,4.967668338779E1,1.794764466083E2));
#5165=CARTESIAN_POINT('',(-1.880842399479E2,4.974023225231E1,1.795575001426E2));
#5166=CARTESIAN_POINT('',(-1.881534686115E2,4.980460300087E1,1.796302177166E2));
#5167=CARTESIAN_POINT('',(-1.882186886414E2,4.987168598336E1,1.796954664596E2));
#5168=CARTESIAN_POINT('',(-1.882797378187E2,4.994409684011E1,1.797538892608E2));
#5169=CARTESIAN_POINT('',(-1.883359392096E2,5.002543331733E1,1.798057164417E2));
#5170=CARTESIAN_POINT('',(-1.883861788810E2,5.012269075376E1,1.798508193439E2));
#5171=CARTESIAN_POINT('',(-1.884271103619E2,5.024735781730E1,1.798869517022E2));
#5172=CARTESIAN_POINT('',(-1.884444112201E2,5.041345914588E1,1.799013062754E2));
#5173=CARTESIAN_POINT('',(-1.884226229297E2,5.054950344068E1,1.798789510819E2));
#5174=CARTESIAN_POINT('',(-1.884019108820E2,5.061663196142E1,1.798595273146E2));
#5175=CARTESIAN_POINT('',(-1.812519065024E2,4.148485714963E1,1.638692839385E2));
#5176=CARTESIAN_POINT('',(-1.812605232318E2,4.146388747820E1,1.638903077645E2));
#5177=CARTESIAN_POINT('',(-1.813134227270E2,4.134253956980E1,1.640215134077E2));
#5178=CARTESIAN_POINT('',(-1.813416216207E2,4.138527843965E1,1.640960468787E2));
#5179=CARTESIAN_POINT('',(-1.813580823516E2,4.137724527375E1,1.641410204254E2));
#5180=CARTESIAN_POINT('',(-1.813696310761E2,4.139405894100E1,1.641738892380E2));
#5181=CARTESIAN_POINT('',(-1.813792999624E2,4.140424238184E1,1.642016363273E2));
#5182=CARTESIAN_POINT('',(-1.813884301287E2,4.141721280541E1,1.642278658405E2));
#5183=CARTESIAN_POINT('',(-1.813975300067E2,4.143018344250E1,1.642538269730E2));
#5184=CARTESIAN_POINT('',(-1.814069164356E2,4.144416740345E1,1.642803586565E2));
#5185=CARTESIAN_POINT('',(-1.814167826701E2,4.145901332688E1,1.643079580723E2));
#5186=CARTESIAN_POINT('',(-1.814272765245E2,4.147492226830E1,1.643370102410E2));
#5187=CARTESIAN_POINT('',(-1.814385187596E2,4.149198652945E1,1.643678254554E2));
#5188=CARTESIAN_POINT('',(-1.814506183461E2,4.151033327096E1,1.644006814572E2));
#5189=CARTESIAN_POINT('',(-1.814636791017E2,4.153008373142E1,1.644358398E2));
#5190=CARTESIAN_POINT('',(-1.814778043413E2,4.155136805325E1,1.644735582232E2));
#5191=CARTESIAN_POINT('',(-1.814930997290E2,4.157432287488E1,1.645140980108E2));
#5192=CARTESIAN_POINT('',(-1.815096753686E2,4.159909389569E1,1.645577294372E2));
#5193=CARTESIAN_POINT('',(-1.815276473683E2,4.162583675304E1,1.646047357837E2));
#5194=CARTESIAN_POINT('',(-1.815471391251E2,4.165471830127E1,1.646554166E2));
#5195=CARTESIAN_POINT('',(-1.815682824644E2,4.168591775610E1,1.647100905604E2));
#5196=CARTESIAN_POINT('',(-1.815912187028E2,4.171962789997E1,1.647690980874E2));
#5197=CARTESIAN_POINT('',(-1.816160995597E2,4.175605614145E1,1.648328035669E2));
#5198=CARTESIAN_POINT('',(-1.816430880980E2,4.179542567819E1,1.649015976162E2));
#5199=CARTESIAN_POINT('',(-1.816723597652E2,4.183797684806E1,1.649758995969E2));
#5200=CARTESIAN_POINT('',(-1.817041035976E2,4.188396874154E1,1.650561605157E2));
#5201=CARTESIAN_POINT('',(-1.817385234597E2,4.193368088503E1,1.651428659958E2));
#5202=CARTESIAN_POINT('',(-1.817758392588E2,4.198741490635E1,1.652365391724E2));
#5203=CARTESIAN_POINT('',(-1.818162883875E2,4.204549655084E1,1.653377441556E2));
#5204=CARTESIAN_POINT('',(-1.818601276880E2,4.210827846761E1,1.654470907920E2));
#5205=CARTESIAN_POINT('',(-1.819076374140E2,4.217614586906E1,1.655652443763E2));
#5206=CARTESIAN_POINT('',(-1.819591255265E2,4.224952266321E1,1.656929361106E2));
#5207=CARTESIAN_POINT('',(-1.820149280302E2,4.232887196581E1,1.658309637099E2));
#5208=CARTESIAN_POINT('',(-1.820754075717E2,4.241469432028E1,1.659801879004E2));
#5209=CARTESIAN_POINT('',(-1.821409534597E2,4.250752794864E1,1.661415325188E2));
#5210=CARTESIAN_POINT('',(-1.822119855992E2,4.260795536629E1,1.663159947924E2));
#5211=CARTESIAN_POINT('',(-1.822889804494E2,4.271663835725E1,1.665047077783E2));
#5212=CARTESIAN_POINT('',(-1.823724908663E2,4.283434343306E1,1.667089824287E2));
#5213=CARTESIAN_POINT('',(-1.824631597486E2,4.296196752189E1,1.669303488848E2));
#5214=CARTESIAN_POINT('',(-1.825617262001E2,4.310054722955E1,1.671705709920E2));
#5215=CARTESIAN_POINT('',(-1.826690395819E2,4.325128180515E1,1.674316820218E2));
#5216=CARTESIAN_POINT('',(-1.827860967080E2,4.341558926294E1,1.677160765406E2));
#5217=CARTESIAN_POINT('',(-1.829140855721E2,4.359517325198E1,1.680266180448E2));
#5218=CARTESIAN_POINT('',(-1.830544383347E2,4.379210441515E1,1.683667680546E2));
#5219=CARTESIAN_POINT('',(-1.832089071543E2,4.400893622179E1,1.687407688324E2));
#5220=CARTESIAN_POINT('',(-1.833796867600E2,4.424888333902E1,1.691539299066E2));
#5221=CARTESIAN_POINT('',(-1.835696024299E2,4.451608872895E1,1.696130571145E2));
#5222=CARTESIAN_POINT('',(-1.837822851604E2,4.481586841623E1,1.701268325658E2));
#5223=CARTESIAN_POINT('',(-1.840225101674E2,4.515513605151E1,1.707065172060E2));
#5224=CARTESIAN_POINT('',(-1.842878512286E2,4.553043714575E1,1.713456178123E2));
#5225=CARTESIAN_POINT('',(-1.845656154390E2,4.592320948846E1,1.720124829794E2));
#5226=CARTESIAN_POINT('',(-1.848414268808E2,4.631192256279E1,1.726715621693E2));
#5227=CARTESIAN_POINT('',(-1.851093004281E2,4.668688724327E1,1.733080548731E2));
#5228=CARTESIAN_POINT('',(-1.853738285971E2,4.705327098188E1,1.739326459378E2));
#5229=CARTESIAN_POINT('',(-1.856320527258E2,4.740576250295E1,1.745383205460E2));
#5230=CARTESIAN_POINT('',(-1.858750833390E2,4.773149970624E1,1.751045698077E2));
#5231=CARTESIAN_POINT('',(-1.860940129726E2,4.801892832473E1,1.756112874586E2));
#5232=CARTESIAN_POINT('',(-1.862885803599E2,4.826875715130E1,1.760584343227E2));
#5233=CARTESIAN_POINT('',(-1.864630815629E2,4.848761011260E1,1.764562216280E2));
#5234=CARTESIAN_POINT('',(-1.866207923039E2,4.868062418360E1,1.768123295991E2));
#5235=CARTESIAN_POINT('',(-1.867643175353E2,4.885193335843E1,1.771328275952E2));
#5236=CARTESIAN_POINT('',(-1.868956333947E2,4.900472348749E1,1.774223083857E2));
#5237=CARTESIAN_POINT('',(-1.870161936164E2,4.914142799566E1,1.776841934086E2));
#5238=CARTESIAN_POINT('',(-1.871270976106E2,4.926397481981E1,1.779211442712E2));
#5239=CARTESIAN_POINT('',(-1.872292609590E2,4.937400529736E1,1.781354478340E2));
#5240=CARTESIAN_POINT('',(-1.873234866671E2,4.947296427133E1,1.783291637748E2));
#5241=CARTESIAN_POINT('',(-1.874104821967E2,4.956212755974E1,1.785041511299E2));
#5242=CARTESIAN_POINT('',(-1.874908744891E2,4.964262791193E1,1.786620911207E2));
#5243=CARTESIAN_POINT('',(-1.875652235219E2,4.971548027130E1,1.788045083674E2));
#5244=CARTESIAN_POINT('',(-1.876340332240E2,4.978160583054E1,1.789327884823E2));
#5245=CARTESIAN_POINT('',(-1.876977592793E2,4.984185525183E1,1.790481917768E2));
#5246=CARTESIAN_POINT('',(-1.877568135749E2,4.989703373727E1,1.791518626518E2));
#5247=CARTESIAN_POINT('',(-1.878115630355E2,4.994792555750E1,1.792448338993E2));
#5248=CARTESIAN_POINT('',(-1.878623269832E2,4.999533425805E1,1.793280315015E2));
#5249=CARTESIAN_POINT('',(-1.879093662609E2,5.004013562759E1,1.794022731205E2));
#5250=CARTESIAN_POINT('',(-1.879528585671E2,5.008334813350E1,1.794682559483E2));
#5251=CARTESIAN_POINT('',(-1.879928346625E2,5.012626423186E1,1.795265074168E2));
#5252=CARTESIAN_POINT('',(-1.880290646472E2,5.017056113074E1,1.795772902514E2));
#5253=CARTESIAN_POINT('',(-1.880612435102E2,5.021944356912E1,1.796209795440E2));
#5254=CARTESIAN_POINT('',(-1.880880575003E2,5.027791775688E1,1.796568950227E2));
#5255=CARTESIAN_POINT('',(-1.881026891450E2,5.035144349885E1,1.796780298399E2));
#5256=CARTESIAN_POINT('',(-1.880961745652E2,5.040892390542E1,1.796735734516E2));
#5257=CARTESIAN_POINT('',(-1.880880155801E2,5.043667315922E1,1.796662660348E2));
#5258=CARTESIAN_POINT('',(-1.814485686884E2,4.171535102476E1,1.641630050525E2));
#5259=CARTESIAN_POINT('',(-1.814448617985E2,4.172483359402E1,1.641539448872E2));
#5260=CARTESIAN_POINT('',(-1.814224978053E2,4.178029093607E1,1.640982829721E2));
#5261=CARTESIAN_POINT('',(-1.814155388690E2,4.176873772429E1,1.640780388998E2));
#5262=CARTESIAN_POINT('',(-1.814160105219E2,4.178262096708E1,1.640760465269E2));
#5263=CARTESIAN_POINT('',(-1.814199401444E2,4.178712754769E1,1.640823800169E2));
#5264=CARTESIAN_POINT('',(-1.814256300269E2,4.179577777870E1,1.640931265176E2));
#5265=CARTESIAN_POINT('',(-1.814326266873E2,4.180458197617E1,1.641070137812E2));
#5266=CARTESIAN_POINT('',(-1.814407164488E2,4.181479505370E1,1.641235149644E2));
#5267=CARTESIAN_POINT('',(-1.814498296124E2,4.182606164127E1,1.641424215377E2));
#5268=CARTESIAN_POINT('',(-1.814599497043E2,4.183854059063E1,1.641636729055E2));
#5269=CARTESIAN_POINT('',(-1.814710965131E2,4.185225512884E1,1.641872954470E2));
#5270=CARTESIAN_POINT('',(-1.814833106624E2,4.186728812492E1,1.642133691055E2));
#5271=CARTESIAN_POINT('',(-1.814966484895E2,4.188372057375E1,1.642420124881E2));
#5272=CARTESIAN_POINT('',(-1.815111786210E2,4.190164910369E1,1.642733744937E2));
#5273=CARTESIAN_POINT('',(-1.815269805061E2,4.192118020091E1,1.643076302003E2));
#5274=CARTESIAN_POINT('',(-1.815441436764E2,4.194243198051E1,1.643449788114E2));
#5275=CARTESIAN_POINT('',(-1.815627675481E2,4.196553401290E1,1.643856429241E2));
#5276=CARTESIAN_POINT('',(-1.815829615095E2,4.199062796466E1,1.644298685520E2));
#5277=CARTESIAN_POINT('',(-1.816048452141E2,4.201786816430E1,1.644779256698E2));
#5278=CARTESIAN_POINT('',(-1.816285490470E2,4.204742236948E1,1.645301091907E2));
#5279=CARTESIAN_POINT('',(-1.816542147194E2,4.207947262832E1,1.645867402617E2));
#5280=CARTESIAN_POINT('',(-1.816819958397E2,4.211421608734E1,1.646481675346E2));
#5281=CARTESIAN_POINT('',(-1.817120586159E2,4.215186593942E1,1.647147687418E2));
#5282=CARTESIAN_POINT('',(-1.817445827412E2,4.219265258806E1,1.647869526924E2));
#5283=CARTESIAN_POINT('',(-1.817797625080E2,4.223682508849E1,1.648651617899E2));
#5284=CARTESIAN_POINT('',(-1.818178079972E2,4.228465267562E1,1.649498747266E2));
#5285=CARTESIAN_POINT('',(-1.818589462679E2,4.233642628506E1,1.650416091873E2));
#5286=CARTESIAN_POINT('',(-1.819034228249E2,4.239246041471E1,1.651409251743E2));
#5287=CARTESIAN_POINT('',(-1.819515036815E2,4.245309572806E1,1.652484296671E2));
#5288=CARTESIAN_POINT('',(-1.820034796245E2,4.251870442618E1,1.653647862153E2));
#5289=CARTESIAN_POINT('',(-1.820596708436E2,4.258969607987E1,1.654907253826E2));
#5290=CARTESIAN_POINT('',(-1.821204272176E2,4.266651796101E1,1.656270454661E2));
#5291=CARTESIAN_POINT('',(-1.821861269545E2,4.274965322443E1,1.657746094451E2));
#5292=CARTESIAN_POINT('',(-1.822571762693E2,4.283962037736E1,1.659343441867E2));
#5293=CARTESIAN_POINT('',(-1.823340160247E2,4.293698132237E1,1.661072552097E2));
#5294=CARTESIAN_POINT('',(-1.824171407633E2,4.304236581159E1,1.662944695264E2));
#5295=CARTESIAN_POINT('',(-1.825071279996E2,4.315650992796E1,1.664973050465E2));
#5296=CARTESIAN_POINT('',(-1.826046561700E2,4.328027619610E1,1.667173074593E2));
#5297=CARTESIAN_POINT('',(-1.827105082420E2,4.341465770998E1,1.669562583005E2));
#5298=CARTESIAN_POINT('',(-1.828255893832E2,4.356079918056E1,1.672162140792E2));
#5299=CARTESIAN_POINT('',(-1.829509682760E2,4.372004763446E1,1.674995987321E2));
#5300=CARTESIAN_POINT('',(-1.830879261906E2,4.389401222497E1,1.678093135228E2));
#5301=CARTESIAN_POINT('',(-1.832380154072E2,4.408463511944E1,1.681488682726E2));
#5302=CARTESIAN_POINT('',(-1.834031427205E2,4.429429301602E1,1.685225697779E2));
#5303=CARTESIAN_POINT('',(-1.835856920990E2,4.452594896204E1,1.689358021462E2));
#5304=CARTESIAN_POINT('',(-1.837887206925E2,4.478339827844E1,1.693954798205E2));
#5305=CARTESIAN_POINT('',(-1.840161181408E2,4.507146814161E1,1.699104236094E2));
#5306=CARTESIAN_POINT('',(-1.842728946641E2,4.539639950629E1,1.704920591264E2));
#5307=CARTESIAN_POINT('',(-1.845561114037E2,4.575444157257E1,1.711339592307E2));
#5308=CARTESIAN_POINT('',(-1.848514853088E2,4.612774968984E1,1.718041958223E2));
#5309=CARTESIAN_POINT('',(-1.851428535089E2,4.649639253283E1,1.724665824276E2));
#5310=CARTESIAN_POINT('',(-1.854232542231E2,4.685212081813E1,1.731055955022E2));
#5311=CARTESIAN_POINT('',(-1.856969979109E2,4.720098717156E1,1.737312681368E2));
#5312=CARTESIAN_POINT('',(-1.859606448214E2,4.753918649847E1,1.743358745570E2));
#5313=CARTESIAN_POINT('',(-1.862050462936E2,4.785535476996E1,1.748983850154E2));
#5314=CARTESIAN_POINT('',(-1.864217083176E2,4.813835728676E1,1.753989677036E2));
#5315=CARTESIAN_POINT('',(-1.866110185264E2,4.838821853614E1,1.758381900912E2));
#5316=CARTESIAN_POINT('',(-1.867777530726E2,4.861071308583E1,1.762268797755E2));
#5317=CARTESIAN_POINT('',(-1.869255260390E2,4.881016015213E1,1.765732597988E2));
#5318=CARTESIAN_POINT('',(-1.870571868408E2,4.898993630084E1,1.768838218889E2));
#5319=CARTESIAN_POINT('',(-1.871748726482E2,4.915254644247E1,1.771634338933E2));
#5320=CARTESIAN_POINT('',(-1.872801924166E2,4.929983968014E1,1.774157361470E2));
#5321=CARTESIAN_POINT('',(-1.873744058384E2,4.943323145170E1,1.776435435620E2));
#5322=CARTESIAN_POINT('',(-1.874585904232E2,4.955392381289E1,1.778492359714E2));
#5323=CARTESIAN_POINT('',(-1.875337047928E2,4.966298905694E1,1.780349115782E2));
#5324=CARTESIAN_POINT('',(-1.876006025158E2,4.976138476731E1,1.782024235196E2));
#5325=CARTESIAN_POINT('',(-1.876600436922E2,4.984996544488E1,1.783534108258E2));
#5326=CARTESIAN_POINT('',(-1.877127053622E2,4.992949211390E1,1.784893259578E2));
#5327=CARTESIAN_POINT('',(-1.877591898950E2,5.000063836888E1,1.786114566678E2));
#5328=CARTESIAN_POINT('',(-1.878000318439E2,5.006399305919E1,1.787209429430E2));
#5329=CARTESIAN_POINT('',(-1.878357020403E2,5.012005667738E1,1.788187861178E2));
#5330=CARTESIAN_POINT('',(-1.878666138408E2,5.016923760937E1,1.789058595585E2));
#5331=CARTESIAN_POINT('',(-1.878931245692E2,5.021183438577E1,1.789829065493E2));
#5332=CARTESIAN_POINT('',(-1.879155430330E2,5.024801538447E1,1.790505467301E2));
#5333=CARTESIAN_POINT('',(-1.879341399683E2,5.027778667818E1,1.791092798773E2));
#5334=CARTESIAN_POINT('',(-1.879491698398E2,5.030092480425E1,1.791594921847E2));
#5335=CARTESIAN_POINT('',(-1.879609104482E2,5.031691351534E1,1.792014729254E2));
#5336=CARTESIAN_POINT('',(-1.879699241396E2,5.032487137375E1,1.792360418660E2));
#5337=CARTESIAN_POINT('',(-1.879770537257E2,5.032287852945E1,1.792640917561E2));
#5338=CARTESIAN_POINT('',(-1.879838856426E2,5.030660682981E1,1.792853733356E2));
#5339=CARTESIAN_POINT('',(-1.879908161567E2,5.028556220966E1,1.792964780854E2));
#5340=CARTESIAN_POINT('',(-1.879949826778E2,5.027356310784E1,1.793008565549E2));
#5341=(BOUNDED_SURFACE()B_SPLINE_SURFACE(3,3,((#5009,#5010,#5011,#5012,#5013,
#5014,#5015,#5016,#5017,#5018,#5019,#5020,#5021,#5022,#5023,#5024,#5025,#5026,
#5027,#5028,#5029,#5030,#5031,#5032,#5033,#5034,#5035,#5036,#5037,#5038,#5039,
#5040,#5041,#5042,#5043,#5044,#5045,#5046,#5047,#5048,#5049,#5050,#5051,#5052,
#5053,#5054,#5055,#5056,#5057,#5058,#5059,#5060,#5061,#5062,#5063,#5064,#5065,
#5066,#5067,#5068,#5069,#5070,#5071,#5072,#5073,#5074,#5075,#5076,#5077,#5078,
#5079,#5080,#5081,#5082,#5083,#5084,#5085,#5086,#5087,#5088,#5089,#5090,#5091),(
#5092,#5093,#5094,#5095,#5096,#5097,#5098,#5099,#5100,#5101,#5102,#5103,#5104,
#5105,#5106,#5107,#5108,#5109,#5110,#5111,#5112,#5113,#5114,#5115,#5116,#5117,
#5118,#5119,#5120,#5121,#5122,#5123,#5124,#5125,#5126,#5127,#5128,#5129,#5130,
#5131,#5132,#5133,#5134,#5135,#5136,#5137,#5138,#5139,#5140,#5141,#5142,#5143,
#5144,#5145,#5146,#5147,#5148,#5149,#5150,#5151,#5152,#5153,#5154,#5155,#5156,
#5157,#5158,#5159,#5160,#5161,#5162,#5163,#5164,#5165,#5166,#5167,#5168,#5169,
#5170,#5171,#5172,#5173,#5174),(#5175,#5176,#5177,#5178,#5179,#5180,#5181,#5182,
#5183,#5184,#5185,#5186,#5187,#5188,#5189,#5190,#5191,#5192,#5193,#5194,#5195,
#5196,#5197,#5198,#5199,#5200,#5201,#5202,#5203,#5204,#5205,#5206,#5207,#5208,
#5209,#5210,#5211,#5212,#5213,#5214,#5215,#5216,#5217,#5218,#5219,#5220,#5221,
#5222,#5223,#5224,#5225,#5226,#5227,#5228,#5229,#5230,#5231,#5232,#5233,#5234,
#5235,#5236,#5237,#5238,#5239,#5240,#5241,#5242,#5243,#5244,#5245,#5246,#5247,
#5248,#5249,#5250,#5251,#5252,#5253,#5254,#5255,#5256,#5257),(#5258,#5259,#5260,
#5261,#5262,#5263,#5264,#5265,#5266,#5267,#5268,#5269,#5270,#5271,#5272,#5273,
#5274,#5275,#5276,#5277,#5278,#5279,#5280,#5281,#5282,#5283,#5284,#5285,#5286,
#5287,#5288,#5289,#5290,#5291,#5292,#5293,#5294,#5295,#5296,#5297,#5298,#5299,
#5300,#5301,#5302,#5303,#5304,#5305,#5306,#5307,#5308,#5309,#5310,#5311,#5312,
#5313,#5314,#5315,#5316,#5317,#5318,#5319,#5320,#5321,#5322,#5323,#5324,#5325,
#5326,#5327,#5328,#5329,#5330,#5331,#5332,#5333,#5334,#5335,#5336,#5337,#5338,
#5339,#5340)),.UNSPECIFIED.,.F.,.F.,.F.)B_SPLINE_SURFACE_WITH_KNOTS((4,4),(4,1,
1,1,1,1,1,1,1,1,1,1,1,1,1,1,1,1,1,1,1,1,1,1,1,1,1,1,1,1,1,1,1,1,1,1,1,1,1,1,1,1,
1,1,1,1,1,1,1,1,1,1,1,1,1,1,1,1,1,1,1,1,1,1,1,1,1,1,1,1,1,1,1,1,1,1,1,1,1,1,4),(
0.E0,1.E0),(-1.355507839583E-4,0.E0,8.068784380118E-4,1.684573118326E-3,
2.649437040869E-3,3.710164560474E-3,4.872879564750E-3,6.144214367983E-3,
7.531184415908E-3,9.042053137977E-3,1.068592915269E-2,1.247287450899E-2,
1.441388067964E-2,1.652093438614E-2,1.880706549134E-2,2.128642284469E-2,
2.397436018211E-2,2.688751760176E-2,3.004391228828E-2,3.346304322016E-2,
3.716600404563E-2,4.117560051823E-2,4.551642598007E-2,5.021501730677E-2,
5.530004257133E-2,6.080246884106E-2,6.675574551774E-2,7.319598795483E-2,
8.016226209420E-2,8.769702353363E-2,9.584725736578E-2,1.046649196209E-1,
1.142054861250E-1,1.245283309333E-1,1.356977313046E-1,1.477839140699E-1,
1.608711548600E-1,1.750595151183E-1,1.904625026758E-1,2.072098659416E-1,
2.254544009329E-1,2.453802132105E-1,2.672087552517E-1,2.912098389105E-1,
3.177206745038E-1,3.471712616161E-1,3.801257820095E-1,4.172905486485E-1,
4.596030744258E-1,5.041895532105E-1,5.468557611742E-1,5.877359952884E-1,
6.279520905426E-1,6.682489196451E-1,7.053109978056E-1,7.376555314523E-1,
7.661832554597E-1,7.915221082876E-1,8.141836747558E-1,8.345738932242E-1,
8.529990711772E-1,8.696735568623E-1,8.847672668146E-1,8.984309994191E-1,
9.107989944318E-1,9.219908582527E-1,9.321135734768E-1,9.412631411988E-1,
9.495259863527E-1,9.569800794981E-1,9.636957171525E-1,9.697359780959E-1,
9.751571924571E-1,9.800097791840E-1,9.843390378930E-1,9.881857639303E-1,
9.915870288036E-1,9.945789174854E-1,9.973431821380E-1,1.E0,1.002176419616E0),
.UNSPECIFIED.)GEOMETRIC_REPRESENTATION_ITEM()RATIONAL_B_SPLINE_SURFACE(((
1.133745755125E0,1.133745755125E0,1.133745755125E0,1.133745755125E0,
1.133745755125E0,1.133745755125E0,1.133745755125E0,1.133745755125E0,
1.133745755125E0,1.133745755125E0,1.133745755125E0,1.133745755125E0,
1.133745755125E0,1.133745755125E0,1.133745755125E0,1.133745755125E0,
1.133745755125E0,1.133745755125E0,1.133745755125E0,1.133745755125E0,
1.133745755125E0,1.133745755125E0,1.133745755125E0,1.133745755125E0,
1.133745755125E0,1.133745755125E0,1.133745755125E0,1.133745755125E0,
1.133745755125E0,1.133745755125E0,1.133745755125E0,1.133745755125E0,
1.133745755125E0,1.133745755125E0,1.133745755125E0,1.133745755125E0,
1.133745755125E0,1.133745755125E0,1.133745755125E0,1.133745755125E0,
1.133745755125E0,1.133745755125E0,1.133745755125E0,1.133745755125E0,
1.133745755125E0,1.133745755125E0,1.133745755125E0,1.133745755125E0,
1.133745755125E0,1.133745755125E0,1.133745755125E0,1.133745755125E0,
1.133745755125E0,1.133745755125E0,1.133745755125E0,1.133745755125E0,
1.133745755125E0,1.133745755125E0,1.133745755125E0,1.133745755125E0,
1.133745755125E0,1.133745755125E0,1.133745755125E0,1.133745755125E0,
1.133745755125E0,1.133745755125E0,1.133745755125E0,1.133745755125E0,
1.133745755125E0,1.133745755125E0,1.133745755125E0,1.133745755125E0,
1.133745755125E0,1.133745755125E0,1.133745755125E0,1.133745755125E0,
1.133745755125E0,1.133745755125E0,1.133745755125E0,1.133745755125E0,
1.133745755125E0,1.133745755125E0,1.133745755125E0),(9.554180816249E-1,
9.554180816249E-1,9.554180816249E-1,9.554180816249E-1,9.554180816249E-1,
9.554180816249E-1,9.554180816249E-1,9.554180816249E-1,9.554180816249E-1,
9.554180816249E-1,9.554180816249E-1,9.554180816249E-1,9.554180816249E-1,
9.554180816249E-1,9.554180816249E-1,9.554180816249E-1,9.554180816249E-1,
9.554180816249E-1,9.554180816249E-1,9.554180816249E-1,9.554180816249E-1,
9.554180816249E-1,9.554180816249E-1,9.554180816249E-1,9.554180816249E-1,
9.554180816249E-1,9.554180816249E-1,9.554180816249E-1,9.554180816249E-1,
9.554180816249E-1,9.554180816249E-1,9.554180816249E-1,9.554180816249E-1,
9.554180816249E-1,9.554180816249E-1,9.554180816249E-1,9.554180816249E-1,
9.554180816249E-1,9.554180816249E-1,9.554180816249E-1,9.554180816249E-1,
9.554180816249E-1,9.554180816249E-1,9.554180816249E-1,9.554180816249E-1,
9.554180816249E-1,9.554180816249E-1,9.554180816249E-1,9.554180816249E-1,
9.554180816249E-1,9.554180816249E-1,9.554180816249E-1,9.554180816249E-1,
9.554180816249E-1,9.554180816249E-1,9.554180816249E-1,9.554180816249E-1,
9.554180816249E-1,9.554180816249E-1,9.554180816249E-1,9.554180816249E-1,
9.554180816249E-1,9.554180816249E-1,9.554180816249E-1,9.554180816249E-1,
9.554180816249E-1,9.554180816249E-1,9.554180816249E-1,9.554180816249E-1,
9.554180816249E-1,9.554180816249E-1,9.554180816249E-1,9.554180816249E-1,
9.554180816249E-1,9.554180816249E-1,9.554180816249E-1,9.554180816249E-1,
9.554180816249E-1,9.554180816249E-1,9.554180816249E-1,9.554180816249E-1,
9.554180816249E-1,9.554180816249E-1),(9.554180816249E-1,9.554180816249E-1,
9.554180816249E-1,9.554180816249E-1,9.554180816249E-1,9.554180816249E-1,
9.554180816249E-1,9.554180816249E-1,9.554180816249E-1,9.554180816249E-1,
9.554180816249E-1,9.554180816249E-1,9.554180816249E-1,9.554180816249E-1,
9.554180816249E-1,9.554180816249E-1,9.554180816249E-1,9.554180816249E-1,
9.554180816249E-1,9.554180816249E-1,9.554180816249E-1,9.554180816249E-1,
9.554180816249E-1,9.554180816249E-1,9.554180816249E-1,9.554180816249E-1,
9.554180816249E-1,9.554180816249E-1,9.554180816249E-1,9.554180816249E-1,
9.554180816249E-1,9.554180816249E-1,9.554180816249E-1,9.554180816249E-1,
9.554180816249E-1,9.554180816249E-1,9.554180816249E-1,9.554180816249E-1,
9.554180816249E-1,9.554180816249E-1,9.554180816249E-1,9.554180816249E-1,
9.554180816249E-1,9.554180816249E-1,9.554180816249E-1,9.554180816249E-1,
9.554180816249E-1,9.554180816249E-1,9.554180816249E-1,9.554180816249E-1,
9.554180816249E-1,9.554180816249E-1,9.554180816249E-1,9.554180816249E-1,
9.554180816249E-1,9.554180816249E-1,9.554180816249E-1,9.554180816249E-1,
9.554180816249E-1,9.554180816249E-1,9.554180816249E-1,9.554180816249E-1,
9.554180816249E-1,9.554180816249E-1,9.554180816249E-1,9.554180816249E-1,
9.554180816249E-1,9.554180816249E-1,9.554180816249E-1,9.554180816249E-1,
9.554180816249E-1,9.554180816249E-1,9.554180816249E-1,9.554180816249E-1,
9.554180816249E-1,9.554180816249E-1,9.554180816249E-1,9.554180816249E-1,
9.554180816249E-1,9.554180816249E-1,9.554180816249E-1,9.554180816249E-1,
9.554180816249E-1),(1.133745755125E0,1.133745755125E0,1.133745755125E0,
1.133745755125E0,1.133745755125E0,1.133745755125E0,1.133745755125E0,
1.133745755125E0,1.133745755125E0,1.133745755125E0,1.133745755125E0,
1.133745755125E0,1.133745755125E0,1.133745755125E0,1.133745755125E0,
1.133745755125E0,1.133745755125E0,1.133745755125E0,1.133745755125E0,
1.133745755125E0,1.133745755125E0,1.133745755125E0,1.133745755125E0,
1.133745755125E0,1.133745755125E0,1.133745755125E0,1.133745755125E0,
1.133745755125E0,1.133745755125E0,1.133745755125E0,1.133745755125E0,
1.133745755125E0,1.133745755125E0,1.133745755125E0,1.133745755125E0,
1.133745755125E0,1.133745755125E0,1.133745755125E0,1.133745755125E0,
1.133745755125E0,1.133745755125E0,1.133745755125E0,1.133745755125E0,
1.133745755125E0,1.133745755125E0,1.133745755125E0,1.133745755125E0,
1.133745755125E0,1.133745755125E0,1.133745755125E0,1.133745755125E0,
1.133745755125E0,1.133745755125E0,1.133745755125E0,1.133745755125E0,
1.133745755125E0,1.133745755125E0,1.133745755125E0,1.133745755125E0,
1.133745755125E0,1.133745755125E0,1.133745755125E0,1.133745755125E0,
1.133745755125E0,1.133745755125E0,1.133745755125E0,1.133745755125E0,
1.133745755125E0,1.133745755125E0,1.133745755125E0,1.133745755125E0,
1.133745755125E0,1.133745755125E0,1.133745755125E0,1.133745755125E0,
1.133745755125E0,1.133745755125E0,1.133745755125E0,1.133745755125E0,
1.133745755125E0,1.133745755125E0,1.133745755125E0,1.133745755125E0)))REPRESENTATION_ITEM('')SURFACE());
#5342=ORIENTED_EDGE('',*,*,#4976,.T.);
#5344=ORIENTED_EDGE('',*,*,#5343,.F.);
#5346=ORIENTED_EDGE('',*,*,#5345,.T.);
#5347=EDGE_LOOP('',(#5342,#5344,#5346));
#5348=FACE_OUTER_BOUND('',#5347,.F.);
#5349=ADVANCED_FACE('',(#5348),#5341,.F.);
#5350=CARTESIAN_POINT('',(-1.883985832795E2,5.053725607114E1,1.801795650652E2));
#5351=CARTESIAN_POINT('',(-1.859970014171E2,4.736584296789E1,1.746515724905E2));
#5352=CARTESIAN_POINT('',(-1.835954195547E2,4.419442986465E1,1.691235799158E2));
#5353=CARTESIAN_POINT('',(-1.811938376923E2,4.102301676141E1,1.635955873411E2));
#5354=CARTESIAN_POINT('',(-1.883940902551E2,5.054439607332E1,1.801644175274E2));
#5355=CARTESIAN_POINT('',(-1.859893709582E2,4.737551654025E1,1.746378407682E2));
#5356=CARTESIAN_POINT('',(-1.835846516612E2,4.420663700719E1,1.691112640089E2));
#5357=CARTESIAN_POINT('',(-1.811799323643E2,4.103775747413E1,1.635846872496E2));
#5358=CARTESIAN_POINT('',(-1.883795565400E2,5.054553583744E1,1.801502073050E2));
#5359=CARTESIAN_POINT('',(-1.859863761908E2,4.738639910104E1,1.746341729168E2));
#5360=CARTESIAN_POINT('',(-1.835931958417E2,4.422726236464E1,1.691181385286E2));
#5361=CARTESIAN_POINT('',(-1.812000154925E2,4.106812562824E1,1.636021041404E2));
#5362=CARTESIAN_POINT('',(-1.883565093263E2,5.056156962741E1,1.801048850413E2));
#5363=CARTESIAN_POINT('',(-1.859677868662E2,4.741702914240E1,1.746019237651E2));
#5364=CARTESIAN_POINT('',(-1.835790644061E2,4.427248865738E1,1.690989624890E2));
#5365=CARTESIAN_POINT('',(-1.811903419460E2,4.112794817237E1,1.635960012129E2));
#5366=CARTESIAN_POINT('',(-1.883138914808E2,5.058335521160E1,1.800331109516E2));
#5367=CARTESIAN_POINT('',(-1.859416291734E2,4.746659600575E1,1.745568489316E2));
#5368=CARTESIAN_POINT('',(-1.835693668661E2,4.434983679989E1,1.690805869116E2));
#5369=CARTESIAN_POINT('',(-1.811971045587E2,4.123307759404E1,1.636043248916E2));
#5370=CARTESIAN_POINT('',(-1.881218341340E2,5.069693006171E1,1.796805222017E2));
#5371=CARTESIAN_POINT('',(-1.858132771902E2,4.770698662940E1,1.743246984221E2));
#5372=CARTESIAN_POINT('',(-1.835047202465E2,4.471704319708E1,1.689688746425E2));
#5373=CARTESIAN_POINT('',(-1.811961633028E2,4.172709976476E1,1.636130508629E2));
#5374=CARTESIAN_POINT('',(-1.878188959088E2,5.089718459176E1,1.790483821789E2));
#5375=CARTESIAN_POINT('',(-1.856326954254E2,4.813007514292E1,1.739153970697E2));
#5376=CARTESIAN_POINT('',(-1.834464949420E2,4.536296569407E1,1.687824119605E2));
#5377=CARTESIAN_POINT('',(-1.812602944586E2,4.259585624522E1,1.636494268512E2));
#5378=CARTESIAN_POINT('',(-1.874953235301E2,5.119394242409E1,1.781260805009E2));
#5379=CARTESIAN_POINT('',(-1.854735905578E2,4.872661947333E1,1.733132276665E2));
#5380=CARTESIAN_POINT('',(-1.834518575856E2,4.625929652257E1,1.685003748320E2));
#5381=CARTESIAN_POINT('',(-1.814301246133E2,4.379197357181E1,1.636875219976E2));
#5382=CARTESIAN_POINT('',(-1.872710389686E2,5.149844683192E1,1.771823634613E2));
#5383=CARTESIAN_POINT('',(-1.854127569214E2,4.931974727978E1,1.726977134375E2));
#5384=CARTESIAN_POINT('',(-1.835544748741E2,4.714104772764E1,1.682130634136E2));
#5385=CARTESIAN_POINT('',(-1.816961928269E2,4.496234817551E1,1.637284133897E2));
#5386=CARTESIAN_POINT('',(-1.871086895055E2,5.190195524733E1,1.759380124790E2));
#5387=CARTESIAN_POINT('',(-1.854576034409E2,5.008290976679E1,1.718835513511E2));
#5388=CARTESIAN_POINT('',(-1.838065173764E2,4.826386428625E1,1.678290902232E2));
#5389=CARTESIAN_POINT('',(-1.821554313118E2,4.644481880571E1,1.637746290953E2));
#5390=CARTESIAN_POINT('',(-1.871416179345E2,5.240400159302E1,1.743980110519E2));
#5391=CARTESIAN_POINT('',(-1.857347027770E2,5.099904012189E1,1.708696676234E2));
#5392=CARTESIAN_POINT('',(-1.843277876196E2,4.959407865076E1,1.673413241948E2));
#5393=CARTESIAN_POINT('',(-1.829208724622E2,4.818911717964E1,1.638129807662E2));
#5394=CARTESIAN_POINT('',(-1.875377164860E2,5.298768414143E1,1.726168709360E2));
#5395=CARTESIAN_POINT('',(-1.864033645245E2,5.202405500973E1,1.697002119908E2));
#5396=CARTESIAN_POINT('',(-1.852690125629E2,5.106042587803E1,1.667835530455E2));
#5397=CARTESIAN_POINT('',(-1.841346606014E2,5.009679674633E1,1.638668941003E2));
#5398=CARTESIAN_POINT('',(-1.882781096640E2,5.353661499708E1,1.709478781553E2));
#5399=CARTESIAN_POINT('',(-1.873955210115E2,5.295801454888E1,1.686158622174E2));
#5400=CARTESIAN_POINT('',(-1.865129323589E2,5.237941410067E1,1.662838462796E2));
#5401=CARTESIAN_POINT('',(-1.856303437063E2,5.180081365246E1,1.639518303417E2));
#5402=CARTESIAN_POINT('',(-1.893381035545E2,5.402452496226E1,1.694702297068E2));
#5403=CARTESIAN_POINT('',(-1.886792377881E2,5.377169022877E1,1.676331645017E2));
#5404=CARTESIAN_POINT('',(-1.880203720218E2,5.351885549529E1,1.657960992966E2));
#5405=CARTESIAN_POINT('',(-1.873615062554E2,5.326602076183E1,1.639590340916E2));
#5406=CARTESIAN_POINT('',(-1.902273527695E2,5.429476440718E1,1.686536951215E2));
#5407=CARTESIAN_POINT('',(-1.897034644035E2,5.421284295303E1,1.670943134241E2));
#5408=CARTESIAN_POINT('',(-1.891795760372E2,5.413092149889E1,1.655349317267E2));
#5409=CARTESIAN_POINT('',(-1.886556876713E2,5.404900004471E1,1.639755500293E2));
#5410=CARTESIAN_POINT('',(-1.907376997396E2,5.442062181590E1,1.682740140105E2));
#5411=CARTESIAN_POINT('',(-1.902811967506E2,5.441709129646E1,1.668400270895E2));
#5412=CARTESIAN_POINT('',(-1.898246937617E2,5.441356077702E1,1.654060401685E2));
#5413=CARTESIAN_POINT('',(-1.893681907727E2,5.441003025759E1,1.639720532475E2));
#5414=CARTESIAN_POINT('',(-1.907729302992E2,5.442919154572E1,1.682482248879E2));
#5415=CARTESIAN_POINT('',(-1.903210546116E2,5.443098539428E1,1.668227346663E2));
#5416=CARTESIAN_POINT('',(-1.898691789240E2,5.443277924285E1,1.653972444446E2));
#5417=CARTESIAN_POINT('',(-1.894173032364E2,5.443457309141E1,1.639717542229E2));
#5418=CARTESIAN_POINT('',(-1.908084001151E2,5.443765394216E1,1.682226822516E2));
#5419=CARTESIAN_POINT('',(-1.903610856450E2,5.444470691253E1,1.668055984712E2));
#5420=CARTESIAN_POINT('',(-1.899137711749E2,5.445175988290E1,1.653885146907E2));
#5421=CARTESIAN_POINT('',(-1.894664567048E2,5.445881285326E1,1.639714309102E2));
#5422=B_SPLINE_SURFACE_WITH_KNOTS('',3,3,((#5350,#5351,#5352,#5353),(#5354,
#5355,#5356,#5357),(#5358,#5359,#5360,#5361),(#5362,#5363,#5364,#5365),(#5366,
#5367,#5368,#5369),(#5370,#5371,#5372,#5373),(#5374,#5375,#5376,#5377),(#5378,
#5379,#5380,#5381),(#5382,#5383,#5384,#5385),(#5386,#5387,#5388,#5389),(#5390,
#5391,#5392,#5393),(#5394,#5395,#5396,#5397),(#5398,#5399,#5400,#5401),(#5402,
#5403,#5404,#5405),(#5406,#5407,#5408,#5409),(#5410,#5411,#5412,#5413),(#5414,
#5415,#5416,#5417),(#5418,#5419,#5420,#5421)),.UNSPECIFIED.,.F.,.F.,.F.,(4,1,1,
1,1,1,1,1,1,1,1,1,1,1,1,4),(4,4),(-9.704968892679E-6,2.718892284881E-3,
5.447489538655E-3,1.090468404620E-2,2.181907306130E-2,9.531027208394E-2,
1.688014711066E-1,2.408842796356E-1,3.129670881645E-1,4.504468754015E-1,
5.860366615391E-1,7.233896200764E-1,8.631216636070E-1,9.999899911568E-1,1.E0,
1.010095705311E0),(-5.190560570488E-7,1.000080354329E0),.UNSPECIFIED.);
#5424=ORIENTED_EDGE('',*,*,#5423,.F.);
#5425=ORIENTED_EDGE('',*,*,#4978,.F.);
#5426=ORIENTED_EDGE('',*,*,#5345,.F.);
#5427=ORIENTED_EDGE('',*,*,#5343,.T.);
#5428=ORIENTED_EDGE('',*,*,#4073,.F.);
#5429=ORIENTED_EDGE('',*,*,#4071,.F.);
#5431=ORIENTED_EDGE('',*,*,#5430,.F.);
#5433=ORIENTED_EDGE('',*,*,#5432,.F.);
#5435=ORIENTED_EDGE('',*,*,#5434,.F.);
#5436=EDGE_LOOP('',(#5424,#5425,#5426,#5427,#5428,#5429,#5431,#5433,#5435));
#5437=FACE_OUTER_BOUND('',#5436,.F.);
#5438=ADVANCED_FACE('',(#5437),#5422,.T.);
#5439=CARTESIAN_POINT('',(-1.957646963775E2,5.021393341451E1,1.753045988586E2));
#5440=DIRECTION('',(0.E0,1.E0,0.E0));
#5441=DIRECTION('',(-1.E0,0.E0,0.E0));
#5442=AXIS2_PLACEMENT_3D('',#5439,#5440,#5441);
#5443=CYLINDRICAL_SURFACE('',#5442,8.760596632800E0);
#5444=ORIENTED_EDGE('',*,*,#5423,.T.);
#5445=ORIENTED_EDGE('',*,*,#5434,.T.);
#5446=ORIENTED_EDGE('',*,*,#5432,.T.);
#5448=ORIENTED_EDGE('',*,*,#5447,.T.);
#5450=ORIENTED_EDGE('',*,*,#5449,.T.);
#5452=ORIENTED_EDGE('',*,*,#5451,.T.);
#5454=ORIENTED_EDGE('',*,*,#5453,.T.);
#5456=ORIENTED_EDGE('',*,*,#5455,.T.);
#5457=ORIENTED_EDGE('',*,*,#4286,.T.);
#5458=ORIENTED_EDGE('',*,*,#4325,.T.);
#5459=ORIENTED_EDGE('',*,*,#4387,.T.);
#5460=ORIENTED_EDGE('',*,*,#4508,.T.);
#5461=ORIENTED_EDGE('',*,*,#4506,.T.);
#5462=ORIENTED_EDGE('',*,*,#4504,.T.);
#5463=ORIENTED_EDGE('',*,*,#4998,.T.);
#5465=ORIENTED_EDGE('',*,*,#5464,.T.);
#5466=ORIENTED_EDGE('',*,*,#4994,.F.);
#5467=ORIENTED_EDGE('',*,*,#4992,.F.);
#5469=ORIENTED_EDGE('',*,*,#5468,.F.);
#5471=ORIENTED_EDGE('',*,*,#5470,.F.);
#5473=ORIENTED_EDGE('',*,*,#5472,.F.);
#5475=ORIENTED_EDGE('',*,*,#5474,.F.);
#5476=ORIENTED_EDGE('',*,*,#4986,.F.);
#5477=ORIENTED_EDGE('',*,*,#4984,.F.);
#5479=ORIENTED_EDGE('',*,*,#5478,.T.);
#5480=ORIENTED_EDGE('',*,*,#4980,.T.);
#5481=EDGE_LOOP('',(#5444,#5445,#5446,#5448,#5450,#5452,#5454,#5456,#5457,#5458,
#5459,#5460,#5461,#5462,#5463,#5465,#5466,#5467,#5469,#5471,#5473,#5475,#5476,
#5477,#5479,#5480));
#5482=FACE_OUTER_BOUND('',#5481,.F.);
#5483=ADVANCED_FACE('',(#5482),#5443,.F.);
#5484=CARTESIAN_POINT('',(-1.907017732829E2,5.440849847813E1,1.683383485442E2));
#5485=CARTESIAN_POINT('',(-1.902329083442E2,5.439811672126E1,1.668732846678E2));
#5486=CARTESIAN_POINT('',(-1.897640434055E2,5.438773496439E1,1.654082207915E2));
#5487=CARTESIAN_POINT('',(-1.892951784669E2,5.437735320752E1,1.639431569151E2));
#5488=CARTESIAN_POINT('',(-1.907058012936E2,5.441027910252E1,1.683358401357E2));
#5489=CARTESIAN_POINT('',(-1.902369681756E2,5.440029683193E1,1.668723397255E2));
#5490=CARTESIAN_POINT('',(-1.897681350577E2,5.439031456134E1,1.654088393153E2));
#5491=CARTESIAN_POINT('',(-1.892993019397E2,5.438033229075E1,1.639453389051E2));
#5492=CARTESIAN_POINT('',(-1.907085711548E2,5.441116291247E1,1.683346720429E2));
#5493=CARTESIAN_POINT('',(-1.902403845856E2,5.440147639369E1,1.668707045972E2));
#5494=CARTESIAN_POINT('',(-1.897721980164E2,5.439178987491E1,1.654067371515E2));
#5495=CARTESIAN_POINT('',(-1.893040114472E2,5.438210335613E1,1.639427697058E2));
#5496=CARTESIAN_POINT('',(-1.908645747352E2,5.444922096701E1,1.682174345310E2));
#5497=CARTESIAN_POINT('',(-1.904173359474E2,5.446390596471E1,1.667924543174E2));
#5498=CARTESIAN_POINT('',(-1.899700971583E2,5.447859096208E1,1.653674741025E2));
#5499=CARTESIAN_POINT('',(-1.895228583692E2,5.449327595978E1,1.639424938890E2));
#5500=CARTESIAN_POINT('',(-1.911797307069E2,5.452056009029E1,1.679986553658E2));
#5501=CARTESIAN_POINT('',(-1.907709201718E2,5.458396006229E1,1.666288835157E2));
#5502=CARTESIAN_POINT('',(-1.903621096374E2,5.464736003446E1,1.652591116662E2));
#5503=CARTESIAN_POINT('',(-1.899532991031E2,5.471076000646E1,1.638893398160E2));
#5504=CARTESIAN_POINT('',(-1.916779054097E2,5.461876670751E1,1.676959183594E2));
#5505=CARTESIAN_POINT('',(-1.913302927017E2,5.474097008341E1,1.664403166613E2));
#5506=CARTESIAN_POINT('',(-1.909826799934E2,5.486317345926E1,1.651847149629E2));
#5507=CARTESIAN_POINT('',(-1.906350672852E2,5.498537683517E1,1.639291132648E2));
#5508=CARTESIAN_POINT('',(-1.920448333478E2,5.468012843243E1,1.675073558039E2));
#5509=CARTESIAN_POINT('',(-1.917382791503E2,5.484000042146E1,1.663147305533E2));
#5510=CARTESIAN_POINT('',(-1.914317249529E2,5.499987241049E1,1.651221053026E2));
#5511=CARTESIAN_POINT('',(-1.911251707554E2,5.515974439952E1,1.639294800519E2));
#5512=CARTESIAN_POINT('',(-1.922427927768E2,5.471018670371E1,1.674149510955E2));
#5513=CARTESIAN_POINT('',(-1.919578375889E2,5.488793382134E1,1.662551398892E2));
#5514=CARTESIAN_POINT('',(-1.916728824010E2,5.506568093898E1,1.650953286828E2));
#5515=CARTESIAN_POINT('',(-1.913879272131E2,5.524342805661E1,1.639355174765E2));
#5516=CARTESIAN_POINT('',(-1.922613962210E2,5.471298516735E1,1.674063475406E2));
#5517=CARTESIAN_POINT('',(-1.919784665845E2,5.489239017277E1,1.662496144345E2));
#5518=CARTESIAN_POINT('',(-1.916955369479E2,5.507179517819E1,1.650928813284E2));
#5519=CARTESIAN_POINT('',(-1.914126073113E2,5.525120018361E1,1.639361482223E2));
#5520=B_SPLINE_SURFACE_WITH_KNOTS('',3,3,((#5484,#5485,#5486,#5487),(#5488,
#5489,#5490,#5491),(#5492,#5493,#5494,#5495),(#5496,#5497,#5498,#5499),(#5500,
#5501,#5502,#5503),(#5504,#5505,#5506,#5507),(#5508,#5509,#5510,#5511),(#5512,
#5513,#5514,#5515),(#5516,#5517,#5518,#5519)),.UNSPECIFIED.,.F.,.F.,.F.,(4,1,1,
1,1,1,4),(4,4),(-8.699401620659E-3,0.E0,2.324038086543E-6,3.254690235435E-1,
6.589228130668E-1,1.E0,1.035316015984E0),(-2.500009674854E-6,1.000002564539E0),
.UNSPECIFIED.);
#5521=ORIENTED_EDGE('',*,*,#5430,.T.);
#5522=ORIENTED_EDGE('',*,*,#4069,.F.);
#5524=ORIENTED_EDGE('',*,*,#5523,.F.);
#5525=ORIENTED_EDGE('',*,*,#5447,.F.);
#5526=EDGE_LOOP('',(#5521,#5522,#5524,#5525));
#5527=FACE_OUTER_BOUND('',#5526,.F.);
#5528=ADVANCED_FACE('',(#5527),#5520,.T.);
#5529=CARTESIAN_POINT('',(-1.920964154748E2,5.468524097972E1,1.674987786557E2));
#5530=CARTESIAN_POINT('',(-1.917928332711E2,5.485013711829E1,1.663058832577E2));
#5531=CARTESIAN_POINT('',(-1.914892510674E2,5.501503325687E1,1.651129878596E2));
#5532=CARTESIAN_POINT('',(-1.911856688637E2,5.517992939544E1,1.639200924616E2));
#5533=CARTESIAN_POINT('',(-1.921331215319E2,5.469105521045E1,1.674807256882E2));
#5534=CARTESIAN_POINT('',(-1.918336935552E2,5.485951428215E1,1.662941493806E2));
#5535=CARTESIAN_POINT('',(-1.915342655786E2,5.502797335385E1,1.651075730730E2));
#5536=CARTESIAN_POINT('',(-1.912348376019E2,5.519643242556E1,1.639209967653E2));
#5537=CARTESIAN_POINT('',(-1.924177583636E2,5.473531110410E1,1.673433263403E2));
#5538=CARTESIAN_POINT('',(-1.921502820946E2,5.493081367145E1,1.662048799626E2));
#5539=CARTESIAN_POINT('',(-1.918828058255E2,5.512631623879E1,1.650664335849E2));
#5540=CARTESIAN_POINT('',(-1.916153295565E2,5.532181880614E1,1.639279872072E2));
#5541=CARTESIAN_POINT('',(-1.927486550156E2,5.477953369898E1,1.672061503516E2));
#5542=CARTESIAN_POINT('',(-1.925161015329E2,5.500140646357E1,1.661160755287E2));
#5543=CARTESIAN_POINT('',(-1.922835480501E2,5.522327922816E1,1.650260007059E2));
#5544=CARTESIAN_POINT('',(-1.920509945673E2,5.544515199275E1,1.639359258831E2));
#5545=CARTESIAN_POINT('',(-1.930482087009E2,5.481335179124E1,1.671013686096E2));
#5546=CARTESIAN_POINT('',(-1.928457221218E2,5.505483987028E1,1.660485693561E2));
#5547=CARTESIAN_POINT('',(-1.926432355427E2,5.529632794931E1,1.649957701026E2));
#5548=CARTESIAN_POINT('',(-1.924407489636E2,5.553781602835E1,1.639429708492E2));
#5549=CARTESIAN_POINT('',(-1.930870954269E2,5.481764013785E1,1.670880839534E2));
#5550=CARTESIAN_POINT('',(-1.928884875895E2,5.506160505748E1,1.660400170105E2));
#5551=CARTESIAN_POINT('',(-1.926898797520E2,5.530556997711E1,1.649919500676E2));
#5552=CARTESIAN_POINT('',(-1.924912719146E2,5.554953489674E1,1.639438831246E2));
#5553=B_SPLINE_SURFACE_WITH_KNOTS('',3,3,((#5529,#5530,#5531,#5532),(#5533,
#5534,#5535,#5536),(#5537,#5538,#5539,#5540),(#5541,#5542,#5543,#5544),(#5545,
#5546,#5547,#5548),(#5549,#5550,#5551,#5552)),.UNSPECIFIED.,.F.,.F.,.F.,(4,1,1,
4),(4,4),(-1.487155210823E-1,0.E0,1.E0,1.148715521080E0),(-3.019123715475E-7,
9.999995009350E-1),.UNSPECIFIED.);
#5554=ORIENTED_EDGE('',*,*,#4067,.F.);
#5556=ORIENTED_EDGE('',*,*,#5555,.F.);
#5557=ORIENTED_EDGE('',*,*,#5449,.F.);
#5558=ORIENTED_EDGE('',*,*,#5523,.T.);
#5559=EDGE_LOOP('',(#5554,#5556,#5557,#5558));
#5560=FACE_OUTER_BOUND('',#5559,.F.);
#5561=ADVANCED_FACE('',(#5560),#5553,.T.);
#5562=CARTESIAN_POINT('',(-1.929719050200E2,5.480089754025E1,1.671447100659E2));
#5563=CARTESIAN_POINT('',(-1.927590953125E2,5.503944310461E1,1.660704834588E2));
#5564=CARTESIAN_POINT('',(-1.925462856050E2,5.527798866898E1,1.649962568517E2));
#5565=CARTESIAN_POINT('',(-1.923334758976E2,5.551653423334E1,1.639220302445E2));
#5566=CARTESIAN_POINT('',(-1.929725051202E2,5.480096650220E1,1.671444934444E2));
#5567=CARTESIAN_POINT('',(-1.927598162143E2,5.503955137404E1,1.660704322391E2));
#5568=CARTESIAN_POINT('',(-1.925471273084E2,5.527813624588E1,1.649963710338E2));
#5569=CARTESIAN_POINT('',(-1.923344384025E2,5.551672111773E1,1.639223098284E2));
#5570=CARTESIAN_POINT('',(-1.929731054593E2,5.480103546669E1,1.671442768162E2));
#5571=CARTESIAN_POINT('',(-1.927605651467E2,5.503979055179E1,1.660706117521E2));
#5572=CARTESIAN_POINT('',(-1.925480248340E2,5.527854563690E1,1.649969466879E2));
#5573=CARTESIAN_POINT('',(-1.923354845213E2,5.551730072201E1,1.639232816237E2));
#5574=CARTESIAN_POINT('',(-1.932513887485E2,5.483299181457E1,1.670438968685E2));
#5575=CARTESIAN_POINT('',(-1.930681170413E2,5.509093568786E1,1.660057685529E2));
#5576=CARTESIAN_POINT('',(-1.928848453715E2,5.534887955804E1,1.649676402621E2));
#5577=CARTESIAN_POINT('',(-1.927015736519E2,5.560682343132E1,1.639295119588E2));
#5578=CARTESIAN_POINT('',(-1.937051995699E2,5.487651072701E1,1.669073985917E2));
#5579=CARTESIAN_POINT('',(-1.935674330766E2,5.515965809370E1,1.659188646658E2));
#5580=CARTESIAN_POINT('',(-1.934296665723E2,5.544280546131E1,1.649303307326E2));
#5581=CARTESIAN_POINT('',(-1.932919000827E2,5.572595282800E1,1.639417968031E2));
#5582=CARTESIAN_POINT('',(-1.941896989918E2,5.490892718013E1,1.668061179054E2));
#5583=CARTESIAN_POINT('',(-1.940974678826E2,5.520956520699E1,1.658544506904E2));
#5584=CARTESIAN_POINT('',(-1.940052367736E2,5.551020323382E1,1.649027834755E2));
#5585=CARTESIAN_POINT('',(-1.939130056643E2,5.581084126067E1,1.639511162605E2));
#5586=CARTESIAN_POINT('',(-1.943853789267E2,5.491971710727E1,1.667724989522E2));
#5587=CARTESIAN_POINT('',(-1.943112463689E2,5.522596478977E1,1.658328909479E2));
#5588=CARTESIAN_POINT('',(-1.942371138112E2,5.553221247226E1,1.648932829435E2));
#5589=CARTESIAN_POINT('',(-1.941629812534E2,5.583846015476E1,1.639536749392E2));
#5590=CARTESIAN_POINT('',(-1.944056753113E2,5.492081170423E1,1.667690896370E2));
#5591=CARTESIAN_POINT('',(-1.943334171059E2,5.522762580152E1,1.658307019618E2));
#5592=CARTESIAN_POINT('',(-1.942611589005E2,5.553443989881E1,1.648923142866E2));
#5593=CARTESIAN_POINT('',(-1.941889006950E2,5.584125399610E1,1.639539266114E2));
#5594=B_SPLINE_SURFACE_WITH_KNOTS('',3,3,((#5562,#5563,#5564,#5565),(#5566,
#5567,#5568,#5569),(#5570,#5571,#5572,#5573),(#5574,#5575,#5576,#5577),(#5578,
#5579,#5580,#5581),(#5582,#5583,#5584,#5585),(#5586,#5587,#5588,#5589),(#5590,
#5591,#5592,#5593)),.UNSPECIFIED.,.F.,.F.,.F.,(4,1,1,1,1,4),(4,4),(
-1.350580369961E-3,0.E0,4.758378019262E-7,6.248939431032E-1,1.E0,
1.043376156815E0),(3.495573862380E-7,9.999976049723E-1),.UNSPECIFIED.);
#5595=ORIENTED_EDGE('',*,*,#4065,.F.);
#5597=ORIENTED_EDGE('',*,*,#5596,.F.);
#5598=ORIENTED_EDGE('',*,*,#5451,.F.);
#5599=ORIENTED_EDGE('',*,*,#5555,.T.);
#5600=EDGE_LOOP('',(#5595,#5597,#5598,#5599));
#5601=FACE_OUTER_BOUND('',#5600,.F.);
#5602=ADVANCED_FACE('',(#5601),#5594,.T.);
#5603=CARTESIAN_POINT('',(-1.943436111204E2,5.491722218756E1,1.667802679218E2));
#5604=CARTESIAN_POINT('',(-1.942656380806E2,5.522213553144E1,1.658384182411E2));
#5605=CARTESIAN_POINT('',(-1.941876650408E2,5.552704887532E1,1.648965685604E2));
#5606=CARTESIAN_POINT('',(-1.941096920009E2,5.583196221920E1,1.639547188797E2));
#5607=CARTESIAN_POINT('',(-1.943440310019E2,5.491724390992E1,1.667802004055E2));
#5608=CARTESIAN_POINT('',(-1.942660955604E2,5.522217259251E1,1.658383700575E2));
#5609=CARTESIAN_POINT('',(-1.941881601189E2,5.552710127510E1,1.648965397095E2));
#5610=CARTESIAN_POINT('',(-1.941102246774E2,5.583202995769E1,1.639547093615E2));
#5611=CARTESIAN_POINT('',(-1.943444526880E2,5.491726866783E1,1.667801244509E2));
#5612=CARTESIAN_POINT('',(-1.942665561958E2,5.522221142402E1,1.658383148317E2));
#5613=CARTESIAN_POINT('',(-1.941886597036E2,5.552715418021E1,1.648965052125E2));
#5614=CARTESIAN_POINT('',(-1.941107632114E2,5.583209693641E1,1.639546955932E2));
#5615=CARTESIAN_POINT('',(-1.943553554957E2,5.491787480410E1,1.667782345935E2));
#5616=CARTESIAN_POINT('',(-1.942784767489E2,5.522319369510E1,1.658369435747E2));
#5617=CARTESIAN_POINT('',(-1.942015980022E2,5.552851258604E1,1.648956525559E2));
#5618=CARTESIAN_POINT('',(-1.941247192553E2,5.583383147704E1,1.639543615371E2));
#5619=CARTESIAN_POINT('',(-1.943762405707E2,5.491903768392E1,1.667746131520E2));
#5620=CARTESIAN_POINT('',(-1.943013404729E2,5.522495158954E1,1.658346369632E2));
#5621=CARTESIAN_POINT('',(-1.942264403750E2,5.553086549519E1,1.648946607742E2));
#5622=CARTESIAN_POINT('',(-1.941515402773E2,5.583677940081E1,1.639546845853E2));
#5623=CARTESIAN_POINT('',(-1.943975563151E2,5.492021819643E1,1.667709321975E2));
#5624=CARTESIAN_POINT('',(-1.943246619546E2,5.522655785347E1,1.658328248626E2));
#5625=CARTESIAN_POINT('',(-1.942517675941E2,5.553289751052E1,1.648947175277E2));
#5626=CARTESIAN_POINT('',(-1.941788732337E2,5.583923716756E1,1.639566101928E2));
#5627=CARTESIAN_POINT('',(-1.944083841093E2,5.492081816560E1,1.667690634245E2));
#5628=CARTESIAN_POINT('',(-1.943364960193E2,5.522731036747E1,1.658320683354E2));
#5629=CARTESIAN_POINT('',(-1.942646079294E2,5.553380256934E1,1.648950732464E2));
#5630=CARTESIAN_POINT('',(-1.941927198394E2,5.584029477121E1,1.639580781573E2));
#5631=CARTESIAN_POINT('',(-1.944088018945E2,5.492084131568E1,1.667689913202E2));
#5632=CARTESIAN_POINT('',(-1.943369526117E2,5.522733930764E1,1.658320393905E2));
#5633=CARTESIAN_POINT('',(-1.942651033289E2,5.553383729960E1,1.648950874608E2));
#5634=CARTESIAN_POINT('',(-1.941932540462E2,5.584033529156E1,1.639581355311E2));
#5635=B_SPLINE_SURFACE_WITH_KNOTS('',3,3,((#5603,#5604,#5605,#5606),(#5607,
#5608,#5609,#5610),(#5611,#5612,#5613,#5614),(#5615,#5616,#5617,#5618),(#5619,
#5620,#5621,#5622),(#5623,#5624,#5625,#5626),(#5627,#5628,#5629,#5630),(#5631,
#5632,#5633,#5634)),.UNSPECIFIED.,.F.,.F.,.F.,(4,1,1,1,1,4),(4,4),(
-1.999963535285E-2,0.E0,4.153915371419E-5,5.021117887139E-1,1.E0,
1.019981403181E0),(4.688869313652E-9,1.000000274944E0),.UNSPECIFIED.);
#5636=ORIENTED_EDGE('',*,*,#4063,.F.);
#5638=ORIENTED_EDGE('',*,*,#5637,.F.);
#5639=ORIENTED_EDGE('',*,*,#5453,.F.);
#5640=ORIENTED_EDGE('',*,*,#5596,.T.);
#5641=EDGE_LOOP('',(#5636,#5638,#5639,#5640));
#5642=FACE_OUTER_BOUND('',#5641,.F.);
#5643=ADVANCED_FACE('',(#5642),#5635,.T.);
#5644=CARTESIAN_POINT('',(-1.943984828013E2,5.495937109244E1,1.666511883267E2));
#5645=CARTESIAN_POINT('',(-1.943325663689E2,5.524008838432E1,1.657928793120E2));
#5646=CARTESIAN_POINT('',(-1.942666499365E2,5.552080567619E1,1.649345702972E2));
#5647=CARTESIAN_POINT('',(-1.942007335042E2,5.580152296807E1,1.640762612825E2));
#5648=CARTESIAN_POINT('',(-1.944465976215E2,5.496208908092E1,1.666436027058E2));
#5649=CARTESIAN_POINT('',(-1.943847721795E2,5.524352135159E1,1.657894729024E2));
#5650=CARTESIAN_POINT('',(-1.943229467375E2,5.552495362226E1,1.649353430990E2));
#5651=CARTESIAN_POINT('',(-1.942611212955E2,5.580638589294E1,1.640812132956E2));
#5652=CARTESIAN_POINT('',(-1.945460332257E2,5.496741147190E1,1.666287421938E2));
#5653=CARTESIAN_POINT('',(-1.944927094861E2,5.525072043744E1,1.657811793912E2));
#5654=CARTESIAN_POINT('',(-1.944393857465E2,5.553402940298E1,1.649336165886E2));
#5655=CARTESIAN_POINT('',(-1.943860620070E2,5.581733836852E1,1.640860537860E2));
#5656=CARTESIAN_POINT('',(-1.946458099853E2,5.497212421303E1,1.666155810055E2));
#5657=CARTESIAN_POINT('',(-1.946008224007E2,5.525796859193E1,1.657709021465E2));
#5658=CARTESIAN_POINT('',(-1.945558348160E2,5.554381297084E1,1.649262232876E2));
#5659=CARTESIAN_POINT('',(-1.945108472314E2,5.582965734974E1,1.640815444286E2));
#5660=CARTESIAN_POINT('',(-1.946972737196E2,5.497438367192E1,1.666092746996E2));
#5661=CARTESIAN_POINT('',(-1.946564946430E2,5.526166855706E1,1.657652472619E2));
#5662=CARTESIAN_POINT('',(-1.946157155665E2,5.554895344221E1,1.649212198242E2));
#5663=CARTESIAN_POINT('',(-1.945749364899E2,5.583623832735E1,1.640771923865E2));
#5664=B_SPLINE_SURFACE_WITH_KNOTS('',3,3,((#5644,#5645,#5646,#5647),(#5648,
#5649,#5650,#5651),(#5652,#5653,#5654,#5655),(#5656,#5657,#5658,#5659),(#5660,
#5661,#5662,#5663)),.UNSPECIFIED.,.F.,.F.,.F.,(4,1,4),(4,4),(6.071094419337E-12,
4.849101751384E-1,1.000000000006E0),(4.254232063134E-2,9.574576888515E-1),
.UNSPECIFIED.);
#5665=ORIENTED_EDGE('',*,*,#4061,.F.);
#5666=ORIENTED_EDGE('',*,*,#4288,.T.);
#5667=ORIENTED_EDGE('',*,*,#5455,.F.);
#5668=ORIENTED_EDGE('',*,*,#5637,.T.);
#5669=EDGE_LOOP('',(#5665,#5666,#5667,#5668));
#5670=FACE_OUTER_BOUND('',#5669,.F.);
#5671=ADVANCED_FACE('',(#5670),#5664,.T.);
#5672=CARTESIAN_POINT('',(-2.034997471419E2,5.412452340866E1,1.795E2));
#5673=DIRECTION('',(0.E0,0.E0,1.E0));
#5674=DIRECTION('',(1.E0,0.E0,0.E0));
#5675=AXIS2_PLACEMENT_3D('',#5672,#5673,#5674);
#5676=PLANE('',#5675);
#5677=ORIENTED_EDGE('',*,*,#4996,.F.);
#5678=ORIENTED_EDGE('',*,*,#5464,.F.);
#5679=EDGE_LOOP('',(#5677,#5678));
#5680=FACE_OUTER_BOUND('',#5679,.F.);
#5681=ADVANCED_FACE('',(#5680),#5676,.T.);
#5682=CARTESIAN_POINT('',(-1.957646963775E2,7.560521562670E1,1.753045988586E2));
#5683=DIRECTION('',(0.E0,1.E0,0.E0));
#5684=DIRECTION('',(0.E0,0.E0,1.E0));
#5685=AXIS2_PLACEMENT_3D('',#5682,#5683,#5684);
#5686=CONICAL_SURFACE('',#5685,8.859210094550E0,3.192651531900E-1);
#5688=ORIENTED_EDGE('',*,*,#5687,.F.);
#5690=ORIENTED_EDGE('',*,*,#5689,.F.);
#5692=ORIENTED_EDGE('',*,*,#5691,.F.);
#5693=ORIENTED_EDGE('',*,*,#5470,.T.);
#5694=ORIENTED_EDGE('',*,*,#5468,.T.);
#5695=ORIENTED_EDGE('',*,*,#4990,.F.);
#5697=ORIENTED_EDGE('',*,*,#5696,.F.);
#5698=EDGE_LOOP('',(#5688,#5690,#5692,#5693,#5694,#5695,#5697));
#5699=FACE_OUTER_BOUND('',#5698,.F.);
#5700=ADVANCED_FACE('',(#5699),#5686,.F.);
#5701=CARTESIAN_POINT('',(-1.957646963775E2,9.33E1,1.753045988586E2));
#5702=DIRECTION('',(0.E0,-1.E0,0.E0));
#5703=DIRECTION('',(1.795428098397E-2,0.E0,9.998388089059E-1));
#5704=AXIS2_PLACEMENT_3D('',#5701,#5702,#5703);
#5705=TOROIDAL_SURFACE('',#5704,9.457818252472E0,5.E-1);
#5707=ORIENTED_EDGE('',*,*,#5706,.F.);
#5709=ORIENTED_EDGE('',*,*,#5708,.F.);
#5711=ORIENTED_EDGE('',*,*,#5710,.T.);
#5712=ORIENTED_EDGE('',*,*,#5689,.T.);
#5713=ORIENTED_EDGE('',*,*,#5687,.T.);
#5715=ORIENTED_EDGE('',*,*,#5714,.T.);
#5716=EDGE_LOOP('',(#5707,#5709,#5711,#5712,#5713,#5715));
#5717=FACE_OUTER_BOUND('',#5716,.F.);
#5718=ADVANCED_FACE('',(#5717),#5705,.T.);
#5719=CARTESIAN_POINT('',(-1.957646963775E2,9.38E1,1.753045988586E2));
#5720=DIRECTION('',(0.E0,1.E0,0.E0));
#5721=DIRECTION('',(-1.E0,0.E0,0.E0));
#5722=AXIS2_PLACEMENT_3D('',#5719,#5720,#5721);
#5723=PLANE('',#5722);
#5725=ORIENTED_EDGE('',*,*,#5724,.T.);
#5727=ORIENTED_EDGE('',*,*,#5726,.T.);
#5728=EDGE_LOOP('',(#5725,#5727));
#5729=FACE_OUTER_BOUND('',#5728,.F.);
#5730=ORIENTED_EDGE('',*,*,#5708,.T.);
#5731=ORIENTED_EDGE('',*,*,#5706,.T.);
#5733=ORIENTED_EDGE('',*,*,#5732,.T.);
#5735=ORIENTED_EDGE('',*,*,#5734,.T.);
#5736=EDGE_LOOP('',(#5730,#5731,#5733,#5735));
#5737=FACE_BOUND('',#5736,.F.);
#5738=ADVANCED_FACE('',(#5729,#5737),#5723,.T.);
#5739=CARTESIAN_POINT('',(-1.957646963775E2,5.708617440497E1,1.753045988586E2));
#5740=DIRECTION('',(0.E0,1.E0,0.E0));
#5741=DIRECTION('',(-1.E0,0.E0,0.E0));
#5742=AXIS2_PLACEMENT_3D('',#5739,#5740,#5741);
#5743=CYLINDRICAL_SURFACE('',#5742,9.960596632800E0);
#5744=ORIENTED_EDGE('',*,*,#5724,.F.);
#5746=ORIENTED_EDGE('',*,*,#5745,.T.);
#5748=ORIENTED_EDGE('',*,*,#5747,.F.);
#5750=ORIENTED_EDGE('',*,*,#5749,.F.);
#5752=ORIENTED_EDGE('',*,*,#5751,.F.);
#5754=ORIENTED_EDGE('',*,*,#5753,.T.);
#5755=EDGE_LOOP('',(#5744,#5746,#5748,#5750,#5752,#5754));
#5756=FACE_OUTER_BOUND('',#5755,.F.);
#5758=ORIENTED_EDGE('',*,*,#5757,.F.);
#5760=ORIENTED_EDGE('',*,*,#5759,.T.);
#5762=ORIENTED_EDGE('',*,*,#5761,.F.);
#5764=ORIENTED_EDGE('',*,*,#5763,.T.);
#5765=EDGE_LOOP('',(#5758,#5760,#5762,#5764));
#5766=FACE_BOUND('',#5765,.F.);
#5767=ADVANCED_FACE('',(#5756,#5766),#5743,.T.);
#5768=CARTESIAN_POINT('',(-1.957646963775E2,5.706323937761E1,1.753045988586E2));
#5769=DIRECTION('',(0.E0,1.E0,0.E0));
#5770=DIRECTION('',(-1.E0,0.E0,0.E0));
#5771=AXIS2_PLACEMENT_3D('',#5768,#5769,#5770);
#5772=CYLINDRICAL_SURFACE('',#5771,9.960596632800E0);
#5773=ORIENTED_EDGE('',*,*,#5726,.F.);
#5774=ORIENTED_EDGE('',*,*,#5753,.F.);
#5776=ORIENTED_EDGE('',*,*,#5775,.F.);
#5778=ORIENTED_EDGE('',*,*,#5777,.F.);
#5779=ORIENTED_EDGE('',*,*,#5745,.F.);
#5780=EDGE_LOOP('',(#5773,#5774,#5776,#5778,#5779));
#5781=FACE_OUTER_BOUND('',#5780,.F.);
#5782=ADVANCED_FACE('',(#5781),#5772,.T.);
#5783=CARTESIAN_POINT('',(-1.955115765023E2,5.707110895040E1,1.642689808158E2));
#5784=CARTESIAN_POINT('',(-1.965386573224E2,5.708702693938E1,1.642715159155E2));
#5785=CARTESIAN_POINT('',(-1.986811891144E2,5.691341593139E1,1.642412259241E2));
#5786=CARTESIAN_POINT('',(-2.029046603935E2,5.570672753263E1,1.640813430471E2));
#5787=CARTESIAN_POINT('',(-2.076528131649E2,5.252952765448E1,1.637188868119E2));
#5788=CARTESIAN_POINT('',(-2.113593714546E2,4.679059816002E1,1.630722464551E2));
#5789=CARTESIAN_POINT('',(-2.121710402965E2,4.231571185862E1,1.625724213464E2));
#5790=CARTESIAN_POINT('',(-2.121430899520E2,4.012455968344E1,1.623276797020E2));
#5791=CARTESIAN_POINT('',(-1.955196623860E2,5.706376024443E1,1.643314227074E2));
#5792=CARTESIAN_POINT('',(-1.965139360636E2,5.707898091469E1,1.643327236861E2));
#5793=CARTESIAN_POINT('',(-1.985880663504E2,5.691300046148E1,1.643162640973E2));
#5794=CARTESIAN_POINT('',(-2.026769483694E2,5.575884312115E1,1.642478170585E2));
#5795=CARTESIAN_POINT('',(-2.072722453200E2,5.272210163682E1,1.641168272903E2));
#5796=CARTESIAN_POINT('',(-2.108568601204E2,4.724036706383E1,1.638858187220E2));
#5797=CARTESIAN_POINT('',(-2.116404650294E2,4.296790546722E1,1.637091819508E2));
#5798=CARTESIAN_POINT('',(-2.116126888382E2,4.087617259512E1,1.636226194738E2));
#5799=CARTESIAN_POINT('',(-1.955339266505E2,5.705217076291E1,1.644396337593E2));
#5800=CARTESIAN_POINT('',(-1.964703232227E2,5.706616018500E1,1.644387368639E2));
#5801=CARTESIAN_POINT('',(-1.984237669928E2,5.691350262449E1,1.644470520243E2));
#5802=CARTESIAN_POINT('',(-2.022747699053E2,5.585358490166E1,1.645401241630E2));
#5803=CARTESIAN_POINT('',(-2.066003349507E2,5.306832600171E1,1.648177776918E2));
#5804=CARTESIAN_POINT('',(-2.099698504822E2,4.804541727370E1,1.653208265872E2));
#5805=CARTESIAN_POINT('',(-2.107034895499E2,4.413406185705E1,1.657146658162E2));
#5806=CARTESIAN_POINT('',(-2.106757671503E2,4.221980227960E1,1.659072632191E2));
#5807=CARTESIAN_POINT('',(-1.955539475539E2,5.704206177132E1,1.646190871609E2));
#5808=CARTESIAN_POINT('',(-1.964090939278E2,5.705417072970E1,1.646153331619E2));
#5809=CARTESIAN_POINT('',(-1.981931012813E2,5.692209467039E1,1.646550525628E2));
#5810=CARTESIAN_POINT('',(-2.017100001058E2,5.600455987580E1,1.649631304625E2));
#5811=CARTESIAN_POINT('',(-2.056585116592E2,5.359614925098E1,1.657999273112E2));
#5812=CARTESIAN_POINT('',(-2.087298726975E2,4.925626132067E1,1.673098654095E2));
#5813=CARTESIAN_POINT('',(-2.093951604617E2,4.588015918579E1,1.684863896962E2));
#5814=CARTESIAN_POINT('',(-2.093679641810E2,4.422871420445E1,1.690618562744E2));
#5815=CARTESIAN_POINT('',(-1.955710059605E2,5.706851839197E1,1.648356023142E2));
#5816=CARTESIAN_POINT('',(-1.963569139559E2,5.707897501138E1,1.648302822124E2));
#5817=CARTESIAN_POINT('',(-1.979966329405E2,5.696381168753E1,1.648828529305E2));
#5818=CARTESIAN_POINT('',(-2.012322346009E2,5.618913439029E1,1.653427698319E2));
#5819=CARTESIAN_POINT('',(-2.048653415987E2,5.416396936802E1,1.666162950040E2));
#5820=CARTESIAN_POINT('',(-2.076912909807E2,5.051351607724E1,1.689146762423E2));
#5821=CARTESIAN_POINT('',(-2.083029084410E2,4.767370357192E1,1.707052484678E2));
#5822=CARTESIAN_POINT('',(-2.082774872066E2,4.628473345513E1,1.715808894103E2));
#5823=CARTESIAN_POINT('',(-1.955842817129E2,5.719684536710E1,1.650476145706E2));
#5824=CARTESIAN_POINT('',(-1.963162110848E2,5.720592451492E1,1.650407406805E2));
#5825=CARTESIAN_POINT('',(-1.978431751048E2,5.710122767342E1,1.651101904044E2));
#5826=CARTESIAN_POINT('',(-2.008547266563E2,5.646363346853E1,1.656724225419E2));
#5827=CARTESIAN_POINT('',(-2.042398848478E2,5.485171816691E1,1.672338488045E2));
#5828=CARTESIAN_POINT('',(-2.068765167512E2,5.194582401607E1,1.700591540225E2));
#5829=CARTESIAN_POINT('',(-2.074494157690E2,4.968457193409E1,1.722621687010E2));
#5830=CARTESIAN_POINT('',(-2.074268796718E2,4.857810011772E1,1.733397529799E2));
#5831=CARTESIAN_POINT('',(-1.955938041066E2,5.736387874743E1,1.651716943632E2));
#5832=CARTESIAN_POINT('',(-1.962870885861E2,5.737048159284E1,1.651633086712E2));
#5833=CARTESIAN_POINT('',(-1.977335258231E2,5.729479763265E1,1.652533069904E2));
#5834=CARTESIAN_POINT('',(-2.005832239658E2,5.682354871583E1,1.659003064182E2));
#5835=CARTESIAN_POINT('',(-2.037847964808E2,5.564485312916E1,1.676319419868E2));
#5836=CARTESIAN_POINT('',(-2.062786773116E2,5.352636641461E1,1.707606635488E2));
#5837=CARTESIAN_POINT('',(-2.068215900377E2,5.187901778521E1,1.731988289117E2));
#5838=CARTESIAN_POINT('',(-2.068009808436E2,5.107285952594E1,1.743917917078E2));
#5839=CARTESIAN_POINT('',(-1.956009099807E2,5.751555545724E1,1.652454124117E2));
#5840=CARTESIAN_POINT('',(-1.962653729298E2,5.751953357728E1,1.652363214937E2));
#5841=CARTESIAN_POINT('',(-1.976517575857E2,5.747485266026E1,1.653351268870E2));
#5842=CARTESIAN_POINT('',(-2.003835388945E2,5.718626324094E1,1.660281031115E2));
#5843=CARTESIAN_POINT('',(-2.034504996350E2,5.645395420390E1,1.678560142151E2));
#5844=CARTESIAN_POINT('',(-2.058366200024E2,5.513808788386E1,1.711502345231E2));
#5845=CARTESIAN_POINT('',(-2.063549976050E2,5.411549364805E1,1.737141709496E2));
#5846=CARTESIAN_POINT('',(-2.063348139282E2,5.361517883917E1,1.749684646971E2));
#5847=CARTESIAN_POINT('',(-1.956079110217E2,5.768337071024E1,1.653093037399E2));
#5848=CARTESIAN_POINT('',(-1.962439627561E2,5.768438729276E1,1.652998123796E2));
#5849=CARTESIAN_POINT('',(-1.975710908894E2,5.767324150162E1,1.654034741180E2));
#5850=CARTESIAN_POINT('',(-2.001860255250E2,5.760023218934E1,1.661231487247E2));
#5851=CARTESIAN_POINT('',(-2.031211703221E2,5.741477762271E1,1.680129682900E2));
#5852=CARTESIAN_POINT('',(-2.054026810205E2,5.708199058158E1,1.714167395425E2));
#5853=CARTESIAN_POINT('',(-2.058963562368E2,5.682399941376E1,1.740640601226E2));
#5854=CARTESIAN_POINT('',(-2.058759036060E2,5.669794784561E1,1.753586613703E2));
#5855=CARTESIAN_POINT('',(-1.956125385656E2,5.779382242748E1,1.653476748713E2));
#5856=CARTESIAN_POINT('',(-1.962298136910E2,5.779283043031E1,1.653380217244E2));
#5857=CARTESIAN_POINT('',(-1.975177671703E2,5.780363967330E1,1.654434331986E2));
#5858=CARTESIAN_POINT('',(-2.000553308909E2,5.788233177570E1,1.661754230249E2));
#5859=CARTESIAN_POINT('',(-2.029030483338E2,5.809416727748E1,1.680974173018E2));
#5860=CARTESIAN_POINT('',(-2.051148013240E2,5.847805117938E1,1.715585685412E2));
#5861=CARTESIAN_POINT('',(-2.055915010719E2,5.877808472311E1,1.742493379168E2));
#5862=CARTESIAN_POINT('',(-2.055705257575E2,5.892525407690E1,1.755647758675E2));
#5863=CARTESIAN_POINT('',(-1.956153527063E2,5.785554484938E1,1.653704682923E2));
#5864=CARTESIAN_POINT('',(-1.962212159005E2,5.785338921781E1,1.653606934009E2));
#5865=CARTESIAN_POINT('',(-1.974853625647E2,5.787683550806E1,1.654674123908E2));
#5866=CARTESIAN_POINT('',(-1.999761468662E2,5.804394881815E1,1.662087426212E2));
#5867=CARTESIAN_POINT('',(-2.027705752622E2,5.848834249798E1,1.681553164861E2));
#5868=CARTESIAN_POINT('',(-2.049387629349E2,5.929206245378E1,1.716594225559E2));
#5869=CARTESIAN_POINT('',(-2.054044425964E2,5.991933840945E1,1.743820686480E2));
#5870=CARTESIAN_POINT('',(-2.053829873607E2,6.022680584550E1,1.757127600571E2));
#5871=B_SPLINE_SURFACE_WITH_KNOTS('',3,3,((#5783,#5784,#5785,#5786,#5787,#5788,
#5789,#5790),(#5791,#5792,#5793,#5794,#5795,#5796,#5797,#5798),(#5799,#5800,
#5801,#5802,#5803,#5804,#5805,#5806),(#5807,#5808,#5809,#5810,#5811,#5812,#5813,
#5814),(#5815,#5816,#5817,#5818,#5819,#5820,#5821,#5822),(#5823,#5824,#5825,
#5826,#5827,#5828,#5829,#5830),(#5831,#5832,#5833,#5834,#5835,#5836,#5837,
#5838),(#5839,#5840,#5841,#5842,#5843,#5844,#5845,#5846),(#5847,#5848,#5849,
#5850,#5851,#5852,#5853,#5854),(#5855,#5856,#5857,#5858,#5859,#5860,#5861,
#5862),(#5863,#5864,#5865,#5866,#5867,#5868,#5869,#5870)),.UNSPECIFIED.,.F.,.F.,
.F.,(4,1,1,1,1,1,1,1,4),(4,1,1,1,1,4),(-1.004341268312E-1,9.858137324676E-2,
2.529650581804E-1,4.073487431140E-1,5.617324280476E-1,6.851253890930E-1,
8.085183501383E-1,9.319113111837E-1,1.110781527241E0),(-2.464041162279E-3,
2.754730081300E-2,6.003153387533E-2,1.25E-1,1.898684953049E-1,
2.524072382193E-1),.UNSPECIFIED.);
#5872=ORIENTED_EDGE('',*,*,#5775,.T.);
#5874=ORIENTED_EDGE('',*,*,#5873,.F.);
#5876=ORIENTED_EDGE('',*,*,#5875,.T.);
#5878=ORIENTED_EDGE('',*,*,#5877,.F.);
#5880=ORIENTED_EDGE('',*,*,#5879,.T.);
#5881=EDGE_LOOP('',(#5872,#5874,#5876,#5878,#5880));
#5882=FACE_OUTER_BOUND('',#5881,.F.);
#5883=ADVANCED_FACE('',(#5882),#5871,.F.);
#5884=CARTESIAN_POINT('',(-2.114237207506E2,4.187399141623E1,1.640766530168E2));
#5885=CARTESIAN_POINT('',(-2.114907312258E2,3.981061366484E1,1.640438837751E2));
#5886=CARTESIAN_POINT('',(-2.107801439416E2,3.550662134085E1,1.639772739038E2));
#5887=CARTESIAN_POINT('',(-2.072765630333E2,3.006053458340E1,1.638939582237E2));
#5888=CARTESIAN_POINT('',(-2.019250797266E2,2.647063812553E1,1.638399518444E2));
#5889=CARTESIAN_POINT('',(-1.957646963776E2,2.523899816530E1,1.638215400255E2));
#5890=CARTESIAN_POINT('',(-1.896043130284E2,2.647063812556E1,1.638399518445E2));
#5891=CARTESIAN_POINT('',(-1.842528297214E2,3.006053458357E1,1.638939582241E2));
#5892=CARTESIAN_POINT('',(-1.807492557613E2,3.550661054004E1,1.639772737396E2));
#5893=CARTESIAN_POINT('',(-1.800386657019E2,3.981058838602E1,1.640438833850E2));
#5894=CARTESIAN_POINT('',(-1.801056707807E2,4.187395376647E1,1.640766524202E2));
#5895=CARTESIAN_POINT('',(-2.110420292561E2,4.239920314350E1,1.649668691162E2));
#5896=CARTESIAN_POINT('',(-2.111067459943E2,4.040873337111E1,1.650481673636E2));
#5897=CARTESIAN_POINT('',(-2.104123138164E2,3.625732836222E1,1.652192001374E2));
#5898=CARTESIAN_POINT('',(-2.069937369202E2,3.100516410390E1,1.654362528094E2));
#5899=CARTESIAN_POINT('',(-2.017735255524E2,2.754328287571E1,1.655800686400E2));
#5900=CARTESIAN_POINT('',(-1.957646963776E2,2.635557688457E1,1.656295017948E2));
#5901=CARTESIAN_POINT('',(-1.897558672027E2,2.754328287573E1,1.655800686401E2));
#5902=CARTESIAN_POINT('',(-1.845356558346E2,3.100516410405E1,1.654362528098E2));
#5903=CARTESIAN_POINT('',(-1.811170857180E2,3.625731794600E1,1.652192005689E2));
#5904=CARTESIAN_POINT('',(-1.804226508386E2,4.040870898848E1,1.650481683694E2));
#5905=CARTESIAN_POINT('',(-1.804873623173E2,4.239916682403E1,1.649668706009E2));
#5906=CARTESIAN_POINT('',(-2.102864298957E2,4.344946097746E1,1.667273795547E2));
#5907=CARTESIAN_POINT('',(-2.103466392189E2,4.160454204184E1,1.670339511814E2));
#5908=CARTESIAN_POINT('',(-2.096841757910E2,3.775775196141E1,1.676743002720E2));
#5909=CARTESIAN_POINT('',(-2.064338099409E2,3.289282171920E1,1.684845149460E2));
#5910=CARTESIAN_POINT('',(-2.014734670203E2,2.968661505491E1,1.690189916265E2));
#5911=CARTESIAN_POINT('',(-1.957646963776E2,2.858665941744E1,1.692024077311E2));
#5912=CARTESIAN_POINT('',(-1.900559257349E2,2.968661505491E1,1.690189916266E2));
#5913=CARTESIAN_POINT('',(-1.850955828141E2,3.289282171932E1,1.684845149464E2));
#5914=CARTESIAN_POINT('',(-1.818452234100E2,3.775774231314E1,1.676743018799E2));
#5915=CARTESIAN_POINT('',(-1.811827574266E2,4.160451944829E1,1.670339549437E2));
#5916=CARTESIAN_POINT('',(-1.812429617601E2,4.344942731378E1,1.667273851499E2));
#5917=CARTESIAN_POINT('',(-2.091933340585E2,4.509923065711E1,1.692390612886E2));
#5918=CARTESIAN_POINT('',(-2.092475520278E2,4.348042205660E1,1.698644846531E2));
#5919=CARTESIAN_POINT('',(-2.086320231420E2,4.010632500631E1,1.711690430280E2));
#5920=CARTESIAN_POINT('',(-2.056248243292E2,3.584202535330E1,1.728183253061E2));
#5921=CARTESIAN_POINT('',(-2.010398847828E2,3.303262745581E1,1.739053398826E2));
#5922=CARTESIAN_POINT('',(-1.957646963777E2,3.206891681584E1,1.742782571705E2));
#5923=CARTESIAN_POINT('',(-1.904895079726E2,3.303262745579E1,1.739053398827E2));
#5924=CARTESIAN_POINT('',(-1.859045684259E2,3.584202535337E1,1.728183253065E2));
#5925=CARTESIAN_POINT('',(-1.828973755771E2,4.010631654918E1,1.711690463001E2));
#5926=CARTESIAN_POINT('',(-1.822818443423E2,4.348040223927E1,1.698644923166E2));
#5927=CARTESIAN_POINT('',(-1.823360577071E2,4.509920111913E1,1.692390727021E2));
#5928=CARTESIAN_POINT('',(-2.082019872907E2,4.695034868798E1,1.714135239268E2));
#5929=CARTESIAN_POINT('',(-2.082520546545E2,4.557887563248E1,1.723095901715E2));
#5930=CARTESIAN_POINT('',(-2.076811868216E2,4.272040174426E1,1.741780326456E2));
#5931=CARTESIAN_POINT('',(-2.048944803563E2,3.910927013482E1,1.765386946378E2));
#5932=CARTESIAN_POINT('',(-2.006483305916E2,3.673154012978E1,1.780934685811E2));
#5933=CARTESIAN_POINT('',(-1.957646963778E2,3.591619356065E1,1.786266630259E2));
#5934=CARTESIAN_POINT('',(-1.908810621639E2,3.673154012974E1,1.780934685812E2));
#5935=CARTESIAN_POINT('',(-1.866349123990E2,3.910927013486E1,1.765386946382E2));
#5936=CARTESIAN_POINT('',(-1.838482114603E2,4.272039458251E1,1.741780373285E2));
#5937=CARTESIAN_POINT('',(-1.832773414536E2,4.557885884355E1,1.723096011470E2));
#5938=CARTESIAN_POINT('',(-1.833274045508E2,4.695032366303E1,1.714135402787E2));
#5939=CARTESIAN_POINT('',(-2.074265164291E2,4.898303074571E1,1.729412011326E2));
#5940=CARTESIAN_POINT('',(-2.074745629187E2,4.787403758770E1,1.740204228200E2));
#5941=CARTESIAN_POINT('',(-2.069411910753E2,4.556203795265E1,1.762713382828E2));
#5942=CARTESIAN_POINT('',(-2.043285976679E2,4.264000016145E1,1.791155046112E2));
#5943=CARTESIAN_POINT('',(-2.003457994855E2,4.071575952357E1,1.809883916156E2));
#5944=CARTESIAN_POINT('',(-1.957646963778E2,4.005591015086E1,1.816305770557E2));
#5945=CARTESIAN_POINT('',(-1.911835932700E2,4.071575952353E1,1.809883916157E2));
#5946=CARTESIAN_POINT('',(-1.872007950874E2,4.264000016147E1,1.791155046116E2));
#5947=CARTESIAN_POINT('',(-1.845882068613E2,4.556203215752E1,1.762713439246E2));
#5948=CARTESIAN_POINT('',(-1.840548329692E2,4.787402400843E1,1.740204360419E2));
#5949=CARTESIAN_POINT('',(-1.841028754494E2,4.898301051016E1,1.729412208266E2));
#5950=CARTESIAN_POINT('',(-2.068479031263E2,5.115253112310E1,1.738870374374E2));
#5951=CARTESIAN_POINT('',(-2.068941919758E2,5.031755846861E1,1.750748354421E2));
#5952=CARTESIAN_POINT('',(-2.063892272045E2,4.857690818050E1,1.775528164461E2));
#5953=CARTESIAN_POINT('',(-2.039085474506E2,4.637568198132E1,1.806867236016E2));
#5954=CARTESIAN_POINT('',(-2.001223448561E2,4.492513717730E1,1.827523640429E2));
#5955=CARTESIAN_POINT('',(-1.957646963778E2,4.442750954303E1,1.834610447077E2));
#5956=CARTESIAN_POINT('',(-1.914070478994E2,4.492513717725E1,1.827523640430E2));
#5957=CARTESIAN_POINT('',(-1.876208453047E2,4.637568198132E1,1.806867236020E2));
#5958=CARTESIAN_POINT('',(-1.851401704705E2,4.857690381494E1,1.775528226625E2));
#5959=CARTESIAN_POINT('',(-1.846352037451E2,5.031754824513E1,1.750748499976E2));
#5960=CARTESIAN_POINT('',(-1.846814887843E2,5.115251588758E1,1.738870591124E2));
#5961=CARTESIAN_POINT('',(-2.064123053241E2,5.333536592190E1,1.744339620623E2));
#5962=CARTESIAN_POINT('',(-2.064564263470E2,5.277550686516E1,1.756827578908E2));
#5963=CARTESIAN_POINT('',(-2.059713502075E2,5.160867614957E1,1.782875989424E2));
#5964=CARTESIAN_POINT('',(-2.035894651016E2,5.013303683153E1,1.815832035400E2));
#5965=CARTESIAN_POINT('',(-1.999522750502E2,4.916040405478E1,1.837567266627E2));
#5966=CARTESIAN_POINT('',(-1.957646963777E2,4.882667130587E1,1.845026970044E2));
#5967=CARTESIAN_POINT('',(-1.915771177052E2,4.916040405473E1,1.837567266627E2));
#5968=CARTESIAN_POINT('',(-1.879399276536E2,5.013303683153E1,1.815832035403E2));
#5969=CARTESIAN_POINT('',(-1.855580472712E2,5.160867322307E1,1.782876054795E2));
#5970=CARTESIAN_POINT('',(-1.850729692569E2,5.277550001197E1,1.756827731912E2));
#5971=CARTESIAN_POINT('',(-1.851170866256E2,5.333535570637E1,1.744339848502E2));
#5972=CARTESIAN_POINT('',(-2.060385502951E2,5.564797897689E1,1.747689493647E2));
#5973=CARTESIAN_POINT('',(-2.060802944402E2,5.538181810651E1,1.760541624760E2));
#5974=CARTESIAN_POINT('',(-2.056106395428E2,5.482726682990E1,1.787340534013E2));
#5975=CARTESIAN_POINT('',(-2.033116718868E2,5.412622056935E1,1.821229964704E2));
#5976=CARTESIAN_POINT('',(-1.998032894758E2,5.366411238587E1,1.843575296251E2));
#5977=CARTESIAN_POINT('',(-1.957646963776E2,5.350552742438E1,1.851243805216E2));
#5978=CARTESIAN_POINT('',(-1.917261032795E2,5.366411238583E1,1.843575296251E2));
#5979=CARTESIAN_POINT('',(-1.882177208682E2,5.412622056936E1,1.821229964706E2));
#5980=CARTESIAN_POINT('',(-1.859187577713E2,5.482726543965E1,1.787340601233E2));
#5981=CARTESIAN_POINT('',(-1.854491010730E2,5.538181484955E1,1.760541782172E2));
#5982=CARTESIAN_POINT('',(-1.854908416979E2,5.564797412048E1,1.747689728171E2));
#5983=CARTESIAN_POINT('',(-2.058071506069E2,5.722479408416E1,1.749318184365E2));
#5984=CARTESIAN_POINT('',(-2.058472296094E2,5.716063435019E1,1.762343674346E2));
#5985=CARTESIAN_POINT('',(-2.053864983885E2,5.702713569639E1,1.789497060366E2));
#5986=CARTESIAN_POINT('',(-2.031380581566E2,5.685872232028E1,1.823814769052E2));
#5987=CARTESIAN_POINT('',(-1.997097611829E2,5.674761031596E1,1.846431673327E2));
#5988=CARTESIAN_POINT('',(-1.957646963776E2,5.670943408712E1,1.854191604209E2));
#5989=CARTESIAN_POINT('',(-1.918196315722E2,5.674761031592E1,1.846431673327E2));
#5990=CARTESIAN_POINT('',(-1.883913345982E2,5.685872232029E1,1.823814769054E2));
#5991=CARTESIAN_POINT('',(-1.861428988252E2,5.702713536252E1,1.789497128433E2));
#5992=CARTESIAN_POINT('',(-1.856821658510E2,5.716063356623E1,1.762343833839E2));
#5993=CARTESIAN_POINT('',(-1.857222414161E2,5.722479291364E1,1.749318422051E2));
#5994=CARTESIAN_POINT('',(-2.056910842237E2,5.801504756560E1,1.750139468263E2));
#5995=CARTESIAN_POINT('',(-2.057302611931E2,5.805251965252E1,1.763252604142E2));
#5996=CARTESIAN_POINT('',(-2.052739200724E2,5.813089217904E1,1.790584670752E2));
#5997=CARTESIAN_POINT('',(-2.030508867016E2,5.823053625776E1,1.825118576796E2));
#5998=CARTESIAN_POINT('',(-1.996628368524E2,5.829605410693E1,1.847873458775E2));
#5999=CARTESIAN_POINT('',(-1.957646963776E2,5.831846488941E1,1.855680059282E2));
#6000=CARTESIAN_POINT('',(-1.918665559027E2,5.829605410688E1,1.847873458775E2));
#6001=CARTESIAN_POINT('',(-1.884785060531E2,5.823053625777E1,1.825118576798E2));
#6002=CARTESIAN_POINT('',(-1.862554770909E2,5.813089237681E1,1.790584739249E2));
#6003=CARTESIAN_POINT('',(-1.857991342415E2,5.805252011302E1,1.763252764683E2));
#6004=CARTESIAN_POINT('',(-1.858383078155E2,5.801504824958E1,1.750139707546E2));
#6005=B_SPLINE_SURFACE_WITH_KNOTS('',3,3,((#5884,#5885,#5886,#5887,#5888,#5889,
#5890,#5891,#5892,#5893,#5894),(#5895,#5896,#5897,#5898,#5899,#5900,#5901,#5902,
#5903,#5904,#5905),(#5906,#5907,#5908,#5909,#5910,#5911,#5912,#5913,#5914,#5915,
#5916),(#5917,#5918,#5919,#5920,#5921,#5922,#5923,#5924,#5925,#5926,#5927),(
#5928,#5929,#5930,#5931,#5932,#5933,#5934,#5935,#5936,#5937,#5938),(#5939,#5940,
#5941,#5942,#5943,#5944,#5945,#5946,#5947,#5948,#5949),(#5950,#5951,#5952,#5953,
#5954,#5955,#5956,#5957,#5958,#5959,#5960),(#5961,#5962,#5963,#5964,#5965,#5966,
#5967,#5968,#5969,#5970,#5971),(#5972,#5973,#5974,#5975,#5976,#5977,#5978,#5979,
#5980,#5981,#5982),(#5983,#5984,#5985,#5986,#5987,#5988,#5989,#5990,#5991,#5992,
#5993),(#5994,#5995,#5996,#5997,#5998,#5999,#6000,#6001,#6002,#6003,#6004)),
.UNSPECIFIED.,.F.,.F.,.F.,(4,1,1,1,1,1,1,1,4),(4,1,1,1,1,1,1,1,4),(
-1.103731778942E-2,1.333967299738E-1,2.761752959984E-1,4.189538620230E-1,
5.617324280476E-1,6.737350657527E-1,7.857377034578E-1,8.977403411629E-1,
1.010536262858E0),(2.449903666166E-1,3.077630262465E-1,3.75E-1,4.375E-1,5.E-1,
5.625E-1,6.25E-1,6.922369737538E-1,7.550092515806E-1),.UNSPECIFIED.);
#6006=ORIENTED_EDGE('',*,*,#5749,.T.);
#6007=ORIENTED_EDGE('',*,*,#5747,.T.);
#6009=ORIENTED_EDGE('',*,*,#6008,.T.);
#6011=ORIENTED_EDGE('',*,*,#6010,.T.);
#6013=ORIENTED_EDGE('',*,*,#6012,.F.);
#6015=ORIENTED_EDGE('',*,*,#6014,.F.);
#6017=ORIENTED_EDGE('',*,*,#6016,.F.);
#6018=ORIENTED_EDGE('',*,*,#5873,.T.);
#6019=ORIENTED_EDGE('',*,*,#5751,.T.);
#6020=EDGE_LOOP('',(#6006,#6007,#6009,#6011,#6013,#6015,#6017,#6018,#6019));
#6021=FACE_OUTER_BOUND('',#6020,.F.);
#6022=ADVANCED_FACE('',(#6021),#6005,.F.);
#6023=CARTESIAN_POINT('',(-1.794027494333E2,4.014785912302E1,1.623678239885E2));
#6024=CARTESIAN_POINT('',(-1.793748007865E2,4.233593449319E1,1.626076619424E2));
#6025=CARTESIAN_POINT('',(-1.801855971793E2,4.680454946069E1,1.630974669562E2));
#6026=CARTESIAN_POINT('',(-1.838883787403E2,5.253550617919E1,1.637312197660E2));
#6027=CARTESIAN_POINT('',(-1.886317924288E2,5.570834806805E1,1.640864978879E2));
#6028=CARTESIAN_POINT('',(-1.928510831554E2,5.691340379768E1,1.642435430939E2));
#6029=CARTESIAN_POINT('',(-1.949914857281E2,5.708677853848E1,1.642734034338E2));
#6030=CARTESIAN_POINT('',(-1.960175412681E2,5.707088390321E1,1.642709069393E2));
#6031=CARTESIAN_POINT('',(-1.799272653656E2,4.089128235038E1,1.636483763535E2));
#6032=CARTESIAN_POINT('',(-1.798994865374E2,4.298102396483E1,1.637317916838E2));
#6033=CARTESIAN_POINT('',(-1.806825266562E2,4.724942723972E1,1.639019968336E2));
#6034=CARTESIAN_POINT('',(-1.842647212920E2,5.272600046593E1,1.641247293444E2));
#6035=CARTESIAN_POINT('',(-1.888569777956E2,5.575990902073E1,1.642511119739E2));
#6036=CARTESIAN_POINT('',(-1.929431706583E2,5.691300274355E1,1.643177379522E2));
#6037=CARTESIAN_POINT('',(-1.950159325561E2,5.707883436812E1,1.643339179848E2));
#6038=CARTESIAN_POINT('',(-1.960095460921E2,5.706362916259E1,1.643326419512E2));
#6039=CARTESIAN_POINT('',(-1.808583320116E2,4.222709469836E1,1.659185933111E2));
#6040=CARTESIAN_POINT('',(-1.808306088841E2,4.414040595510E1,1.657246219310E2));
#6041=CARTESIAN_POINT('',(-1.815640015264E2,4.804982339248E1,1.653279744331E2));
#6042=CARTESIAN_POINT('',(-1.849324492147E2,5.307025323376E1,1.648213135454E2));
#6043=CARTESIAN_POINT('',(-1.892566570875E2,5.585414020538E1,1.645416550855E2));
#6044=CARTESIAN_POINT('',(-1.931064496491E2,5.691353705332E1,1.644478159795E2));
#6045=CARTESIAN_POINT('',(-1.950592753440E2,5.706612010377E1,1.644393903486E2));
#6046=CARTESIAN_POINT('',(-1.959953718286E2,5.705213903388E1,1.644402972710E2));
#6047=CARTESIAN_POINT('',(-1.821607759642E2,4.422757785432E1,1.690603209240E2));
#6048=CARTESIAN_POINT('',(-1.821335762296E2,4.587917326709E1,1.684850374467E2));
#6049=CARTESIAN_POINT('',(-1.827988956857E2,4.925557697651E1,1.673088895219E2));
#6050=CARTESIAN_POINT('',(-1.858704081501E2,5.359584779683E1,1.657994365661E2));
#6051=CARTESIAN_POINT('',(-1.898191083163E2,5.600446780090E1,1.649629097550E2));
#6052=CARTESIAN_POINT('',(-1.933361683336E2,5.692208043491E1,1.646549307227E2));
#6053=CARTESIAN_POINT('',(-1.951202543489E2,5.705416837913E1,1.646152221208E2));
#6054=CARTESIAN_POINT('',(-1.959754350967E2,5.704205968598E1,1.646189745888E2));
#6055=CARTESIAN_POINT('',(-1.832516332358E2,4.628403868265E1,1.715803187722E2));
#6056=CARTESIAN_POINT('',(-1.832262086196E2,4.767309822874E1,1.707047417989E2));
#6057=CARTESIAN_POINT('',(-1.838378373633E2,5.051308935753E1,1.689143032063E2));
#6058=CARTESIAN_POINT('',(-1.866638507468E2,5.416376959437E1,1.666160948038E2));
#6059=CARTESIAN_POINT('',(-1.902970369926E2,5.618905853824E1,1.653426659837E2));
#6060=CARTESIAN_POINT('',(-1.935327041652E2,5.696377631764E1,1.648827813673E2));
#6061=CARTESIAN_POINT('',(-1.951724532074E2,5.707894278699E1,1.648302130608E2));
#6062=CARTESIAN_POINT('',(-1.959583725016E2,5.706848691465E1,1.648355322786E2));
#6063=CARTESIAN_POINT('',(-1.841024440184E2,4.857781050873E1,1.733396487979E2));
#6064=CARTESIAN_POINT('',(-1.840799053300E2,4.968431971320E1,1.722620731857E2));
#6065=CARTESIAN_POINT('',(-1.846528065082E2,5.194564462275E1,1.700590796269E2));
#6066=CARTESIAN_POINT('',(-1.872894573711E2,5.485162959011E1,1.672338041417E2));
#6067=CARTESIAN_POINT('',(-1.906746359491E2,5.646359287882E1,1.656723963183E2));
#6068=CARTESIAN_POINT('',(-1.936861999682E2,5.710120379714E1,1.651101747687E2));
#6069=CARTESIAN_POINT('',(-1.952131668968E2,5.720590411059E1,1.650407272652E2));
#6070=CARTESIAN_POINT('',(-1.959450947761E2,5.719682570191E1,1.650476002732E2));
#6071=CARTESIAN_POINT('',(-1.847284109991E2,5.107284605482E1,1.743918030930E2));
#6072=CARTESIAN_POINT('',(-1.847077995974E2,5.187900786929E1,1.731988361285E2));
#6073=CARTESIAN_POINT('',(-1.852507113649E2,5.352636111787E1,1.707606661510E2));
#6074=CARTESIAN_POINT('',(-1.877445954868E2,5.564485188965E1,1.676319414829E2));
#6075=CARTESIAN_POINT('',(-1.909461683178E2,5.682354831034E1,1.659003063341E2));
#6076=CARTESIAN_POINT('',(-1.937958614268E2,5.729479679872E1,1.652533082053E2));
#6077=CARTESIAN_POINT('',(-1.952422931572E2,5.737048114042E1,1.651633092778E2));
#6078=CARTESIAN_POINT('',(-1.959355722673E2,5.736387901869E1,1.651716940941E2));
#6079=CARTESIAN_POINT('',(-1.851945773465E2,5.361516291143E1,1.749684769158E2));
#6080=CARTESIAN_POINT('',(-1.851743915451E2,5.411548080384E1,1.737141787065E2));
#6081=CARTESIAN_POINT('',(-1.856927682385E2,5.513807970494E1,1.711502372577E2));
#6082=CARTESIAN_POINT('',(-1.880788918842E2,5.645395085769E1,1.678560134361E2));
#6083=CARTESIAN_POINT('',(-1.911458531221E2,5.718626169715E1,1.660281025977E2));
#6084=CARTESIAN_POINT('',(-1.938776298017E2,5.747485128766E1,1.653351278156E2));
#6085=CARTESIAN_POINT('',(-1.952640092474E2,5.751953252065E1,1.652363219449E2));
#6086=CARTESIAN_POINT('',(-1.959284670816E2,5.751555482276E1,1.652454118954E2));
#6087=CARTESIAN_POINT('',(-1.856534604235E2,5.669775092900E1,1.753586515294E2));
#6088=CARTESIAN_POINT('',(-1.856330057793E2,5.682382671667E1,1.740640480099E2));
#6089=CARTESIAN_POINT('',(-1.861266816012E2,5.708186695271E1,1.714167270751E2));
#6090=CARTESIAN_POINT('',(-1.884082016610E2,5.741471678850E1,1.680129585388E2));
#6091=CARTESIAN_POINT('',(-1.913433547720E2,5.760020605657E1,1.661231428356E2));
#6092=CARTESIAN_POINT('',(-1.939582919202E2,5.767322890182E1,1.654034712070E2));
#6093=CARTESIAN_POINT('',(-1.952854185970E2,5.768437686191E1,1.652998091992E2));
#6094=CARTESIAN_POINT('',(-1.959214671286E2,5.768336020056E1,1.653092995262E2));
#6095=CARTESIAN_POINT('',(-1.859588144208E2,5.892487097523E1,1.755647547844E2));
#6096=CARTESIAN_POINT('',(-1.859378372190E2,5.877774826915E1,1.742493155918E2));
#6097=CARTESIAN_POINT('',(-1.864145389680E2,5.847781048403E1,1.715585481104E2));
#6098=CARTESIAN_POINT('',(-1.886263067019E2,5.809404991038E1,1.680974026430E2));
#6099=CARTESIAN_POINT('',(-1.914740392650E2,5.788228303263E1,1.661754139522E2));
#6100=CARTESIAN_POINT('',(-1.940116116539E2,5.780361727597E1,1.654434276304E2));
#6101=CARTESIAN_POINT('',(-1.952995668637E2,5.779281176046E1,1.653380159066E2));
#6102=CARTESIAN_POINT('',(-1.959168403872E2,5.779380330553E1,1.653476679985E2));
#6103=CARTESIAN_POINT('',(-1.861463246667E2,6.022624715948E1,1.757127110991E2));
#6104=CARTESIAN_POINT('',(-1.861248676955E2,5.991884780957E1,1.743820213569E2));
#6105=CARTESIAN_POINT('',(-1.865905511896E2,5.929171185986E1,1.716593833041E2));
#6106=CARTESIAN_POINT('',(-1.887587602914E2,5.848817224840E1,1.681552915172E2));
#6107=CARTESIAN_POINT('',(-1.915532116971E2,5.804387900634E1,1.662087282496E2));
#6108=CARTESIAN_POINT('',(-1.940440115737E2,5.787680420173E1,1.654674034199E2));
#6109=CARTESIAN_POINT('',(-1.953081635683E2,5.785336323982E1,1.653606844216E2));
#6110=CARTESIAN_POINT('',(-1.959140269316E2,5.785551813970E1,1.653704582212E2));
#6111=B_SPLINE_SURFACE_WITH_KNOTS('',3,3,((#6023,#6024,#6025,#6026,#6027,#6028,
#6029,#6030),(#6031,#6032,#6033,#6034,#6035,#6036,#6037,#6038),(#6039,#6040,
#6041,#6042,#6043,#6044,#6045,#6046),(#6047,#6048,#6049,#6050,#6051,#6052,#6053,
#6054),(#6055,#6056,#6057,#6058,#6059,#6060,#6061,#6062),(#6063,#6064,#6065,
#6066,#6067,#6068,#6069,#6070),(#6071,#6072,#6073,#6074,#6075,#6076,#6077,
#6078),(#6079,#6080,#6081,#6082,#6083,#6084,#6085,#6086),(#6087,#6088,#6089,
#6090,#6091,#6092,#6093,#6094),(#6095,#6096,#6097,#6098,#6099,#6100,#6101,
#6102),(#6103,#6104,#6105,#6106,#6107,#6108,#6109,#6110)),.UNSPECIFIED.,.F.,.F.,
.F.,(4,1,1,1,1,1,1,1,4),(4,1,1,1,1,4),(-9.837653553229E-2,9.844857368660E-2,
2.528765251403E-1,4.073044765939E-1,5.617324280476E-1,6.851251457209E-1,
8.085178633943E-1,9.319105810677E-1,1.110755779161E0),(7.475925288743E-1,
8.101315046949E-1,8.75E-1,9.399684661250E-1,9.724526991875E-1,1.002463804516E0),
.UNSPECIFIED.);
#6112=ORIENTED_EDGE('',*,*,#5777,.T.);
#6113=ORIENTED_EDGE('',*,*,#5879,.F.);
#6115=ORIENTED_EDGE('',*,*,#6114,.T.);
#6117=ORIENTED_EDGE('',*,*,#6116,.T.);
#6118=ORIENTED_EDGE('',*,*,#6008,.F.);
#6119=EDGE_LOOP('',(#6112,#6113,#6115,#6117,#6118));
#6120=FACE_OUTER_BOUND('',#6119,.F.);
#6121=ADVANCED_FACE('',(#6120),#6111,.F.);
#6122=CARTESIAN_POINT('',(-1.951977551245E2,5.698901560265E1,1.645203763487E2));
#6123=CARTESIAN_POINT('',(-1.962899207850E2,5.813686006298E1,1.613139109801E2));
#6124=CARTESIAN_POINT('',(-1.973820864455E2,5.928470452330E1,1.581074456115E2));
#6125=CARTESIAN_POINT('',(-1.984742521060E2,6.043254898363E1,1.549009802429E2));
#6126=CARTESIAN_POINT('',(-1.953600900865E2,5.699451270955E1,1.645195285214E2));
#6127=CARTESIAN_POINT('',(-1.964655891165E2,5.814277691200E1,1.613130631735E2));
#6128=CARTESIAN_POINT('',(-1.975710881465E2,5.929104111445E1,1.581065978256E2));
#6129=CARTESIAN_POINT('',(-1.986765871765E2,6.043930531690E1,1.549001324778E2));
#6130=CARTESIAN_POINT('',(-1.975527979237E2,5.703446014967E1,1.645080821512E2));
#6131=CARTESIAN_POINT('',(-1.988383880135E2,5.818558006479E1,1.613016170933E2));
#6132=CARTESIAN_POINT('',(-2.001239781032E2,5.933669997991E1,1.580951520353E2));
#6133=CARTESIAN_POINT('',(-2.014095681930E2,6.048781989503E1,1.548886869774E2));
#6134=CARTESIAN_POINT('',(-2.017769718632E2,5.620383125530E1,1.644861764179E2));
#6135=CARTESIAN_POINT('',(-2.034093266297E2,5.728600816161E1,1.612797121548E2));
#6136=CARTESIAN_POINT('',(-2.050416813961E2,5.836818506792E1,1.580732478918E2));
#6137=CARTESIAN_POINT('',(-2.066740361626E2,5.945036197423E1,1.548667836287E2));
#6138=CARTESIAN_POINT('',(-2.069460747572E2,5.276222047754E1,1.644597587093E2));
#6139=CARTESIAN_POINT('',(-2.090024788501E2,5.356107264232E1,1.612532952979E2));
#6140=CARTESIAN_POINT('',(-2.110588829430E2,5.435992480710E1,1.580468318864E2));
#6141=CARTESIAN_POINT('',(-2.131152870360E2,5.515877697187E1,1.548403684749E2));
#6142=CARTESIAN_POINT('',(-2.104020993297E2,4.760270446258E1,1.644425536286E2));
#6143=CARTESIAN_POINT('',(-2.127418386012E2,4.797751716511E1,1.612360900086E2));
#6144=CARTESIAN_POINT('',(-2.150815778727E2,4.835232986764E1,1.580296263886E2));
#6145=CARTESIAN_POINT('',(-2.174213171442E2,4.872714257017E1,1.548231627686E2));
#6146=CARTESIAN_POINT('',(-2.112445418510E2,4.338081549465E1,1.644388342400E2));
#6147=CARTESIAN_POINT('',(-2.136532309002E2,4.340886907784E1,1.612323694762E2));
#6148=CARTESIAN_POINT('',(-2.160619199495E2,4.343692266104E1,1.580259047125E2));
#6149=CARTESIAN_POINT('',(-2.184706089987E2,4.346497624424E1,1.548194399487E2));
#6150=CARTESIAN_POINT('',(-2.112107349481E2,4.118797457660E1,1.644393616666E2));
#6151=CARTESIAN_POINT('',(-2.136165714589E2,4.103593940491E1,1.612328960530E2));
#6152=CARTESIAN_POINT('',(-2.160224079697E2,4.088390423323E1,1.580264304394E2));
#6153=CARTESIAN_POINT('',(-2.184282444805E2,4.073186906154E1,1.548199648258E2));
#6154=CARTESIAN_POINT('',(-2.112056924943E2,4.102562265080E1,1.644394139650E2));
#6155=CARTESIAN_POINT('',(-2.136111094962E2,4.086025427709E1,1.612329482872E2));
#6156=CARTESIAN_POINT('',(-2.160165264981E2,4.069488590338E1,1.580264826093E2));
#6157=CARTESIAN_POINT('',(-2.184219435E2,4.052951752967E1,1.548200169315E2));
#6158=B_SPLINE_SURFACE_WITH_KNOTS('',3,3,((#6122,#6123,#6124,#6125),(#6126,
#6127,#6128,#6129),(#6130,#6131,#6132,#6133),(#6134,#6135,#6136,#6137),(#6138,
#6139,#6140,#6141),(#6142,#6143,#6144,#6145),(#6146,#6147,#6148,#6149),(#6150,
#6151,#6152,#6153),(#6154,#6155,#6156,#6157)),.UNSPECIFIED.,.F.,.F.,.F.,(4,1,1,
1,1,1,4),(4,4),(-1.999999999954E-2,0.E0,2.5E-1,5.E-1,7.5E-1,1.E0,1.02E0),(
1.811445535108E-5,1.000002327397E0),.UNSPECIFIED.);
#6160=ORIENTED_EDGE('',*,*,#6159,.T.);
#6162=ORIENTED_EDGE('',*,*,#6161,.T.);
#6164=ORIENTED_EDGE('',*,*,#6163,.T.);
#6166=ORIENTED_EDGE('',*,*,#6165,.T.);
#6167=ORIENTED_EDGE('',*,*,#6114,.F.);
#6168=ORIENTED_EDGE('',*,*,#5877,.T.);
#6170=ORIENTED_EDGE('',*,*,#6169,.T.);
#6171=EDGE_LOOP('',(#6160,#6162,#6164,#6166,#6167,#6168,#6170));
#6172=FACE_OUTER_BOUND('',#6171,.F.);
#6173=ADVANCED_FACE('',(#6172),#6158,.F.);
#6174=CARTESIAN_POINT('',(-2.182184557653E2,4.108201280816E1,1.551044322369E2));
#6175=CARTESIAN_POINT('',(-2.182184015699E2,4.110275312117E1,1.551045821789E2));
#6176=CARTESIAN_POINT('',(-2.182156594589E2,4.174111935043E1,1.551092305016E2));
#6177=CARTESIAN_POINT('',(-2.181488289185E2,4.293300091114E1,1.551198563068E2));
#6178=CARTESIAN_POINT('',(-2.179607638561E2,4.417582913934E1,1.551360790264E2));
#6179=CARTESIAN_POINT('',(-2.178338151532E2,4.479938668136E1,1.551457677929E2));
#6180=CARTESIAN_POINT('',(-2.178171880284E2,4.487845685081E1,1.551470207047E2));
#6181=CARTESIAN_POINT('',(-2.190560059825E2,4.107681701306E1,1.539536704216E2));
#6182=CARTESIAN_POINT('',(-2.190559262128E2,4.109840099281E1,1.539537981531E2));
#6183=CARTESIAN_POINT('',(-2.190523425867E2,4.176275857765E1,1.539577542762E2));
#6184=CARTESIAN_POINT('',(-2.189807437601E2,4.300447339857E1,1.539664660057E2));
#6185=CARTESIAN_POINT('',(-2.187818182185E2,4.429738016564E1,1.539796057959E2));
#6186=CARTESIAN_POINT('',(-2.186478641455E2,4.494563735118E1,1.539874641645E2));
#6187=CARTESIAN_POINT('',(-2.186303236492E2,4.502783182397E1,1.539884797193E2));
#6188=CARTESIAN_POINT('',(-2.201509242395E2,4.107093158342E1,1.530443357447E2));
#6189=CARTESIAN_POINT('',(-2.201508260700E2,4.109364422031E1,1.530444343012E2));
#6190=CARTESIAN_POINT('',(-2.201466102782E2,4.179276337370E1,1.530474804733E2));
#6191=CARTESIAN_POINT('',(-2.200699774548E2,4.310059881490E1,1.530536809291E2));
#6192=CARTESIAN_POINT('',(-2.198586898761E2,4.446035661514E1,1.530627781377E2));
#6193=CARTESIAN_POINT('',(-2.197166326829E2,4.514178838439E1,1.530682257046E2));
#6194=CARTESIAN_POINT('',(-2.196980339671E2,4.522818291804E1,1.530689286978E2));
#6195=CARTESIAN_POINT('',(-2.214359050005E2,4.106471830146E1,1.524323257652E2));
#6196=CARTESIAN_POINT('',(-2.214357967367E2,4.108877520645E1,1.524323899755E2));
#6197=CARTESIAN_POINT('',(-2.214311969883E2,4.182928931881E1,1.524343643808E2));
#6198=CARTESIAN_POINT('',(-2.213495739017E2,4.321546825083E1,1.524376107348E2));
#6199=CARTESIAN_POINT('',(-2.211251826323E2,4.465474018996E1,1.524419542103E2));
#6200=CARTESIAN_POINT('',(-2.209744226748E2,4.537578221386E1,1.524445587658E2));
#6201=CARTESIAN_POINT('',(-2.209546859407E2,4.546719438464E1,1.524448932066E2));
#6202=(BOUNDED_SURFACE()B_SPLINE_SURFACE(3,3,((#6174,#6175,#6176,#6177,#6178,
#6179,#6180),(#6181,#6182,#6183,#6184,#6185,#6186,#6187),(#6188,#6189,#6190,
#6191,#6192,#6193,#6194),(#6195,#6196,#6197,#6198,#6199,#6200,#6201)),
.UNSPECIFIED.,.F.,.F.,.F.)B_SPLINE_SURFACE_WITH_KNOTS((4,4),(4,1,1,1,4),(0.E0,
1.E0),(-1.221050203764E-3,0.E0,3.636177647453E-2,6.896425672621E-2,
7.370599971313E-2),.UNSPECIFIED.)GEOMETRIC_REPRESENTATION_ITEM()RATIONAL_B_SPLINE_SURFACE(((1.015607560346E0,1.015607560346E0,1.015607560346E0,1.015607560346E0,
1.015607560346E0,1.015607560346E0,1.015607560346E0),(9.947974798846E-1,
9.947974798846E-1,9.947974798846E-1,9.947974798846E-1,9.947974798846E-1,
9.947974798846E-1,9.947974798846E-1),(9.947974798846E-1,9.947974798846E-1,
9.947974798846E-1,9.947974798846E-1,9.947974798846E-1,9.947974798846E-1,
9.947974798846E-1),(1.015607560346E0,1.015607560346E0,1.015607560346E0,
1.015607560346E0,1.015607560346E0,1.015607560346E0,1.015607560346E0)))REPRESENTATION_ITEM('')SURFACE());
#6203=ORIENTED_EDGE('',*,*,#6159,.F.);
#6205=ORIENTED_EDGE('',*,*,#6204,.T.);
#6206=ORIENTED_EDGE('',*,*,#2796,.F.);
#6208=ORIENTED_EDGE('',*,*,#6207,.T.);
#6209=EDGE_LOOP('',(#6203,#6205,#6206,#6208));
#6210=FACE_OUTER_BOUND('',#6209,.F.);
#6211=ADVANCED_FACE('',(#6210),#6202,.F.);
#6212=CARTESIAN_POINT('',(-2.182187317443E2,4.108333696460E1,1.551042965244E2));
#6213=CARTESIAN_POINT('',(-2.182187314861E2,4.108386464832E1,1.551042992691E2));
#6214=CARTESIAN_POINT('',(-2.182187240002E2,4.109116030578E1,1.551043420913E2));
#6215=CARTESIAN_POINT('',(-2.182186170680E2,4.110442451522E1,1.551045349686E2));
#6216=CARTESIAN_POINT('',(-2.182186425793E2,4.112548230731E1,1.551045499034E2));
#6217=CARTESIAN_POINT('',(-2.182184091576E2,4.113885869641E1,1.551048736013E2));
#6218=CARTESIAN_POINT('',(-2.182183715102E2,4.114616435378E1,1.551049248994E2));
#6219=CARTESIAN_POINT('',(-2.182183696876E2,4.114657559794E1,1.551049273743E2));
#6220=CARTESIAN_POINT('',(-2.190504970230E2,4.107693980917E1,1.539615079219E2));
#6221=CARTESIAN_POINT('',(-2.190504961970E2,4.107748662520E1,1.539615100676E2));
#6222=CARTESIAN_POINT('',(-2.190504808909E2,4.108508630759E1,1.539615446656E2));
#6223=CARTESIAN_POINT('',(-2.190503594490E2,4.109984459072E1,1.539617230793E2));
#6224=CARTESIAN_POINT('',(-2.190503635222E2,4.112126541842E1,1.539617110852E2));
#6225=CARTESIAN_POINT('',(-2.190500958732E2,4.113560903133E1,1.539620316136E2));
#6226=CARTESIAN_POINT('',(-2.190500477701E2,4.114319555602E1,1.539620751452E2));
#6227=CARTESIAN_POINT('',(-2.190500453869E2,4.114362179071E1,1.539620771645E2));
#6228=CARTESIAN_POINT('',(-2.201363261966E2,4.106981621371E1,1.530566518810E2));
#6229=CARTESIAN_POINT('',(-2.201363249920E2,4.107038928418E1,1.530566532673E2));
#6230=CARTESIAN_POINT('',(-2.201363044581E2,4.107839080151E1,1.530566773869E2));
#6231=CARTESIAN_POINT('',(-2.201361726298E2,4.109480502950E1,1.530568363821E2));
#6232=CARTESIAN_POINT('',(-2.201361632191E2,4.111687002061E1,1.530567923305E2));
#6233=CARTESIAN_POINT('',(-2.201358631589E2,4.113239769643E1,1.530571005035E2));
#6234=CARTESIAN_POINT('',(-2.201358068237E2,4.114036615559E1,1.530571336837E2));
#6235=CARTESIAN_POINT('',(-2.201358040090E2,4.114081301322E1,1.530571351098E2));
#6236=CARTESIAN_POINT('',(-2.214103681366E2,4.106239819537E1,1.524446042444E2));
#6237=CARTESIAN_POINT('',(-2.214103667660E2,4.106300305016E1,1.524446047571E2));
#6238=CARTESIAN_POINT('',(-2.214103439136E2,4.107147984281E1,1.524446167798E2));
#6239=CARTESIAN_POINT('',(-2.214102064520E2,4.108961146049E1,1.524447525792E2));
#6240=CARTESIAN_POINT('',(-2.214101923293E2,4.111256267692E1,1.524446732857E2));
#6241=CARTESIAN_POINT('',(-2.214098636395E2,4.112941944610E1,1.524449606666E2));
#6242=CARTESIAN_POINT('',(-2.214098017951E2,4.113784774414E1,1.524449815385E2));
#6243=CARTESIAN_POINT('',(-2.214097987044E2,4.113831960642E1,1.524449822698E2));
#6244=(BOUNDED_SURFACE()B_SPLINE_SURFACE(3,3,((#6212,#6213,#6214,#6215,#6216,
#6217,#6218,#6219),(#6220,#6221,#6222,#6223,#6224,#6225,#6226,#6227),(#6228,
#6229,#6230,#6231,#6232,#6233,#6234,#6235),(#6236,#6237,#6238,#6239,#6240,#6241,
#6242,#6243)),.UNSPECIFIED.,.F.,.F.,.F.)B_SPLINE_SURFACE_WITH_KNOTS((4,4),(4,1,
1,1,1,4),(0.E0,1.E0),(-2.561271925386E-2,0.E0,3.302750346251E-1,
6.635198344352E-1,1.E0,1.02E0),.UNSPECIFIED.)GEOMETRIC_REPRESENTATION_ITEM()RATIONAL_B_SPLINE_SURFACE(((1.015394893842E0,1.015394893842E0,1.015394893842E0,
1.015394893842E0,1.015394893842E0,1.015394893842E0,1.015394893842E0,
1.015394893842E0),(9.948683687195E-1,9.948683687195E-1,9.948683687195E-1,
9.948683687195E-1,9.948683687195E-1,9.948683687195E-1,9.948683687195E-1,
9.948683687195E-1),(9.948683687195E-1,9.948683687195E-1,9.948683687195E-1,
9.948683687195E-1,9.948683687195E-1,9.948683687195E-1,9.948683687195E-1,
9.948683687195E-1),(1.015394893842E0,1.015394893842E0,1.015394893842E0,
1.015394893842E0,1.015394893842E0,1.015394893842E0,1.015394893842E0,
1.015394893842E0)))REPRESENTATION_ITEM('')SURFACE());
#6246=ORIENTED_EDGE('',*,*,#6245,.T.);
#6248=ORIENTED_EDGE('',*,*,#6247,.F.);
#6249=ORIENTED_EDGE('',*,*,#2798,.F.);
#6250=ORIENTED_EDGE('',*,*,#6204,.F.);
#6251=EDGE_LOOP('',(#6246,#6248,#6249,#6250));
#6252=FACE_OUTER_BOUND('',#6251,.F.);
#6253=ADVANCED_FACE('',(#6252),#6244,.F.);
#6254=CARTESIAN_POINT('',(-2.112119596869E2,4.200040736372E1,1.644307383890E2));
#6255=CARTESIAN_POINT('',(-2.136159834847E2,4.191514924880E1,1.612261501134E2));
#6256=CARTESIAN_POINT('',(-2.160200072825E2,4.182989113389E1,1.580215618378E2));
#6257=CARTESIAN_POINT('',(-2.184240310803E2,4.174463301897E1,1.548169735622E2));
#6258=CARTESIAN_POINT('',(-2.112171133163E2,4.183796678822E1,1.644305746179E2));
#6259=CARTESIAN_POINT('',(-2.136215562841E2,4.173938330232E1,1.612259863928E2));
#6260=CARTESIAN_POINT('',(-2.160259992518E2,4.164079981641E1,1.580213981677E2));
#6261=CARTESIAN_POINT('',(-2.184304422196E2,4.154221633051E1,1.548168099425E2));
#6262=CARTESIAN_POINT('',(-2.112523861497E2,3.964390495065E1,1.644285240753E2));
#6263=CARTESIAN_POINT('',(-2.136596788674E2,3.936533851525E1,1.612239365187E2));
#6264=CARTESIAN_POINT('',(-2.160669715851E2,3.908677207985E1,1.580193489621E2));
#6265=CARTESIAN_POINT('',(-2.184742643028E2,3.880820564445E1,1.548147614055E2));
#6266=CARTESIAN_POINT('',(-2.104118057055E2,3.541907243838E1,1.644288484660E2));
#6267=CARTESIAN_POINT('',(-2.127501907595E2,3.479395124345E1,1.612242618067E2));
#6268=CARTESIAN_POINT('',(-2.150885758134E2,3.416883004851E1,1.580196751474E2));
#6269=CARTESIAN_POINT('',(-2.174269608674E2,3.354370885358E1,1.548150884881E2));
#6270=CARTESIAN_POINT('',(-2.069556612200E2,3.025524284115E1,1.644406678132E2));
#6271=CARTESIAN_POINT('',(-2.090108882156E2,2.920632670261E1,1.612360812233E2));
#6272=CARTESIAN_POINT('',(-2.110661152113E2,2.815741056408E1,1.580314946335E2));
#6273=CARTESIAN_POINT('',(-2.131213422069E2,2.710849442555E1,1.548269080436E2));
#6274=CARTESIAN_POINT('',(-2.017841476304E2,2.681065269311E1,1.644620316781E2));
#6275=CARTESIAN_POINT('',(-2.034155877779E2,2.547856279035E1,1.612574443283E2));
#6276=CARTESIAN_POINT('',(-2.050470279255E2,2.414647288758E1,1.580528569785E2));
#6277=CARTESIAN_POINT('',(-2.066784680731E2,2.281438298481E1,1.548482696287E2));
#6278=CARTESIAN_POINT('',(-1.975574855047E2,2.597954179490E1,1.644811966300E2));
#6279=CARTESIAN_POINT('',(-1.988423701885E2,2.457853000233E1,1.612766087691E2));
#6280=CARTESIAN_POINT('',(-2.001272548724E2,2.317751820976E1,1.580720209081E2));
#6281=CARTESIAN_POINT('',(-2.014121395562E2,2.177650641720E1,1.548674330472E2));
#6282=CARTESIAN_POINT('',(-1.953635317810E2,2.601973626340E1,1.644915497692E2));
#6283=CARTESIAN_POINT('',(-1.964684313924E2,2.462156659613E1,1.612869618523E2));
#6284=CARTESIAN_POINT('',(-1.975733310038E2,2.322339692887E1,1.580823739353E2));
#6285=CARTESIAN_POINT('',(-1.986782306151E2,2.182522726160E1,1.548777860184E2));
#6286=CARTESIAN_POINT('',(-1.952011049120E2,2.602525429403E1,1.644923184359E2));
#6287=CARTESIAN_POINT('',(-1.962926789858E2,2.462750323100E1,1.612877305160E2));
#6288=CARTESIAN_POINT('',(-1.973842530595E2,2.322975216797E1,1.580831425962E2));
#6289=CARTESIAN_POINT('',(-1.984758271333E2,2.183200110495E1,1.548785546763E2));
#6290=B_SPLINE_SURFACE_WITH_KNOTS('',3,3,((#6254,#6255,#6256,#6257),(#6258,
#6259,#6260,#6261),(#6262,#6263,#6264,#6265),(#6266,#6267,#6268,#6269),(#6270,
#6271,#6272,#6273),(#6274,#6275,#6276,#6277),(#6278,#6279,#6280,#6281),(#6282,
#6283,#6284,#6285),(#6286,#6287,#6288,#6289)),.UNSPECIFIED.,.F.,.F.,.F.,(4,1,1,
1,1,1,4),(4,4),(-2.E-2,0.E0,2.5E-1,5.E-1,7.5E-1,1.E0,1.02E0),(2.288879118299E-6,
9.999907806163E-1),.UNSPECIFIED.);
#6291=ORIENTED_EDGE('',*,*,#6245,.F.);
#6292=ORIENTED_EDGE('',*,*,#6169,.F.);
#6293=ORIENTED_EDGE('',*,*,#5875,.F.);
#6294=ORIENTED_EDGE('',*,*,#6016,.T.);
#6295=ORIENTED_EDGE('',*,*,#6014,.T.);
#6297=ORIENTED_EDGE('',*,*,#6296,.T.);
#6299=ORIENTED_EDGE('',*,*,#6298,.T.);
#6301=ORIENTED_EDGE('',*,*,#6300,.T.);
#6303=ORIENTED_EDGE('',*,*,#6302,.T.);
#6304=EDGE_LOOP('',(#6291,#6292,#6293,#6294,#6295,#6297,#6299,#6301,#6303));
#6305=FACE_OUTER_BOUND('',#6304,.F.);
#6306=ADVANCED_FACE('',(#6305),#6290,.F.);
#6307=CARTESIAN_POINT('',(-1.961997246861E2,2.599374146065E1,1.644195362709E2));
#6308=CARTESIAN_POINT('',(-1.972468905616E2,2.474441439336E1,1.615552040194E2));
#6309=CARTESIAN_POINT('',(-1.982940564370E2,2.349508732607E1,1.586908717680E2));
#6310=CARTESIAN_POINT('',(-1.993412223124E2,2.224576025877E1,1.558265395165E2));
#6311=CARTESIAN_POINT('',(-1.960374208809E2,2.598897076563E1,1.644204654611E2));
#6312=CARTESIAN_POINT('',(-1.970726762176E2,2.473926897327E1,1.615561332115E2));
#6313=CARTESIAN_POINT('',(-1.981079315544E2,2.348956718090E1,1.586918009618E2));
#6314=CARTESIAN_POINT('',(-1.991431868911E2,2.223986538854E1,1.558274687121E2));
#6315=CARTESIAN_POINT('',(-1.938452903320E2,2.595872825773E1,1.644330546519E2));
#6316=CARTESIAN_POINT('',(-1.947196725241E2,2.470647851792E1,1.615687224465E2));
#6317=CARTESIAN_POINT('',(-1.955940547161E2,2.345422877811E1,1.587043902412E2));
#6318=CARTESIAN_POINT('',(-1.964684369082E2,2.220197903829E1,1.558400580358E2));
#6319=CARTESIAN_POINT('',(-1.896261891340E2,2.680513016219E1,1.644583224491E2));
#6320=CARTESIAN_POINT('',(-1.901908115402E2,2.561447166839E1,1.615939908281E2));
#6321=CARTESIAN_POINT('',(-1.907554339464E2,2.442381317460E1,1.587296592071E2));
#6322=CARTESIAN_POINT('',(-1.913200563527E2,2.323315468081E1,1.558653275860E2));
#6323=CARTESIAN_POINT('',(-1.844687615646E2,3.025925221387E1,1.644919858131E2));
#6324=CARTESIAN_POINT('',(-1.846545884588E2,2.932168944980E1,1.616276551949E2));
#6325=CARTESIAN_POINT('',(-1.848404153530E2,2.838412668573E1,1.587633245767E2));
#6326=CARTESIAN_POINT('',(-1.850262422473E2,2.744656392166E1,1.558989939585E2));
#6327=CARTESIAN_POINT('',(-1.810226112348E2,3.542205526686E1,1.645177548669E2));
#6328=CARTESIAN_POINT('',(-1.809553411114E2,3.486328420733E1,1.616534242836E2));
#6329=CARTESIAN_POINT('',(-1.808880709879E2,3.430451314781E1,1.587890937004E2));
#6330=CARTESIAN_POINT('',(-1.808208008645E2,3.374574208828E1,1.559247631171E2));
#6331=CARTESIAN_POINT('',(-1.801826968364E2,3.964251728903E1,1.645274341035E2));
#6332=CARTESIAN_POINT('',(-1.800538362964E2,3.939350192204E1,1.616631023527E2));
#6333=CARTESIAN_POINT('',(-1.799249757564E2,3.914448655505E1,1.587987706019E2));
#6334=CARTESIAN_POINT('',(-1.797961152164E2,3.889547118806E1,1.559344388512E2));
#6335=CARTESIAN_POINT('',(-1.802163020347E2,4.183463378706E1,1.645297557303E2));
#6336=CARTESIAN_POINT('',(-1.800899902681E2,4.174648919486E1,1.616654230112E2));
#6337=CARTESIAN_POINT('',(-1.799636785014E2,4.165834460265E1,1.588010902921E2));
#6338=CARTESIAN_POINT('',(-1.798373667348E2,4.157020001044E1,1.559367575731E2));
#6339=CARTESIAN_POINT('',(-1.802213216577E2,4.199693266802E1,1.645299130391E2));
#6340=CARTESIAN_POINT('',(-1.800953846793E2,4.192069843773E1,1.616655802464E2));
#6341=CARTESIAN_POINT('',(-1.799694477010E2,4.184446420744E1,1.588012474537E2));
#6342=CARTESIAN_POINT('',(-1.798435107227E2,4.176822997716E1,1.559369146611E2));
#6343=B_SPLINE_SURFACE_WITH_KNOTS('',3,3,((#6307,#6308,#6309,#6310),(#6311,
#6312,#6313,#6314),(#6315,#6316,#6317,#6318),(#6319,#6320,#6321,#6322),(#6323,
#6324,#6325,#6326),(#6327,#6328,#6329,#6330),(#6331,#6332,#6333,#6334),(#6335,
#6336,#6337,#6338),(#6339,#6340,#6341,#6342)),.UNSPECIFIED.,.F.,.F.,.F.,(4,1,1,
1,1,1,4),(4,4),(-2.000000000012E-2,0.E0,2.5E-1,5.E-1,7.5E-1,1.E0,1.02E0),(
-5.449703687002E-7,1.000066940606E0),.UNSPECIFIED.);
#6345=ORIENTED_EDGE('',*,*,#6344,.T.);
#6347=ORIENTED_EDGE('',*,*,#6346,.T.);
#6348=ORIENTED_EDGE('',*,*,#6296,.F.);
#6349=ORIENTED_EDGE('',*,*,#6012,.T.);
#6351=ORIENTED_EDGE('',*,*,#6350,.T.);
#6352=EDGE_LOOP('',(#6345,#6347,#6348,#6349,#6351));
#6353=FACE_OUTER_BOUND('',#6352,.F.);
#6354=ADVANCED_FACE('',(#6353),#6343,.F.);
#6355=CARTESIAN_POINT('',(-1.799111465607E2,4.124028552780E1,1.576882087337E2));
#6356=CARTESIAN_POINT('',(-1.799111468822E2,4.123958207009E1,1.576882026727E2));
#6357=CARTESIAN_POINT('',(-1.799111520818E2,4.122826243775E1,1.576880942966E2));
#6358=CARTESIAN_POINT('',(-1.799111623690E2,4.121072479424E1,1.576876101650E2));
#6359=CARTESIAN_POINT('',(-1.799112756852E2,4.117478754457E1,1.576874566649E2));
#6360=CARTESIAN_POINT('',(-1.799113561743E2,4.115561641925E1,1.576869498025E2));
#6361=CARTESIAN_POINT('',(-1.799114242755E2,4.114343243198E1,1.576868135418E2));
#6362=CARTESIAN_POINT('',(-1.799114290985E2,4.114258205064E1,1.576868048608E2));
#6363=CARTESIAN_POINT('',(-1.798532790495E2,4.123022073905E1,1.557259247934E2));
#6364=CARTESIAN_POINT('',(-1.798532768052E2,4.122952340495E1,1.557259188022E2));
#6365=CARTESIAN_POINT('',(-1.798532385488E2,4.121822426845E1,1.557258122326E2));
#6366=CARTESIAN_POINT('',(-1.798531265959E2,4.119845520812E1,1.557253434109E2));
#6367=CARTESIAN_POINT('',(-1.798531230911E2,4.116470652340E1,1.557251801427E2));
#6368=CARTESIAN_POINT('',(-1.798531462322E2,4.114098334274E1,1.557247042506E2));
#6369=CARTESIAN_POINT('',(-1.798531721559E2,4.112873129968E1,1.557245704110E2));
#6370=CARTESIAN_POINT('',(-1.798531739789E2,4.112788867923E1,1.557245618267E2));
#6371=CARTESIAN_POINT('',(-1.791448003433E2,4.122076185890E1,1.538950843611E2));
#6372=CARTESIAN_POINT('',(-1.791447957261E2,4.122004510037E1,1.538950794193E2));
#6373=CARTESIAN_POINT('',(-1.791447172875E2,4.120833912070E1,1.538949911797E2));
#6374=CARTESIAN_POINT('',(-1.791444927206E2,4.118520065295E1,1.538945859505E2));
#6375=CARTESIAN_POINT('',(-1.791443843754E2,4.115248049440E1,1.538944553123E2));
#6376=CARTESIAN_POINT('',(-1.791443582053E2,4.112365684232E1,1.538940405203E2));
#6377=CARTESIAN_POINT('',(-1.791443475173E2,4.111091600742E1,1.538939263160E2));
#6378=CARTESIAN_POINT('',(-1.791443467321E2,4.111005147286E1,1.538939190205E2));
#6379=CARTESIAN_POINT('',(-1.778667005006E2,4.121299018346E1,1.524049807753E2));
#6380=CARTESIAN_POINT('',(-1.778666939749E2,4.121223067296E1,1.524049777425E2));
#6381=CARTESIAN_POINT('',(-1.778665832209E2,4.119973701958E1,1.524049222608E2));
#6382=CARTESIAN_POINT('',(-1.778662685397E2,4.117247632911E1,1.524046216371E2));
#6383=CARTESIAN_POINT('',(-1.778660793194E2,4.113950708154E1,1.524045622969E2));
#6384=CARTESIAN_POINT('',(-1.778660175120E2,4.110561760458E1,1.524042317502E2));
#6385=CARTESIAN_POINT('',(-1.778659799635E2,4.109202311827E1,1.524041521508E2));
#6386=CARTESIAN_POINT('',(-1.778659772601E2,4.109110949973E1,1.524041471890E2));
#6387=(BOUNDED_SURFACE()B_SPLINE_SURFACE(3,3,((#6355,#6356,#6357,#6358,#6359,
#6360,#6361,#6362),(#6363,#6364,#6365,#6366,#6367,#6368,#6369,#6370),(#6371,
#6372,#6373,#6374,#6375,#6376,#6377,#6378),(#6379,#6380,#6381,#6382,#6383,#6384,
#6385,#6386)),.UNSPECIFIED.,.F.,.F.,.F.)B_SPLINE_SURFACE_WITH_KNOTS((4,4),(4,1,
1,1,1,4),(0.E0,1.E0),(-2.115296751822E-2,0.E0,3.241353049984E-1,
6.568806756151E-1,1.E0,1.025375829679E0),.UNSPECIFIED.)GEOMETRIC_REPRESENTATION_ITEM()RATIONAL_B_SPLINE_SURFACE(((1.029419641044E0,1.029419641044E0,
1.029419641044E0,1.029419641044E0,1.029419641044E0,1.029419641044E0,
1.029419641044E0,1.029419641044E0),(9.901934529852E-1,9.901934529852E-1,
9.901934529852E-1,9.901934529852E-1,9.901934529852E-1,9.901934529852E-1,
9.901934529852E-1,9.901934529852E-1),(9.901934529852E-1,9.901934529852E-1,
9.901934529852E-1,9.901934529852E-1,9.901934529852E-1,9.901934529852E-1,
9.901934529852E-1,9.901934529852E-1),(1.029419641044E0,1.029419641044E0,
1.029419641044E0,1.029419641044E0,1.029419641044E0,1.029419641044E0,
1.029419641044E0,1.029419641044E0)))REPRESENTATION_ITEM('')SURFACE());
#6388=ORIENTED_EDGE('',*,*,#6344,.F.);
#6390=ORIENTED_EDGE('',*,*,#6389,.T.);
#6391=ORIENTED_EDGE('',*,*,#2808,.F.);
#6393=ORIENTED_EDGE('',*,*,#6392,.T.);
#6394=EDGE_LOOP('',(#6388,#6390,#6391,#6393));
#6395=FACE_OUTER_BOUND('',#6394,.F.);
#6396=ADVANCED_FACE('',(#6395),#6387,.F.);
#6397=CARTESIAN_POINT('',(-1.988773939085E2,5.990939226315E1,1.563849665779E2));
#6398=CARTESIAN_POINT('',(-1.987801565013E2,5.990836771864E1,1.563922500957E2));
#6399=CARTESIAN_POINT('',(-1.980642910037E2,5.989546221161E1,1.564458665184E2));
#6400=CARTESIAN_POINT('',(-1.967267876598E2,5.979745771921E1,1.565458397436E2));
#6401=CARTESIAN_POINT('',(-1.948747103457E2,5.948465505746E1,1.566811924546E2));
#6402=CARTESIAN_POINT('',(-1.930570034330E2,5.899663888749E1,1.568129252827E2));
#6403=CARTESIAN_POINT('',(-1.913122828934E2,5.834563566810E1,1.569371930092E2));
#6404=CARTESIAN_POINT('',(-1.896613626509E2,5.754273441284E1,1.570572246662E2));
#6405=CARTESIAN_POINT('',(-1.881110835154E2,5.659333414993E1,1.571780031062E2));
#6406=CARTESIAN_POINT('',(-1.866440313379E2,5.549011501383E1,1.572878561779E2));
#6407=CARTESIAN_POINT('',(-1.852829342363E2,5.424592856339E1,1.573844943523E2));
#6408=CARTESIAN_POINT('',(-1.840507146931E2,5.288025159791E1,1.574670915036E2));
#6409=CARTESIAN_POINT('',(-1.829680192219E2,5.141704926165E1,1.575348180399E2));
#6410=CARTESIAN_POINT('',(-1.820466469737E2,4.987701785754E1,1.575954689209E2));
#6411=CARTESIAN_POINT('',(-1.812784771549E2,4.824648288772E1,1.576460769928E2));
#6412=CARTESIAN_POINT('',(-1.806676955958E2,4.653071445810E1,1.576821249869E2));
#6413=CARTESIAN_POINT('',(-1.802284112722E2,4.476238651029E1,1.577001223043E2));
#6414=CARTESIAN_POINT('',(-1.799690452309E2,4.298896956271E1,1.577036279373E2));
#6415=CARTESIAN_POINT('',(-1.799069004453E2,4.171591364375E1,1.576959979142E2));
#6416=CARTESIAN_POINT('',(-1.799118250854E2,4.104046243701E1,1.576872980050E2));
#6417=CARTESIAN_POINT('',(-1.799133278794E2,4.094287299251E1,1.576859385075E2));
#6418=CARTESIAN_POINT('',(-1.989742947861E2,6.055216109458E1,1.545281676202E2));
#6419=CARTESIAN_POINT('',(-1.988739356681E2,6.054864131004E1,1.545344250531E2));
#6420=CARTESIAN_POINT('',(-1.981350845835E2,6.051714216607E1,1.545805453978E2));
#6421=CARTESIAN_POINT('',(-1.967554657280E2,6.038124649673E1,1.546668301781E2));
#6422=CARTESIAN_POINT('',(-1.948581333612E2,6.001167426819E1,1.547854515269E2));
#6423=CARTESIAN_POINT('',(-1.930086571879E2,5.946508305268E1,1.549024473912E2));
#6424=CARTESIAN_POINT('',(-1.912390881256E2,5.875461134309E1,1.550139307450E2));
#6425=CARTESIAN_POINT('',(-1.895710462583E2,5.789256734590E1,1.551230631670E2));
#6426=CARTESIAN_POINT('',(-1.880080574419E2,5.688333460735E1,1.552346605106E2));
#6427=CARTESIAN_POINT('',(-1.865414763049E2,5.572880959864E1,1.553376006953E2));
#6428=CARTESIAN_POINT('',(-1.851852433854E2,5.443842448253E1,1.554289249795E2));
#6429=CARTESIAN_POINT('',(-1.839622075609E2,5.303344066449E1,1.555076591782E2));
#6430=CARTESIAN_POINT('',(-1.828888173070E2,5.153536898347E1,1.555725829423E2));
#6431=CARTESIAN_POINT('',(-1.819748433752E2,4.996078649991E1,1.556311909507E2));
#6432=CARTESIAN_POINT('',(-1.812152773706E2,4.830326131608E1,1.556805811639E2));
#6433=CARTESIAN_POINT('',(-1.806120901535E2,4.656847662810E1,1.557159607939E2));
#6434=CARTESIAN_POINT('',(-1.801764075852E2,4.478313954848E1,1.557336149665E2));
#6435=CARTESIAN_POINT('',(-1.799164821300E2,4.299394722617E1,1.557370232469E2));
#6436=CARTESIAN_POINT('',(-1.798511966164E2,4.170872258384E1,1.557295219602E2));
#6437=CARTESIAN_POINT('',(-1.798534191229E2,4.103020679414E1,1.557209045437E2));
#6438=CARTESIAN_POINT('',(-1.798545014636E2,4.093225767650E1,1.557195581041E2));
#6439=CARTESIAN_POINT('',(-1.990756639699E2,6.177852480559E1,1.529932395615E2));
#6440=CARTESIAN_POINT('',(-1.989691716327E2,6.177304893255E1,1.529975306141E2));
#6441=CARTESIAN_POINT('',(-1.981850994525E2,6.172674448806E1,1.530292077226E2));
#6442=CARTESIAN_POINT('',(-1.967210268228E2,6.155752585961E1,1.530885570692E2));
#6443=CARTESIAN_POINT('',(-1.947195393889E2,6.113101469517E1,1.531721205513E2));
#6444=CARTESIAN_POINT('',(-1.927785469881E2,6.051902367677E1,1.532559425876E2));
#6445=CARTESIAN_POINT('',(-1.909251770971E2,5.973555627874E1,1.533365193039E2));
#6446=CARTESIAN_POINT('',(-1.891820462704E2,5.879404900956E1,1.534170244419E2));
#6447=CARTESIAN_POINT('',(-1.875502956572E2,5.769794082734E1,1.535023252142E2));
#6448=CARTESIAN_POINT('',(-1.860316368285E2,5.645902097344E1,1.535825200473E2));
#6449=CARTESIAN_POINT('',(-1.846313963572E2,5.508353613203E1,1.536540061451E2));
#6450=CARTESIAN_POINT('',(-1.833729048321E2,5.359487033718E1,1.537158897284E2));
#6451=CARTESIAN_POINT('',(-1.822690892445E2,5.201279128860E1,1.537667430516E2));
#6452=CARTESIAN_POINT('',(-1.813277321050E2,5.034959291960E1,1.538137585607E2));
#6453=CARTESIAN_POINT('',(-1.805481246196E2,4.860779111963E1,1.538544760040E2));
#6454=CARTESIAN_POINT('',(-1.799301468642E2,4.679407343725E1,1.538839136065E2));
#6455=CARTESIAN_POINT('',(-1.794821660330E2,4.492996334762E1,1.538981955095E2));
#6456=CARTESIAN_POINT('',(-1.792124187747E2,4.306270351215E1,1.539007409138E2));
#6457=CARTESIAN_POINT('',(-1.791419372419E2,4.171969587560E1,1.538943951006E2));
#6458=CARTESIAN_POINT('',(-1.791418329375E2,4.101355419297E1,1.538868917104E2));
#6459=CARTESIAN_POINT('',(-1.791425802614E2,4.091168899493E1,1.538857174880E2));
#6460=CARTESIAN_POINT('',(-1.991698670133E2,6.344772993662E1,1.519563507218E2));
#6461=CARTESIAN_POINT('',(-1.990549338763E2,6.344106163277E1,1.519579607857E2));
#6462=CARTESIAN_POINT('',(-1.982085952535E2,6.338543947316E1,1.519699051939E2));
#6463=CARTESIAN_POINT('',(-1.966274236011E2,6.319129067988E1,1.519921635785E2));
#6464=CARTESIAN_POINT('',(-1.944748352769E2,6.271420626374E1,1.520263663867E2));
#6465=CARTESIAN_POINT('',(-1.923930832748E2,6.203749681757E1,1.520623851909E2));
#6466=CARTESIAN_POINT('',(-1.904065783229E2,6.117588446807E1,1.520974802532E2));
#6467=CARTESIAN_POINT('',(-1.885390093884E2,6.014371363605E1,1.521349156978E2));
#6468=CARTESIAN_POINT('',(-1.867903368611E2,5.894365799868E1,1.521798225606E2));
#6469=CARTESIAN_POINT('',(-1.851730287223E2,5.759694057776E1,1.522240501300E2));
#6470=CARTESIAN_POINT('',(-1.836849598447E2,5.610722210338E1,1.522634506337E2));
#6471=CARTESIAN_POINT('',(-1.823504425570E2,5.450010364023E1,1.522974299347E2));
#6472=CARTESIAN_POINT('',(-1.811799630922E2,5.279452098007E1,1.523245600551E2));
#6473=CARTESIAN_POINT('',(-1.801795840741E2,5.099881263189E1,1.523517639441E2));
#6474=CARTESIAN_POINT('',(-1.793535900342E2,4.912512049491E1,1.523773491067E2));
#6475=CARTESIAN_POINT('',(-1.787001344146E2,4.718161245976E1,1.523962530024E2));
#6476=CARTESIAN_POINT('',(-1.782253668110E2,4.518600649774E1,1.524045205568E2));
#6477=CARTESIAN_POINT('',(-1.779376626383E2,4.318734705444E1,1.524055365962E2));
#6478=CARTESIAN_POINT('',(-1.778605261581E2,4.174757408127E1,1.524012403761E2));
#6479=CARTESIAN_POINT('',(-1.778587374205E2,4.099241590275E1,1.523957546860E2));
#6480=CARTESIAN_POINT('',(-1.778592736148E2,4.088352767735E1,1.523948920739E2));
#6481=(BOUNDED_SURFACE()B_SPLINE_SURFACE(3,3,((#6397,#6398,#6399,#6400,#6401,
#6402,#6403,#6404,#6405,#6406,#6407,#6408,#6409,#6410,#6411,#6412,#6413,#6414,
#6415,#6416,#6417),(#6418,#6419,#6420,#6421,#6422,#6423,#6424,#6425,#6426,#6427,
#6428,#6429,#6430,#6431,#6432,#6433,#6434,#6435,#6436,#6437,#6438),(#6439,#6440,
#6441,#6442,#6443,#6444,#6445,#6446,#6447,#6448,#6449,#6450,#6451,#6452,#6453,
#6454,#6455,#6456,#6457,#6458,#6459),(#6460,#6461,#6462,#6463,#6464,#6465,#6466,
#6467,#6468,#6469,#6470,#6471,#6472,#6473,#6474,#6475,#6476,#6477,#6478,#6479,
#6480)),.UNSPECIFIED.,.F.,.F.,.F.)B_SPLINE_SURFACE_WITH_KNOTS((4,4),(4,1,1,1,1,
1,1,1,1,1,1,1,1,1,1,1,1,1,4),(0.E0,1.E0),(-9.931249459587E-3,0.E0,
6.321683976244E-2,1.272128269772E-1,1.912140680688E-1,2.547952070247E-1,
3.173491594398E-1,3.795194722821E-1,4.422668190563E-1,5.052857363844E-1,
5.682122390182E-1,6.304800987178E-1,6.920485804015E-1,7.537900666469E-1,
8.161426590177E-1,8.787526376817E-1,9.405201526171E-1,1.E0,1.010041938702E0),
.UNSPECIFIED.)GEOMETRIC_REPRESENTATION_ITEM()RATIONAL_B_SPLINE_SURFACE(((
1.029540877425E0,1.029540877425E0,1.029540877425E0,1.029540877425E0,
1.029540877425E0,1.029540877425E0,1.029540877425E0,1.029540877425E0,
1.029540877425E0,1.029540877425E0,1.029540877425E0,1.029540877425E0,
1.029540877425E0,1.029540877425E0,1.029540877425E0,1.029540877425E0,
1.029540877425E0,1.029540877425E0,1.029540877425E0,1.029540877425E0,
1.029540877425E0),(9.901530408583E-1,9.901530408583E-1,9.901530408583E-1,
9.901530408583E-1,9.901530408583E-1,9.901530408583E-1,9.901530408583E-1,
9.901530408583E-1,9.901530408583E-1,9.901530408583E-1,9.901530408583E-1,
9.901530408583E-1,9.901530408583E-1,9.901530408583E-1,9.901530408583E-1,
9.901530408583E-1,9.901530408583E-1,9.901530408583E-1,9.901530408583E-1,
9.901530408583E-1,9.901530408583E-1),(9.901530408583E-1,9.901530408583E-1,
9.901530408583E-1,9.901530408583E-1,9.901530408583E-1,9.901530408583E-1,
9.901530408583E-1,9.901530408583E-1,9.901530408583E-1,9.901530408583E-1,
9.901530408583E-1,9.901530408583E-1,9.901530408583E-1,9.901530408583E-1,
9.901530408583E-1,9.901530408583E-1,9.901530408583E-1,9.901530408583E-1,
9.901530408583E-1,9.901530408583E-1,9.901530408583E-1),(1.029540877425E0,
1.029540877425E0,1.029540877425E0,1.029540877425E0,1.029540877425E0,
1.029540877425E0,1.029540877425E0,1.029540877425E0,1.029540877425E0,
1.029540877425E0,1.029540877425E0,1.029540877425E0,1.029540877425E0,
1.029540877425E0,1.029540877425E0,1.029540877425E0,1.029540877425E0,
1.029540877425E0,1.029540877425E0,1.029540877425E0,1.029540877425E0)))REPRESENTATION_ITEM('')SURFACE());
#6483=ORIENTED_EDGE('',*,*,#6482,.F.);
#6485=ORIENTED_EDGE('',*,*,#6484,.T.);
#6486=ORIENTED_EDGE('',*,*,#2810,.F.);
#6487=ORIENTED_EDGE('',*,*,#6389,.F.);
#6488=EDGE_LOOP('',(#6483,#6485,#6486,#6487));
#6489=FACE_OUTER_BOUND('',#6488,.F.);
#6490=ADVANCED_FACE('',(#6489),#6481,.F.);
#6491=CARTESIAN_POINT('',(-1.802232988536E2,4.102475286819E1,1.645754455572E2));
#6492=CARTESIAN_POINT('',(-1.801007725226E2,4.088099102767E1,1.617886541522E2));
#6493=CARTESIAN_POINT('',(-1.799782461917E2,4.073722918716E1,1.590018627473E2));
#6494=CARTESIAN_POINT('',(-1.798557198607E2,4.059346734664E1,1.562150713423E2));
#6495=CARTESIAN_POINT('',(-1.802182875182E2,4.118682967998E1,1.645755534531E2));
#6496=CARTESIAN_POINT('',(-1.800953961544E2,4.105465596596E1,1.617887620940E2));
#6497=CARTESIAN_POINT('',(-1.799725047906E2,4.092248225193E1,1.590019707350E2));
#6498=CARTESIAN_POINT('',(-1.798496134267E2,4.079030853791E1,1.562151793760E2));
#6499=CARTESIAN_POINT('',(-1.801847565324E2,4.337594710533E1,1.645768000011E2));
#6500=CARTESIAN_POINT('',(-1.800593801912E2,4.340029186209E1,1.617900092485E2));
#6501=CARTESIAN_POINT('',(-1.799340038499E2,4.342463661885E1,1.590032184960E2));
#6502=CARTESIAN_POINT('',(-1.798086275087E2,4.344898137562E1,1.562164277435E2));
#6503=CARTESIAN_POINT('',(-1.810238248242E2,4.759062692791E1,1.645736239138E2));
#6504=CARTESIAN_POINT('',(-1.809583634866E2,4.791634865720E1,1.617868339350E2));
#6505=CARTESIAN_POINT('',(-1.808929021490E2,4.824207038649E1,1.590000439561E2));
#6506=CARTESIAN_POINT('',(-1.808274408114E2,4.856779211578E1,1.562132539773E2));
#6507=CARTESIAN_POINT('',(-1.844661984458E2,5.274584333505E1,1.645548301349E2));
#6508=CARTESIAN_POINT('',(-1.846469774940E2,5.344011369071E1,1.617680401556E2));
#6509=CARTESIAN_POINT('',(-1.848277565421E2,5.413438404638E1,1.589812501763E2));
#6510=CARTESIAN_POINT('',(-1.850085355903E2,5.482865440204E1,1.561944601970E2));
#6511=CARTESIAN_POINT('',(-1.896175860818E2,5.619386333727E1,1.645246796800E2));
#6512=CARTESIAN_POINT('',(-1.901669078607E2,5.713438783415E1,1.617378890292E2));
#6513=CARTESIAN_POINT('',(-1.907162296396E2,5.807491233104E1,1.589510983784E2));
#6514=CARTESIAN_POINT('',(-1.912655514185E2,5.901543682792E1,1.561643077276E2));
#6515=CARTESIAN_POINT('',(-1.938312749427E2,5.703751164375E1,1.644990786905E2));
#6516=CARTESIAN_POINT('',(-1.946819757404E2,5.803796458768E1,1.617122876759E2));
#6517=CARTESIAN_POINT('',(-1.955326765380E2,5.903841753162E1,1.589254966613E2));
#6518=CARTESIAN_POINT('',(-1.963833773357E2,6.003887047556E1,1.561387056467E2));
#6519=CARTESIAN_POINT('',(-1.960203859755E2,5.700635092528E1,1.644855554210E2));
#6520=CARTESIAN_POINT('',(-1.970276079447E2,5.800432636606E1,1.616987644301E2));
#6521=CARTESIAN_POINT('',(-1.980348299139E2,5.900230180684E1,1.589119734393E2));
#6522=CARTESIAN_POINT('',(-1.990420518830E2,6.000027724761E1,1.561251824485E2));
#6523=CARTESIAN_POINT('',(-1.961824650527E2,5.700151503223E1,1.644845529738E2));
#6524=CARTESIAN_POINT('',(-1.972012753572E2,5.799912599616E1,1.616977619860E2));
#6525=CARTESIAN_POINT('',(-1.982200856616E2,5.899673696010E1,1.589109709982E2));
#6526=CARTESIAN_POINT('',(-1.992388959661E2,5.999434792403E1,1.561241800103E2));
#6527=B_SPLINE_SURFACE_WITH_KNOTS('',3,3,((#6491,#6492,#6493,#6494),(#6495,
#6496,#6497,#6498),(#6499,#6500,#6501,#6502),(#6503,#6504,#6505,#6506),(#6507,
#6508,#6509,#6510),(#6511,#6512,#6513,#6514),(#6515,#6516,#6517,#6518),(#6519,
#6520,#6521,#6522),(#6523,#6524,#6525,#6526)),.UNSPECIFIED.,.F.,.F.,.F.,(4,1,1,
1,1,1,4),(4,4),(-2.000000000005E-2,0.E0,2.5E-1,5.E-1,7.5E-1,1.E0,1.02E0),(
-3.189466560295E-6,1.000162524632E0),.UNSPECIFIED.);
#6528=ORIENTED_EDGE('',*,*,#6482,.T.);
#6529=ORIENTED_EDGE('',*,*,#6350,.F.);
#6530=ORIENTED_EDGE('',*,*,#6010,.F.);
#6531=ORIENTED_EDGE('',*,*,#6116,.F.);
#6532=ORIENTED_EDGE('',*,*,#6165,.F.);
#6533=EDGE_LOOP('',(#6528,#6529,#6530,#6531,#6532));
#6534=FACE_OUTER_BOUND('',#6533,.F.);
#6535=ADVANCED_FACE('',(#6534),#6527,.F.);
#6536=CARTESIAN_POINT('',(-1.993625613990E2,5.990787269644E1,1.563474952263E2));
#6537=CARTESIAN_POINT('',(-1.993417824665E2,5.990821646611E1,1.563489873250E2));
#6538=CARTESIAN_POINT('',(-1.992421800086E2,5.990968294468E1,1.563562262258E2));
#6539=CARTESIAN_POINT('',(-1.990656776508E2,5.991078068978E1,1.563695463539E2));
#6540=CARTESIAN_POINT('',(-1.988243308819E2,5.990976602348E1,1.563865970814E2));
#6541=CARTESIAN_POINT('',(-1.986442372879E2,5.990637489468E1,1.564004104104E2));
#6542=CARTESIAN_POINT('',(-1.985421745047E2,5.990382721362E1,1.564077656517E2));
#6543=CARTESIAN_POINT('',(-1.985214578578E2,5.990328815807E1,1.564092305015E2));
#6544=CARTESIAN_POINT('',(-1.994612979045E2,6.046831855181E1,1.547641576865E2));
#6545=CARTESIAN_POINT('',(-1.994401936357E2,6.046821921948E1,1.547654710493E2));
#6546=CARTESIAN_POINT('',(-1.993383509991E2,6.046759360998E1,1.547718277159E2));
#6547=CARTESIAN_POINT('',(-1.991537265439E2,6.046509285422E1,1.547834092656E2));
#6548=CARTESIAN_POINT('',(-1.989073795820E2,6.045882815837E1,1.547983682573E2));
#6549=CARTESIAN_POINT('',(-1.987213687921E2,6.045135095158E1,1.548104807210E2));
#6550=CARTESIAN_POINT('',(-1.986167458119E2,6.044651658529E1,1.548169344839E2));
#6551=CARTESIAN_POINT('',(-1.985955577444E2,6.044551657347E1,1.548182208808E2));
#6552=CARTESIAN_POINT('',(-1.995751663594E2,6.146176707874E1,1.534110498756E2));
#6553=CARTESIAN_POINT('',(-1.995532586669E2,6.146131927692E1,1.534120380339E2));
#6554=CARTESIAN_POINT('',(-1.994469027300E2,6.145905087103E1,1.534168089959E2));
#6555=CARTESIAN_POINT('',(-1.992502386651E2,6.145371388497E1,1.534253968474E2));
#6556=CARTESIAN_POINT('',(-1.989933409921E2,6.144317019411E1,1.534365491484E2));
#6557=CARTESIAN_POINT('',(-1.987971516508E2,6.143229942474E1,1.534456225582E2));
#6558=CARTESIAN_POINT('',(-1.986876012E2,6.142553913475E1,1.534504383699E2));
#6559=CARTESIAN_POINT('',(-1.986654640746E2,6.142414986581E1,1.534513981219E2));
#6560=CARTESIAN_POINT('',(-1.996944836452E2,6.280373763669E1,1.524032370552E2));
#6561=CARTESIAN_POINT('',(-1.996713627626E2,6.280306563092E1,1.524037811948E2));
#6562=CARTESIAN_POINT('',(-1.995586042047E2,6.279974342008E1,1.524063978267E2));
#6563=CARTESIAN_POINT('',(-1.993470068393E2,6.279257366097E1,1.524109914376E2));
#6564=CARTESIAN_POINT('',(-1.990749051461E2,6.277908588580E1,1.524169458056E2));
#6565=CARTESIAN_POINT('',(-1.988651414594E2,6.276580265021E1,1.524219004071E2));
#6566=CARTESIAN_POINT('',(-1.987487152853E2,6.275764097431E1,1.524244810824E2));
#6567=CARTESIAN_POINT('',(-1.987252321706E2,6.275596724895E1,1.524249937746E2));
#6568=(BOUNDED_SURFACE()B_SPLINE_SURFACE(3,3,((#6536,#6537,#6538,#6539,#6540,
#6541,#6542,#6543),(#6544,#6545,#6546,#6547,#6548,#6549,#6550,#6551),(#6552,
#6553,#6554,#6555,#6556,#6557,#6558,#6559),(#6560,#6561,#6562,#6563,#6564,#6565,
#6566,#6567)),.UNSPECIFIED.,.F.,.F.,.F.)B_SPLINE_SURFACE_WITH_KNOTS((4,4),(4,1,
1,1,1,4),(0.E0,1.E0),(-8.565105259760E-2,0.E0,3.272788824481E-1,
6.605951290711E-1,1.E0,1.086089411450E0),.UNSPECIFIED.)GEOMETRIC_REPRESENTATION_ITEM()RATIONAL_B_SPLINE_SURFACE(((1.021721221820E0,1.021721221820E0,
1.021721221820E0,1.021721221820E0,1.021721221820E0,1.021721221820E0,
1.021721221820E0,1.021721221820E0),(9.927595927266E-1,9.927595927266E-1,
9.927595927266E-1,9.927595927266E-1,9.927595927266E-1,9.927595927266E-1,
9.927595927266E-1,9.927595927266E-1),(9.927595927266E-1,9.927595927266E-1,
9.927595927266E-1,9.927595927266E-1,9.927595927266E-1,9.927595927266E-1,
9.927595927266E-1,9.927595927266E-1),(1.021721221820E0,1.021721221820E0,
1.021721221820E0,1.021721221820E0,1.021721221820E0,1.021721221820E0,
1.021721221820E0,1.021721221820E0)))REPRESENTATION_ITEM('')SURFACE());
#6569=ORIENTED_EDGE('',*,*,#6163,.F.);
#6571=ORIENTED_EDGE('',*,*,#6570,.T.);
#6572=ORIENTED_EDGE('',*,*,#2812,.F.);
#6573=ORIENTED_EDGE('',*,*,#6484,.F.);
#6574=EDGE_LOOP('',(#6569,#6571,#6572,#6573));
#6575=FACE_OUTER_BOUND('',#6574,.F.);
#6576=ADVANCED_FACE('',(#6575),#6568,.F.);
#6577=CARTESIAN_POINT('',(-2.178805898454E2,4.456271346981E1,1.551424063429E2));
#6578=CARTESIAN_POINT('',(-2.178592644709E2,4.467348720732E1,1.551440667496E2));
#6579=CARTESIAN_POINT('',(-2.177024690931E2,4.545035949790E1,1.551560374026E2));
#6580=CARTESIAN_POINT('',(-2.173209678623E2,4.687306625331E1,1.551821888931E2));
#6581=CARTESIAN_POINT('',(-2.165920929956E2,4.875803844531E1,1.552255019014E2));
#6582=CARTESIAN_POINT('',(-2.156762751392E2,5.052950526276E1,1.552808339499E2));
#6583=CARTESIAN_POINT('',(-2.145742083603E2,5.218613429475E1,1.553527544759E2));
#6584=CARTESIAN_POINT('',(-2.132870378707E2,5.373826655272E1,1.554332814307E2));
#6585=CARTESIAN_POINT('',(-2.118359858510E2,5.515525024336E1,1.555213411678E2));
#6586=CARTESIAN_POINT('',(-2.102553649727E2,5.640535363173E1,1.556158009579E2));
#6587=CARTESIAN_POINT('',(-2.085790778615E2,5.746645451720E1,1.557198373552E2));
#6588=CARTESIAN_POINT('',(-2.068155194277E2,5.833575439511E1,1.558401838116E2));
#6589=CARTESIAN_POINT('',(-2.049566412163E2,5.902708780807E1,1.559668103833E2));
#6590=CARTESIAN_POINT('',(-2.030419749953E2,5.952702210450E1,1.560952550794E2));
#6591=CARTESIAN_POINT('',(-2.011461732828E2,5.982457544692E1,1.562241798911E2));
#6592=CARTESIAN_POINT('',(-1.998157579826E2,5.990503550393E1,1.563170303731E2));
#6593=CARTESIAN_POINT('',(-1.991283086731E2,5.991067997777E1,1.563640246847E2));
#6594=CARTESIAN_POINT('',(-1.990421655568E2,5.991082477291E1,1.563698942394E2));
#6595=CARTESIAN_POINT('',(-2.188395045506E2,4.472345539461E1,1.537830097476E2));
#6596=CARTESIAN_POINT('',(-2.188167874628E2,4.483939981736E1,1.537842994370E2));
#6597=CARTESIAN_POINT('',(-2.186498323130E2,4.565237128767E1,1.537935904691E2));
#6598=CARTESIAN_POINT('',(-2.182447132599E2,4.713874230965E1,1.538138410358E2));
#6599=CARTESIAN_POINT('',(-2.174718351021E2,4.910686959536E1,1.538468264078E2));
#6600=CARTESIAN_POINT('',(-2.164998688857E2,5.095675646162E1,1.538895462107E2));
#6601=CARTESIAN_POINT('',(-2.153310223438E2,5.268286828361E1,1.539467971044E2));
#6602=CARTESIAN_POINT('',(-2.139736334712E2,5.428807683392E1,1.540112311620E2));
#6603=CARTESIAN_POINT('',(-2.124467612337E2,5.574719165113E1,1.540817613017E2));
#6604=CARTESIAN_POINT('',(-2.107882554826E2,5.702627324713E1,1.541576313944E2));
#6605=CARTESIAN_POINT('',(-2.090287216131E2,5.810666623103E1,1.542420408240E2));
#6606=CARTESIAN_POINT('',(-2.071802822623E2,5.898218091985E1,1.543419380310E2));
#6607=CARTESIAN_POINT('',(-2.052441540322E2,5.966537218399E1,1.544484877880E2));
#6608=CARTESIAN_POINT('',(-2.032576605615E2,6.014618473089E1,1.545573080256E2));
#6609=CARTESIAN_POINT('',(-2.012985235197E2,6.041585592443E1,1.546678339728E2));
#6610=CARTESIAN_POINT('',(-1.999249686901E2,6.047134869047E1,1.547482084869E2));
#6611=CARTESIAN_POINT('',(-1.992207589588E2,6.046243566314E1,1.547891159170E2));
#6612=CARTESIAN_POINT('',(-1.991326142458E2,6.046073690871E1,1.547942302448E2));
#6613=CARTESIAN_POINT('',(-2.201416286676E2,4.494709055772E1,1.527594007804E2));
#6614=CARTESIAN_POINT('',(-2.201172791300E2,4.507023280022E1,1.527601859473E2));
#6615=CARTESIAN_POINT('',(-2.199383730794E2,4.593353655148E1,1.527658296487E2));
#6616=CARTESIAN_POINT('',(-2.195050022020E2,4.750991603399E1,1.527780203582E2));
#6617=CARTESIAN_POINT('',(-2.186785882791E2,4.959719764865E1,1.527968170707E2));
#6618=CARTESIAN_POINT('',(-2.176376043404E2,5.156134387542E1,1.528220854210E2));
#6619=CARTESIAN_POINT('',(-2.163858325652E2,5.339192362667E1,1.528588481295E2));
#6620=CARTESIAN_POINT('',(-2.149388445018E2,5.508383423815E1,1.529004896013E2));
#6621=CARTESIAN_POINT('',(-2.133133838033E2,5.661732341381E1,1.529458367154E2));
#6622=CARTESIAN_POINT('',(-2.115508277727E2,5.795583114307E1,1.529945243739E2));
#6623=CARTESIAN_POINT('',(-2.096785816219E2,5.908379422649E1,1.530497361750E2));
#6624=CARTESIAN_POINT('',(-2.077122310384E2,5.999143127977E1,1.531185323621E2));
#6625=CARTESIAN_POINT('',(-2.056632789041E2,6.068887674134E1,1.531936582457E2));
#6626=CARTESIAN_POINT('',(-2.035668893300E2,6.116930719968E1,1.532708105080E2));
#6627=CARTESIAN_POINT('',(-2.015050443389E2,6.142549775632E1,1.533505721584E2));
#6628=CARTESIAN_POINT('',(-2.000594324483E2,6.146333955864E1,1.534093991907E2));
#6629=CARTESIAN_POINT('',(-1.993228826171E2,6.144280328988E1,1.534393820682E2));
#6630=CARTESIAN_POINT('',(-1.992307734299E2,6.143961503012E1,1.534431324772E2));
#6631=CARTESIAN_POINT('',(-2.216776479363E2,4.521484462566E1,1.521575121532E2));
#6632=CARTESIAN_POINT('',(-2.216515622579E2,4.534660756027E1,1.521577013476E2));
#6633=CARTESIAN_POINT('',(-2.214599174643E2,4.627025126239E1,1.521590362044E2));
#6634=CARTESIAN_POINT('',(-2.209960325217E2,4.795542712409E1,1.521616847544E2));
#6635=CARTESIAN_POINT('',(-2.201110447256E2,5.018785921098E1,1.521636229323E2));
#6636=CARTESIAN_POINT('',(-2.189939677899E2,5.229251195413E1,1.521680656852E2));
#6637=CARTESIAN_POINT('',(-2.176500869445E2,5.425377461578E1,1.521802416532E2));
#6638=CARTESIAN_POINT('',(-2.161016407994E2,5.605873435659E1,1.521943043050E2));
#6639=CARTESIAN_POINT('',(-2.143630999692E2,5.769259734146E1,1.522089290982E2));
#6640=CARTESIAN_POINT('',(-2.124790633483E2,5.911599026282E1,1.522241235707E2));
#6641=CARTESIAN_POINT('',(-2.104741016707E2,6.031580790267E1,1.522430182445E2));
#6642=CARTESIAN_POINT('',(-2.083667082719E2,6.127877817824E1,1.522726725942E2));
#6643=CARTESIAN_POINT('',(-2.061788299961E2,6.201167753331E1,1.523076656031E2));
#6644=CARTESIAN_POINT('',(-2.039437013223E2,6.251049764069E1,1.523437649222E2));
#6645=CARTESIAN_POINT('',(-2.017483981687E2,6.276874078161E1,1.523829795286E2));
#6646=CARTESIAN_POINT('',(-2.002078609277E2,6.279772975861E1,1.524129964922E2));
#6647=CARTESIAN_POINT('',(-1.994261062932E2,6.276948028766E1,1.524281342699E2));
#6648=CARTESIAN_POINT('',(-1.993284025746E2,6.276528161184E1,1.524300265700E2));
#6649=(BOUNDED_SURFACE()B_SPLINE_SURFACE(3,3,((#6577,#6578,#6579,#6580,#6581,
#6582,#6583,#6584,#6585,#6586,#6587,#6588,#6589,#6590,#6591,#6592,#6593,#6594),(
#6595,#6596,#6597,#6598,#6599,#6600,#6601,#6602,#6603,#6604,#6605,#6606,#6607,
#6608,#6609,#6610,#6611,#6612),(#6613,#6614,#6615,#6616,#6617,#6618,#6619,#6620,
#6621,#6622,#6623,#6624,#6625,#6626,#6627,#6628,#6629,#6630),(#6631,#6632,#6633,
#6634,#6635,#6636,#6637,#6638,#6639,#6640,#6641,#6642,#6643,#6644,#6645,#6646,
#6647,#6648)),.UNSPECIFIED.,.F.,.F.,.F.)B_SPLINE_SURFACE_WITH_KNOTS((4,4),(4,1,
1,1,1,1,1,1,1,1,1,1,1,1,1,4),(0.E0,1.E0),(1.178136414862E-1,1.291635214839E-1,
1.975406446072E-1,2.656677909297E-1,3.324461245152E-1,3.992806049078E-1,
4.672915612945E-1,5.357191711344E-1,6.038554882576E-1,6.708548593709E-1,
7.373233868928E-1,8.046497636445E-1,8.724114020063E-1,9.384743984322E-1,1.E0,
1.008811723703E0),.UNSPECIFIED.)GEOMETRIC_REPRESENTATION_ITEM()RATIONAL_B_SPLINE_SURFACE(((1.021437606190E0,1.021437606190E0,1.021437606190E0,1.021437606190E0,
1.021437606190E0,1.021437606190E0,1.021437606190E0,1.021437606190E0,
1.021437606190E0,1.021437606190E0,1.021437606190E0,1.021437606190E0,
1.021437606190E0,1.021437606190E0,1.021437606190E0,1.021437606190E0,
1.021437606190E0,1.021437606190E0),(9.928541312700E-1,9.928541312700E-1,
9.928541312700E-1,9.928541312700E-1,9.928541312700E-1,9.928541312700E-1,
9.928541312700E-1,9.928541312700E-1,9.928541312700E-1,9.928541312700E-1,
9.928541312700E-1,9.928541312700E-1,9.928541312700E-1,9.928541312700E-1,
9.928541312700E-1,9.928541312700E-1,9.928541312700E-1,9.928541312700E-1),(
9.928541312700E-1,9.928541312700E-1,9.928541312700E-1,9.928541312700E-1,
9.928541312700E-1,9.928541312700E-1,9.928541312700E-1,9.928541312700E-1,
9.928541312700E-1,9.928541312700E-1,9.928541312700E-1,9.928541312700E-1,
9.928541312700E-1,9.928541312700E-1,9.928541312700E-1,9.928541312700E-1,
9.928541312700E-1,9.928541312700E-1),(1.021437606190E0,1.021437606190E0,
1.021437606190E0,1.021437606190E0,1.021437606190E0,1.021437606190E0,
1.021437606190E0,1.021437606190E0,1.021437606190E0,1.021437606190E0,
1.021437606190E0,1.021437606190E0,1.021437606190E0,1.021437606190E0,
1.021437606190E0,1.021437606190E0,1.021437606190E0,1.021437606190E0)))REPRESENTATION_ITEM('')SURFACE());
#6650=ORIENTED_EDGE('',*,*,#6161,.F.);
#6651=ORIENTED_EDGE('',*,*,#6207,.F.);
#6652=ORIENTED_EDGE('',*,*,#2814,.F.);
#6653=ORIENTED_EDGE('',*,*,#6570,.F.);
#6654=EDGE_LOOP('',(#6650,#6651,#6652,#6653));
#6655=FACE_OUTER_BOUND('',#6654,.F.);
#6656=ADVANCED_FACE('',(#6655),#6649,.F.);
#6657=CARTESIAN_POINT('',(-1.799120729384E2,4.143863645967E1,1.576880912129E2));
#6658=CARTESIAN_POINT('',(-1.799110629181E2,4.134072123263E1,1.576877960721E2));
#6659=CARTESIAN_POINT('',(-1.799095695781E2,4.067123308065E1,1.576849459069E2));
#6660=CARTESIAN_POINT('',(-1.799770203575E2,3.940333850602E1,1.576695149454E2));
#6661=CARTESIAN_POINT('',(-1.802423807319E2,3.763426538242E1,1.576350439321E2));
#6662=CARTESIAN_POINT('',(-1.806878704112E2,3.586554350147E1,1.575860179846E2));
#6663=CARTESIAN_POINT('',(-1.813015372148E2,3.415287812736E1,1.575198842223E2));
#6664=CARTESIAN_POINT('',(-1.820706212082E2,3.252337339780E1,1.574398772504E2));
#6665=CARTESIAN_POINT('',(-1.829916972443E2,3.098108877883E1,1.573510643223E2));
#6666=CARTESIAN_POINT('',(-1.840734947913E2,2.951275350660E1,1.572577989066E2));
#6667=CARTESIAN_POINT('',(-1.853048499049E2,2.813838886240E1,1.571520855498E2));
#6668=CARTESIAN_POINT('',(-1.866655922783E2,2.688235083186E1,1.570351089509E2));
#6669=CARTESIAN_POINT('',(-1.881336162090E2,2.576439173789E1,1.569080189893E2));
#6670=CARTESIAN_POINT('',(-1.896865886911E2,2.479807869408E1,1.567731232326E2));
#6671=CARTESIAN_POINT('',(-1.913433080436E2,2.397734395489E1,1.566426090848E2));
#6672=CARTESIAN_POINT('',(-1.930966117512E2,2.330862432774E1,1.565118434562E2));
#6673=CARTESIAN_POINT('',(-1.949271641083E2,2.280351670033E1,1.563775076549E2));
#6674=CARTESIAN_POINT('',(-1.967965015208E2,2.247521850558E1,1.562428139900E2));
#6675=CARTESIAN_POINT('',(-1.981535871933E2,2.236928344121E1,1.561469718113E2));
#6676=CARTESIAN_POINT('',(-1.988796409877E2,2.235338188696E1,1.560958286652E2));
#6677=CARTESIAN_POINT('',(-1.989772672082E2,2.235198207462E1,1.560889529495E2));
#6678=CARTESIAN_POINT('',(-1.798548291E2,4.142489624200E1,1.557262167102E2));
#6679=CARTESIAN_POINT('',(-1.798535186385E2,4.132683337599E1,1.557259329717E2));
#6680=CARTESIAN_POINT('',(-1.798497342277E2,4.065513902841E1,1.557231631656E2));
#6681=CARTESIAN_POINT('',(-1.799113764048E2,3.937013261915E1,1.557080899318E2));
#6682=CARTESIAN_POINT('',(-1.801651601017E2,3.758369641296E1,1.556744139516E2));
#6683=CARTESIAN_POINT('',(-1.805957948359E2,3.579184688194E1,1.556267334460E2));
#6684=CARTESIAN_POINT('',(-1.811920037005E2,3.405285690563E1,1.555626362116E2));
#6685=CARTESIAN_POINT('',(-1.819444477980E2,3.238720070381E1,1.554857543989E2));
#6686=CARTESIAN_POINT('',(-1.828519962759E2,3.080040977614E1,1.554014485393E2));
#6687=CARTESIAN_POINT('',(-1.839208298944E2,2.928653648704E1,1.553139033710E2));
#6688=CARTESIAN_POINT('',(-1.851417513680E2,2.786204933032E1,1.552154770198E2));
#6689=CARTESIAN_POINT('',(-1.864988116685E2,2.654938891739E1,1.551077040177E2));
#6690=CARTESIAN_POINT('',(-1.879698632956E2,2.537058930507E1,1.549917667916E2));
#6691=CARTESIAN_POINT('',(-1.895411699969E2,2.433622099742E1,1.548705721156E2));
#6692=CARTESIAN_POINT('',(-1.912225362856E2,2.344981727640E1,1.547554678422E2));
#6693=CARTESIAN_POINT('',(-1.930096139033E2,2.271719771271E1,1.546418363910E2));
#6694=CARTESIAN_POINT('',(-1.948818448230E2,2.215128646972E1,1.545262801640E2));
#6695=CARTESIAN_POINT('',(-1.968076988732E2,2.176608291842E1,1.544120196456E2));
#6696=CARTESIAN_POINT('',(-1.982129778939E2,2.162421348124E1,1.543318121695E2));
#6697=CARTESIAN_POINT('',(-1.989660640814E2,2.159098812726E1,1.542892274716E2));
#6698=CARTESIAN_POINT('',(-1.990673447833E2,2.158729324207E1,1.542835068781E2));
#6699=CARTESIAN_POINT('',(-1.791472250624E2,4.141873893638E1,1.538954583746E2));
#6700=CARTESIAN_POINT('',(-1.791455983950E2,4.131696422046E1,1.538953111077E2));
#6701=CARTESIAN_POINT('',(-1.791396286992E2,4.061880339956E1,1.538935432854E2));
#6702=CARTESIAN_POINT('',(-1.791983415372E2,3.927200604641E1,1.538814265612E2));
#6703=CARTESIAN_POINT('',(-1.794508848329E2,3.740661615498E1,1.538542348899E2));
#6704=CARTESIAN_POINT('',(-1.798836354734E2,3.553089620190E1,1.538157737357E2));
#6705=CARTESIAN_POINT('',(-1.804856946104E2,3.370705566954E1,1.537635836920E2));
#6706=CARTESIAN_POINT('',(-1.812509535096E2,3.194961778444E1,1.537015961484E2));
#6707=CARTESIAN_POINT('',(-1.821803769858E2,3.026619980191E1,1.536352955243E2));
#6708=CARTESIAN_POINT('',(-1.832764145430E2,2.865973584533E1,1.535681899480E2));
#6709=CARTESIAN_POINT('',(-1.845317637875E2,2.714299114177E1,1.534930022255E2));
#6710=CARTESIAN_POINT('',(-1.859339598175E2,2.573717067310E1,1.534113779208E2));
#6711=CARTESIAN_POINT('',(-1.874602155202E2,2.446686557622E1,1.533242754938E2));
#6712=CARTESIAN_POINT('',(-1.891051606404E2,2.333983393952E1,1.532351652199E2));
#6713=CARTESIAN_POINT('',(-1.908680881605E2,2.236970384413E1,1.531538731626E2));
#6714=CARTESIAN_POINT('',(-1.927465113341E2,2.156169117796E1,1.530755912636E2));
#6715=CARTESIAN_POINT('',(-1.947184687413E2,2.092986293261E1,1.529967926182E2));
#6716=CARTESIAN_POINT('',(-1.967580537870E2,2.048893126040E1,1.529204158680E2));
#6717=CARTESIAN_POINT('',(-1.982522075954E2,2.031627740441E1,1.528680202376E2));
#6718=CARTESIAN_POINT('',(-1.990538616802E2,2.026978219612E1,1.528403459531E2));
#6719=CARTESIAN_POINT('',(-1.991616885109E2,2.026436082624E1,1.528366315425E2));
#6720=CARTESIAN_POINT('',(-1.778701189869E2,4.142086814028E1,1.524050176027E2));
#6721=CARTESIAN_POINT('',(-1.778681964819E2,4.131224151788E1,1.524051162817E2));
#6722=CARTESIAN_POINT('',(-1.778603970003E2,4.056637827915E1,1.524051575709E2));
#6723=CARTESIAN_POINT('',(-1.779193944988E2,3.912017174564E1,1.523982582967E2));
#6724=CARTESIAN_POINT('',(-1.781811754106E2,3.712325963159E1,1.523824992463E2));
#6725=CARTESIAN_POINT('',(-1.786327710235E2,3.511251038697E1,1.523600778542E2));
#6726=CARTESIAN_POINT('',(-1.792633201315E2,3.315498924749E1,1.523283050250E2));
#6727=CARTESIAN_POINT('',(-1.800693841783E2,3.126062739321E1,1.522912788875E2));
#6728=CARTESIAN_POINT('',(-1.810535855457E2,2.943950321704E1,1.522544242012E2));
#6729=CARTESIAN_POINT('',(-1.822138863050E2,2.770397631041E1,1.522201419222E2));
#6730=CARTESIAN_POINT('',(-1.835445906579E2,2.606338132788E1,1.521814889649E2));
#6731=CARTESIAN_POINT('',(-1.850355825441E2,2.453850856231E1,1.521399704378E2));
#6732=CARTESIAN_POINT('',(-1.866629105129E2,2.315648937844E1,1.520960899107E2));
#6733=CARTESIAN_POINT('',(-1.884283835634E2,2.192277501855E1,1.520537810645E2));
#6734=CARTESIAN_POINT('',(-1.903204665796E2,2.086042859838E1,1.520208398310E2));
#6735=CARTESIAN_POINT('',(-1.923373688665E2,1.997414486005E1,1.519920834533E2));
#6736=CARTESIAN_POINT('',(-1.944557049052E2,1.927881858450E1,1.519638200954E2));
#6737=CARTESIAN_POINT('',(-1.966532392236E2,1.878970409893E1,1.519384487434E2));
#6738=CARTESIAN_POINT('',(-1.982667935060E2,1.859493352443E1,1.519228640324E2));
#6739=CARTESIAN_POINT('',(-1.991330011217E2,1.854073875817E1,1.519147483085E2));
#6740=CARTESIAN_POINT('',(-1.992495177002E2,1.853435677777E1,1.519136618944E2));
#6741=(BOUNDED_SURFACE()B_SPLINE_SURFACE(3,3,((#6657,#6658,#6659,#6660,#6661,
#6662,#6663,#6664,#6665,#6666,#6667,#6668,#6669,#6670,#6671,#6672,#6673,#6674,
#6675,#6676,#6677),(#6678,#6679,#6680,#6681,#6682,#6683,#6684,#6685,#6686,#6687,
#6688,#6689,#6690,#6691,#6692,#6693,#6694,#6695,#6696,#6697,#6698),(#6699,#6700,
#6701,#6702,#6703,#6704,#6705,#6706,#6707,#6708,#6709,#6710,#6711,#6712,#6713,
#6714,#6715,#6716,#6717,#6718,#6719),(#6720,#6721,#6722,#6723,#6724,#6725,#6726,
#6727,#6728,#6729,#6730,#6731,#6732,#6733,#6734,#6735,#6736,#6737,#6738,#6739,
#6740)),.UNSPECIFIED.,.F.,.F.,.F.)B_SPLINE_SURFACE_WITH_KNOTS((4,4),(4,1,1,1,1,
1,1,1,1,1,1,1,1,1,1,1,1,1,4),(0.E0,1.E0),(-1.003738510743E-2,0.E0,
5.864306864381E-2,1.206313654530E-1,1.829493721511E-1,2.451245813557E-1,
3.066340229961E-1,3.680501097431E-1,4.302522913553E-1,4.931366882310E-1,
5.561916522712E-1,6.190035249521E-1,6.812622233955E-1,7.439066516286E-1,
8.077251270073E-1,8.718851297661E-1,9.361526837011E-1,1.E0,1.009918197066E0),
.UNSPECIFIED.)GEOMETRIC_REPRESENTATION_ITEM()RATIONAL_B_SPLINE_SURFACE(((
1.029407694472E0,1.029407694472E0,1.029407694472E0,1.029407694472E0,
1.029407694472E0,1.029407694472E0,1.029407694472E0,1.029407694472E0,
1.029407694472E0,1.029407694472E0,1.029407694472E0,1.029407694472E0,
1.029407694472E0,1.029407694472E0,1.029407694472E0,1.029407694472E0,
1.029407694472E0,1.029407694472E0,1.029407694472E0,1.029407694472E0,
1.029407694472E0),(9.901974351759E-1,9.901974351759E-1,9.901974351759E-1,
9.901974351759E-1,9.901974351759E-1,9.901974351759E-1,9.901974351759E-1,
9.901974351759E-1,9.901974351759E-1,9.901974351759E-1,9.901974351759E-1,
9.901974351759E-1,9.901974351759E-1,9.901974351759E-1,9.901974351759E-1,
9.901974351759E-1,9.901974351759E-1,9.901974351759E-1,9.901974351759E-1,
9.901974351759E-1,9.901974351759E-1),(9.901974351759E-1,9.901974351759E-1,
9.901974351759E-1,9.901974351759E-1,9.901974351759E-1,9.901974351759E-1,
9.901974351759E-1,9.901974351759E-1,9.901974351759E-1,9.901974351759E-1,
9.901974351759E-1,9.901974351759E-1,9.901974351759E-1,9.901974351759E-1,
9.901974351759E-1,9.901974351759E-1,9.901974351759E-1,9.901974351759E-1,
9.901974351759E-1,9.901974351759E-1,9.901974351759E-1),(1.029407694472E0,
1.029407694472E0,1.029407694472E0,1.029407694472E0,1.029407694472E0,
1.029407694472E0,1.029407694472E0,1.029407694472E0,1.029407694472E0,
1.029407694472E0,1.029407694472E0,1.029407694472E0,1.029407694472E0,
1.029407694472E0,1.029407694472E0,1.029407694472E0,1.029407694472E0,
1.029407694472E0,1.029407694472E0,1.029407694472E0,1.029407694472E0)))REPRESENTATION_ITEM('')SURFACE());
#6742=ORIENTED_EDGE('',*,*,#6346,.F.);
#6743=ORIENTED_EDGE('',*,*,#6392,.F.);
#6744=ORIENTED_EDGE('',*,*,#2806,.F.);
#6746=ORIENTED_EDGE('',*,*,#6745,.T.);
#6747=EDGE_LOOP('',(#6742,#6743,#6744,#6746));
#6748=FACE_OUTER_BOUND('',#6747,.F.);
#6749=ADVANCED_FACE('',(#6748),#6741,.F.);
#6750=CARTESIAN_POINT('',(-1.986212047856E2,2.235994344707E1,1.561136341644E2));
#6751=CARTESIAN_POINT('',(-1.986419760568E2,2.235931952179E1,1.561122615220E2));
#6752=CARTESIAN_POINT('',(-1.987355383035E2,2.235653683095E1,1.561058127944E2));
#6753=CARTESIAN_POINT('',(-1.989021457408E2,2.235213958386E1,1.560928735226E2));
#6754=CARTESIAN_POINT('',(-1.991311972207E2,2.234977655E1,1.560775403396E2));
#6755=CARTESIAN_POINT('',(-1.993040520568E2,2.234971859267E1,1.560651877738E2));
#6756=CARTESIAN_POINT('',(-1.994041885932E2,2.235055346681E1,1.560582986296E2));
#6757=CARTESIAN_POINT('',(-1.994252464115E2,2.235076864418E1,1.560568675976E2));
#6758=CARTESIAN_POINT('',(-1.986852222739E2,2.173538037510E1,1.546191535836E2));
#6759=CARTESIAN_POINT('',(-1.987065164988E2,2.173434745752E1,1.546179750458E2));
#6760=CARTESIAN_POINT('',(-1.988027547299E2,2.172969103356E1,1.546124295143E2));
#6761=CARTESIAN_POINT('',(-1.989758522056E2,2.172182833536E1,1.546012210528E2));
#6762=CARTESIAN_POINT('',(-1.992104655582E2,2.171507516947E1,1.545880454616E2));
#6763=CARTESIAN_POINT('',(-1.993918057170E2,2.171190394049E1,1.545774991313E2));
#6764=CARTESIAN_POINT('',(-1.994945779818E2,2.171089942617E1,1.545715672912E2));
#6765=CARTESIAN_POINT('',(-1.995160485595E2,2.171072269862E1,1.545703330551E2));
#6766=CARTESIAN_POINT('',(-1.987454849882E2,2.071895063080E1,1.533578490931E2));
#6767=CARTESIAN_POINT('',(-1.987677278842E2,2.071757964362E1,1.533569893923E2));
#6768=CARTESIAN_POINT('',(-1.988685882266E2,2.071137725912E1,1.533529203450E2));
#6769=CARTESIAN_POINT('',(-1.990517969469E2,2.070068623730E1,1.533445263823E2));
#6770=CARTESIAN_POINT('',(-1.992966813027E2,2.069042984840E1,1.533348787442E2));
#6771=CARTESIAN_POINT('',(-1.994899729158E2,2.068486192746E1,1.533271839560E2));
#6772=CARTESIAN_POINT('',(-1.995974321615E2,2.068244785888E1,1.533228052094E2));
#6773=CARTESIAN_POINT('',(-1.996197495713E2,2.068197028857E1,1.533218924455E2));
#6774=CARTESIAN_POINT('',(-1.987972239237E2,1.939109131895E1,1.524295364272E2));
#6775=CARTESIAN_POINT('',(-1.988207661335E2,1.938947993864E1,1.524290950643E2));
#6776=CARTESIAN_POINT('',(-1.989278289343E2,1.938218170871E1,1.524269589450E2));
#6777=CARTESIAN_POINT('',(-1.991239699327E2,1.936952331554E1,1.524222404387E2));
#6778=CARTESIAN_POINT('',(-1.993830216069E2,1.935692784690E1,1.524172119236E2));
#6779=CARTESIAN_POINT('',(-1.995907850049E2,1.934986948047E1,1.524131883219E2));
#6780=CARTESIAN_POINT('',(-1.997046115707E2,1.934658723961E1,1.524108355513E2));
#6781=CARTESIAN_POINT('',(-1.997281428697E2,1.934592369646E1,1.524103434953E2));
#6782=(BOUNDED_SURFACE()B_SPLINE_SURFACE(3,3,((#6750,#6751,#6752,#6753,#6754,
#6755,#6756,#6757),(#6758,#6759,#6760,#6761,#6762,#6763,#6764,#6765),(#6766,
#6767,#6768,#6769,#6770,#6771,#6772,#6773),(#6774,#6775,#6776,#6777,#6778,#6779,
#6780,#6781)),.UNSPECIFIED.,.F.,.F.,.F.)B_SPLINE_SURFACE_WITH_KNOTS((4,4),(4,1,
1,1,1,4),(0.E0,1.E0),(-9.077151320515E-2,0.E0,3.203873113516E-1,
6.536962365614E-1,1.E0,1.091518494106E0),.UNSPECIFIED.)GEOMETRIC_REPRESENTATION_ITEM()RATIONAL_B_SPLINE_SURFACE(((1.020183542182E0,1.020183542182E0,
1.020183542182E0,1.020183542182E0,1.020183542182E0,1.020183542182E0,
1.020183542182E0,1.020183542182E0),(9.932721526061E-1,9.932721526061E-1,
9.932721526061E-1,9.932721526061E-1,9.932721526061E-1,9.932721526061E-1,
9.932721526061E-1,9.932721526061E-1),(9.932721526061E-1,9.932721526061E-1,
9.932721526061E-1,9.932721526061E-1,9.932721526061E-1,9.932721526061E-1,
9.932721526061E-1,9.932721526061E-1),(1.020183542182E0,1.020183542182E0,
1.020183542182E0,1.020183542182E0,1.020183542182E0,1.020183542182E0,
1.020183542182E0,1.020183542182E0)))REPRESENTATION_ITEM('')SURFACE());
#6783=ORIENTED_EDGE('',*,*,#6298,.F.);
#6784=ORIENTED_EDGE('',*,*,#6745,.F.);
#6785=ORIENTED_EDGE('',*,*,#2804,.F.);
#6787=ORIENTED_EDGE('',*,*,#6786,.T.);
#6788=EDGE_LOOP('',(#6783,#6784,#6785,#6787));
#6789=FACE_OUTER_BOUND('',#6788,.F.);
#6790=ADVANCED_FACE('',(#6789),#6782,.F.);
#6791=CARTESIAN_POINT('',(-1.991406782342E2,2.234973057757E1,1.560758692929E2));
#6792=CARTESIAN_POINT('',(-1.992145960501E2,2.234950923873E1,1.560710391156E2));
#6793=CARTESIAN_POINT('',(-1.998954148359E2,2.23513463E1,1.560265610949E2));
#6794=CARTESIAN_POINT('',(-2.012277161412E2,2.242494333353E1,1.559400027554E2));
#6795=CARTESIAN_POINT('',(-2.031361353014E2,2.271916579210E1,1.558234243737E2));
#6796=CARTESIAN_POINT('',(-2.050573377798E2,2.321876772937E1,1.557111559524E2));
#6797=CARTESIAN_POINT('',(-2.069123914159E2,2.390828887487E1,1.556037165785E2));
#6798=CARTESIAN_POINT('',(-2.086710469339E2,2.477603905689E1,1.555038908057E2));
#6799=CARTESIAN_POINT('',(-2.103354576324E2,2.583165727970E1,1.554201875199E2));
#6800=CARTESIAN_POINT('',(-2.119022832950E2,2.707424550720E1,1.553470116643E2));
#6801=CARTESIAN_POINT('',(-2.133385850942E2,2.848159478391E1,1.552811681592E2));
#6802=CARTESIAN_POINT('',(-2.146117803065E2,3.002258381187E1,1.552231799810E2));
#6803=CARTESIAN_POINT('',(-2.157008266713E2,3.166711548749E1,1.551745213131E2));
#6804=CARTESIAN_POINT('',(-2.164244384340E2,3.307247934719E1,1.551482399145E2));
#6805=CARTESIAN_POINT('',(-2.167859213383E2,3.392648798162E1,1.551364208673E2));
#6806=CARTESIAN_POINT('',(-2.168860290530E2,3.417804848538E1,1.551332304472E2));
#6807=CARTESIAN_POINT('',(-1.992229568222E2,2.171910881408E1,1.545961467707E2));
#6808=CARTESIAN_POINT('',(-1.992989236294E2,2.171749270839E1,1.545920220594E2));
#6809=CARTESIAN_POINT('',(-1.999992303435E2,2.170665439565E1,1.545540746470E2));
#6810=CARTESIAN_POINT('',(-2.013795497763E2,2.175923640598E1,1.544806376631E2));
#6811=CARTESIAN_POINT('',(-2.033570961755E2,2.203247847649E1,1.543827170221E2));
#6812=CARTESIAN_POINT('',(-2.053535746339E2,2.252085532804E1,1.542894231046E2));
#6813=CARTESIAN_POINT('',(-2.072876148601E2,2.321070013427E1,1.542005132520E2));
#6814=CARTESIAN_POINT('',(-2.091304912588E2,2.409269030951E1,1.541187497108E2));
#6815=CARTESIAN_POINT('',(-2.108772740720E2,2.517563969070E1,1.540517564817E2));
#6816=CARTESIAN_POINT('',(-2.125195069640E2,2.645449957349E1,1.539936871975E2));
#6817=CARTESIAN_POINT('',(-2.140279527623E2,2.791025570129E1,1.539414107919E2));
#6818=CARTESIAN_POINT('',(-2.153665806044E2,2.950918549046E1,1.538951873042E2));
#6819=CARTESIAN_POINT('',(-2.165168593957E2,3.122663187019E1,1.538565011383E2));
#6820=CARTESIAN_POINT('',(-2.172802759577E2,3.269552019724E1,1.538363956571E2));
#6821=CARTESIAN_POINT('',(-2.176611284841E2,3.358777115212E1,1.538274090376E2));
#6822=CARTESIAN_POINT('',(-2.177665624625E2,3.385058323076E1,1.538249863385E2));
#6823=CARTESIAN_POINT('',(-1.993122068711E2,2.070328894426E1,1.533494800690E2));
#6824=CARTESIAN_POINT('',(-1.993917357917E2,2.070057319525E1,1.533465032469E2));
#6825=CARTESIAN_POINT('',(-2.001254002271E2,2.067985577796E1,1.533191404450E2));
#6826=CARTESIAN_POINT('',(-2.015797354680E2,2.071826525733E1,1.532663972973E2));
#6827=CARTESIAN_POINT('',(-2.036619095586E2,2.098371677047E1,1.531972330247E2));
#6828=CARTESIAN_POINT('',(-2.057678856476E2,2.147768702036E1,1.531324598510E2));
#6829=CARTESIAN_POINT('',(-2.078127776028E2,2.218760622224E1,1.530707981221E2));
#6830=CARTESIAN_POINT('',(-2.097696073474E2,2.310650122673E1,1.530150667413E2));
#6831=CARTESIAN_POINT('',(-2.116256044118E2,2.424152597273E1,1.529717776799E2));
#6832=CARTESIAN_POINT('',(-2.133673031821E2,2.558322825054E1,1.529348910828E2));
#6833=CARTESIAN_POINT('',(-2.149691695571E2,2.711558377448E1,1.529014093416E2));
#6834=CARTESIAN_POINT('',(-2.163917157112E2,2.880196198839E1,1.528713314586E2));
#6835=CARTESIAN_POINT('',(-2.176190670059E2,3.062320966720E1,1.528462063524E2));
#6836=CARTESIAN_POINT('',(-2.184327310927E2,3.218100898552E1,1.528344509634E2));
#6837=CARTESIAN_POINT('',(-2.188381159638E2,3.312643622411E1,1.528292940795E2));
#6838=CARTESIAN_POINT('',(-2.189503043848E2,3.340486710494E1,1.528279073040E2));
#6839=CARTESIAN_POINT('',(-1.994014529283E2,1.938166367963E1,1.524333040313E2));
#6840=CARTESIAN_POINT('',(-1.994857786828E2,1.937822935488E1,1.524318278064E2));
#6841=CARTESIAN_POINT('',(-2.002640635166E2,1.935120121662E1,1.524182763637E2));
#6842=CARTESIAN_POINT('',(-2.018126274457E2,1.938338832973E1,1.523921821790E2));
#6843=CARTESIAN_POINT('',(-2.040267523676E2,1.965484799722E1,1.523596254114E2));
#6844=CARTESIAN_POINT('',(-2.062678898095E2,2.017079297027E1,1.523306901462E2));
#6845=CARTESIAN_POINT('',(-2.084468348728E2,2.091896836242E1,1.523028655312E2));
#6846=CARTESIAN_POINT('',(-2.105384442579E2,2.189454868771E1,1.522791016623E2));
#6847=CARTESIAN_POINT('',(-2.125219619294E2,2.310232298768E1,1.522646582501E2));
#6848=CARTESIAN_POINT('',(-2.143794113429E2,2.452852687183E1,1.522533748956E2));
#6849=CARTESIAN_POINT('',(-2.160886734668E2,2.615968761237E1,1.522424464625E2));
#6850=CARTESIAN_POINT('',(-2.176070648710E2,2.795618727020E1,1.522316332176E2));
#6851=CARTESIAN_POINT('',(-2.189213050451E2,2.990401011874E1,1.522225978468E2));
#6852=CARTESIAN_POINT('',(-2.197917322221E2,3.156915799908E1,1.522207141128E2));
#6853=CARTESIAN_POINT('',(-2.202248948036E2,3.257853942364E1,1.522200849545E2));
#6854=CARTESIAN_POINT('',(-2.203447379438E2,3.287573562636E1,1.522199213413E2));
#6855=(BOUNDED_SURFACE()B_SPLINE_SURFACE(3,3,((#6791,#6792,#6793,#6794,#6795,
#6796,#6797,#6798,#6799,#6800,#6801,#6802,#6803,#6804,#6805,#6806),(#6807,#6808,
#6809,#6810,#6811,#6812,#6813,#6814,#6815,#6816,#6817,#6818,#6819,#6820,#6821,
#6822),(#6823,#6824,#6825,#6826,#6827,#6828,#6829,#6830,#6831,#6832,#6833,#6834,
#6835,#6836,#6837,#6838),(#6839,#6840,#6841,#6842,#6843,#6844,#6845,#6846,#6847,
#6848,#6849,#6850,#6851,#6852,#6853,#6854)),.UNSPECIFIED.,.F.,.F.,.F.)B_SPLINE_SURFACE_WITH_KNOTS((4,4),(4,1,1,1,1,1,1,1,1,1,1,1,1,4),(0.E0,1.E0),(
-7.584786929455E-3,0.E0,6.228433462251E-2,1.293317060524E-1,1.969863396939E-1,
2.643795645301E-1,3.307406236814E-1,3.974235461633E-1,4.652039269278E-1,
5.332567379895E-1,6.008462787509E-1,6.673143078690E-1,7.337929520075E-1,
7.611870011089E-1),.UNSPECIFIED.)GEOMETRIC_REPRESENTATION_ITEM()RATIONAL_B_SPLINE_SURFACE(((1.019928455836E0,1.019928455836E0,1.019928455836E0,1.019928455836E0,
1.019928455836E0,1.019928455836E0,1.019928455836E0,1.019928455836E0,
1.019928455836E0,1.019928455836E0,1.019928455836E0,1.019928455836E0,
1.019928455836E0,1.019928455836E0,1.019928455836E0,1.019928455836E0),(
9.933571813879E-1,9.933571813879E-1,9.933571813879E-1,9.933571813879E-1,
9.933571813879E-1,9.933571813879E-1,9.933571813879E-1,9.933571813879E-1,
9.933571813879E-1,9.933571813879E-1,9.933571813879E-1,9.933571813879E-1,
9.933571813879E-1,9.933571813879E-1,9.933571813879E-1,9.933571813879E-1),(
9.933571813879E-1,9.933571813879E-1,9.933571813879E-1,9.933571813879E-1,
9.933571813879E-1,9.933571813879E-1,9.933571813879E-1,9.933571813879E-1,
9.933571813879E-1,9.933571813879E-1,9.933571813879E-1,9.933571813879E-1,
9.933571813879E-1,9.933571813879E-1,9.933571813879E-1,9.933571813879E-1),(
1.019928455836E0,1.019928455836E0,1.019928455836E0,1.019928455836E0,
1.019928455836E0,1.019928455836E0,1.019928455836E0,1.019928455836E0,
1.019928455836E0,1.019928455836E0,1.019928455836E0,1.019928455836E0,
1.019928455836E0,1.019928455836E0,1.019928455836E0,1.019928455836E0)))REPRESENTATION_ITEM('')SURFACE());
#6856=ORIENTED_EDGE('',*,*,#6300,.F.);
#6857=ORIENTED_EDGE('',*,*,#6786,.F.);
#6858=ORIENTED_EDGE('',*,*,#2802,.F.);
#6860=ORIENTED_EDGE('',*,*,#6859,.T.);
#6861=EDGE_LOOP('',(#6856,#6857,#6858,#6860));
#6862=FACE_OUTER_BOUND('',#6861,.F.);
#6863=ADVANCED_FACE('',(#6862),#6855,.F.);
#6864=CARTESIAN_POINT('',(-2.167742624675E2,3.390292957825E1,1.551365215558E2));
#6865=CARTESIAN_POINT('',(-2.170413571442E2,3.454427954519E1,1.551278135738E2));
#6866=CARTESIAN_POINT('',(-2.175548589845E2,3.600085263598E1,1.551124754401E2));
#6867=CARTESIAN_POINT('',(-2.180863848680E2,3.841008737243E1,1.550979629061E2));
#6868=CARTESIAN_POINT('',(-2.182203768236E2,4.019647425086E1,1.551006331350E2));
#6869=CARTESIAN_POINT('',(-2.182186947185E2,4.113651425606E1,1.551045135970E2));
#6870=CARTESIAN_POINT('',(-2.182185944768E2,4.116223324403E1,1.551046215927E2));
#6871=CARTESIAN_POINT('',(-2.175454885315E2,3.360326333187E1,1.539821653460E2));
#6872=CARTESIAN_POINT('',(-2.178251343587E2,3.426981217668E1,1.539752984496E2));
#6873=CARTESIAN_POINT('',(-2.183622836079E2,3.578336428107E1,1.539632387241E2));
#6874=CARTESIAN_POINT('',(-2.189180689401E2,3.828983632744E1,1.539512068631E2));
#6875=CARTESIAN_POINT('',(-2.190571893868E2,4.015205392465E1,1.539533113685E2));
#6876=CARTESIAN_POINT('',(-2.190543968340E2,4.113045111536E1,1.539561697743E2));
#6877=CARTESIAN_POINT('',(-2.190542634873E2,4.115721831287E1,1.539562493087E2));
#6878=CARTESIAN_POINT('',(-2.185557187859E2,3.320615291086E1,1.530662691118E2));
#6879=CARTESIAN_POINT('',(-2.188509511874E2,3.390676274414E1,1.530618227144E2));
#6880=CARTESIAN_POINT('',(-2.194175597489E2,3.549704314350E1,1.530540620262E2));
#6881=CARTESIAN_POINT('',(-2.200038061216E2,3.813277687388E1,1.530452718128E2));
#6882=CARTESIAN_POINT('',(-2.201500599935E2,4.009474964191E1,1.530466393903E2));
#6883=CARTESIAN_POINT('',(-2.201464624629E2,4.112443284376E1,1.530481578372E2));
#6884=CARTESIAN_POINT('',(-2.201463038013E2,4.115260223749E1,1.530482000398E2));
#6885=CARTESIAN_POINT('',(-2.197431104585E2,3.273590802977E1,1.524449008247E2));
#6886=CARTESIAN_POINT('',(-2.200560107028E2,3.347735586723E1,1.524433061657E2));
#6887=CARTESIAN_POINT('',(-2.206560870840E2,3.515941680440E1,1.524406019717E2));
#6888=CARTESIAN_POINT('',(-2.212771313702E2,3.794852364354E1,1.524356159383E2));
#6889=CARTESIAN_POINT('',(-2.214320869178E2,4.002806937092E1,1.524361204956E2));
#6890=CARTESIAN_POINT('',(-2.214280391572E2,4.111882785887E1,1.524360631086E2));
#6891=CARTESIAN_POINT('',(-2.214278645206E2,4.114866759791E1,1.524360613944E2));
#6892=(BOUNDED_SURFACE()B_SPLINE_SURFACE(3,3,((#6864,#6865,#6866,#6867,#6868,
#6869,#6870),(#6871,#6872,#6873,#6874,#6875,#6876,#6877),(#6878,#6879,#6880,
#6881,#6882,#6883,#6884),(#6885,#6886,#6887,#6888,#6889,#6890,#6891)),
.UNSPECIFIED.,.F.,.F.,.F.)B_SPLINE_SURFACE_WITH_KNOTS((4,4),(4,1,1,1,4),(0.E0,
1.E0),(8.411550268342E-1,8.860880014236E-1,9.406904551646E-1,1.E0,
1.001668459139E0),.UNSPECIFIED.)GEOMETRIC_REPRESENTATION_ITEM()RATIONAL_B_SPLINE_SURFACE(((1.015541984310E0,1.015541984310E0,1.015541984310E0,1.015541984310E0,
1.015541984310E0,1.015541984310E0,1.015541984310E0),(9.948193385635E-1,
9.948193385635E-1,9.948193385635E-1,9.948193385635E-1,9.948193385635E-1,
9.948193385635E-1,9.948193385635E-1),(9.948193385635E-1,9.948193385635E-1,
9.948193385635E-1,9.948193385635E-1,9.948193385635E-1,9.948193385635E-1,
9.948193385635E-1),(1.015541984310E0,1.015541984310E0,1.015541984310E0,
1.015541984310E0,1.015541984310E0,1.015541984310E0,1.015541984310E0)))REPRESENTATION_ITEM('')SURFACE());
#6893=ORIENTED_EDGE('',*,*,#2800,.F.);
#6894=ORIENTED_EDGE('',*,*,#6247,.T.);
#6895=ORIENTED_EDGE('',*,*,#6302,.F.);
#6896=ORIENTED_EDGE('',*,*,#6859,.F.);
#6897=EDGE_LOOP('',(#6893,#6894,#6895,#6896));
#6898=FACE_OUTER_BOUND('',#6897,.F.);
#6899=ADVANCED_FACE('',(#6898),#6892,.F.);
#6900=CARTESIAN_POINT('',(-1.954590579408E2,5.808811203811E1,1.854667128745E2));
#6901=DIRECTION('',(0.E0,1.E0,0.E0));
#6902=DIRECTION('',(9.975553706120E-1,0.E0,6.988048771411E-2));
#6903=AXIS2_PLACEMENT_3D('',#6900,#6901,#6902);
#6904=PLANE('',#6903);
#6905=ORIENTED_EDGE('',*,*,#5757,.T.);
#6907=ORIENTED_EDGE('',*,*,#6906,.F.);
#6909=ORIENTED_EDGE('',*,*,#6908,.T.);
#6911=ORIENTED_EDGE('',*,*,#6910,.T.);
#6912=EDGE_LOOP('',(#6905,#6907,#6909,#6911));
#6913=FACE_OUTER_BOUND('',#6912,.F.);
#6914=ADVANCED_FACE('',(#6913),#6904,.F.);
#6915=CARTESIAN_POINT('',(-1.964782178499E2,6.108811203811E1,1.854902343668E2));
#6916=DIRECTION('',(9.975553706081E-1,0.E0,6.988048776946E-2));
#6917=DIRECTION('',(0.E0,1.E0,0.E0));
#6918=AXIS2_PLACEMENT_3D('',#6915,#6916,#6917);
#6919=PLANE('',#6918);
#6920=ORIENTED_EDGE('',*,*,#5763,.F.);
#6922=ORIENTED_EDGE('',*,*,#6921,.F.);
#6924=ORIENTED_EDGE('',*,*,#6923,.F.);
#6925=ORIENTED_EDGE('',*,*,#6906,.T.);
#6926=EDGE_LOOP('',(#6920,#6922,#6924,#6925));
#6927=FACE_OUTER_BOUND('',#6926,.F.);
#6928=ADVANCED_FACE('',(#6927),#6919,.F.);
#6929=CARTESIAN_POINT('',(-1.954590579408E2,6.408811203811E1,1.854667128745E2));
#6930=DIRECTION('',(0.E0,1.E0,0.E0));
#6931=DIRECTION('',(9.975553706120E-1,0.E0,6.988048771411E-2));
#6932=AXIS2_PLACEMENT_3D('',#6929,#6930,#6931);
#6933=PLANE('',#6932);
#6934=ORIENTED_EDGE('',*,*,#5761,.T.);
#6936=ORIENTED_EDGE('',*,*,#6935,.T.);
#6938=ORIENTED_EDGE('',*,*,#6937,.T.);
#6939=ORIENTED_EDGE('',*,*,#6921,.T.);
#6940=EDGE_LOOP('',(#6934,#6936,#6938,#6939));
#6941=FACE_OUTER_BOUND('',#6940,.F.);
#6942=ADVANCED_FACE('',(#6941),#6933,.T.);
#6943=CARTESIAN_POINT('',(-1.944879638719E2,6.108811203811E1,1.854350597419E2));
#6944=DIRECTION('',(9.921517074558E-1,0.E0,-1.250399511857E-1));
#6945=DIRECTION('',(0.E0,1.E0,0.E0));
#6946=AXIS2_PLACEMENT_3D('',#6943,#6944,#6945);
#6947=PLANE('',#6946);
#6948=ORIENTED_EDGE('',*,*,#5759,.F.);
#6949=ORIENTED_EDGE('',*,*,#6910,.F.);
#6951=ORIENTED_EDGE('',*,*,#6950,.F.);
#6952=ORIENTED_EDGE('',*,*,#6935,.F.);
#6953=EDGE_LOOP('',(#6948,#6949,#6951,#6952));
#6954=FACE_OUTER_BOUND('',#6953,.F.);
#6955=ADVANCED_FACE('',(#6954),#6947,.T.);
#6956=CARTESIAN_POINT('',(-1.957646963775E2,5.796361023962E1,1.753045988586E2));
#6957=DIRECTION('',(0.E0,1.E0,0.E0));
#6958=DIRECTION('',(1.E0,0.E0,0.E0));
#6959=AXIS2_PLACEMENT_3D('',#6956,#6957,#6958);
#6960=CYLINDRICAL_SURFACE('',#6959,1.046059663280E1);
#6961=ORIENTED_EDGE('',*,*,#6908,.F.);
#6962=ORIENTED_EDGE('',*,*,#6923,.T.);
#6963=ORIENTED_EDGE('',*,*,#6937,.F.);
#6964=ORIENTED_EDGE('',*,*,#6950,.T.);
#6965=EDGE_LOOP('',(#6961,#6962,#6963,#6964));
#6966=FACE_OUTER_BOUND('',#6965,.F.);
#6967=ADVANCED_FACE('',(#6966),#6960,.T.);
#6968=CARTESIAN_POINT('',(-1.957646963775E2,9.33E1,1.753045988586E2));
#6969=DIRECTION('',(0.E0,-1.E0,0.E0));
#6970=DIRECTION('',(-1.795434617895E-2,0.E0,-9.998388077352E-1));
#6971=AXIS2_PLACEMENT_3D('',#6968,#6969,#6970);
#6972=TOROIDAL_SURFACE('',#6971,9.457818252444E0,5.E-1);
#6973=ORIENTED_EDGE('',*,*,#5734,.F.);
#6974=ORIENTED_EDGE('',*,*,#5732,.F.);
#6975=ORIENTED_EDGE('',*,*,#5714,.F.);
#6977=ORIENTED_EDGE('',*,*,#6976,.T.);
#6979=ORIENTED_EDGE('',*,*,#6978,.T.);
#6980=ORIENTED_EDGE('',*,*,#5710,.F.);
#6981=EDGE_LOOP('',(#6973,#6974,#6975,#6977,#6979,#6980));
#6982=FACE_OUTER_BOUND('',#6981,.F.);
#6983=ADVANCED_FACE('',(#6982),#6972,.T.);
#6984=CARTESIAN_POINT('',(-1.957646963775E2,7.560217724638E1,1.753045988586E2));
#6985=DIRECTION('',(0.E0,1.E0,0.E0));
#6986=DIRECTION('',(0.E0,0.E0,1.E0));
#6987=AXIS2_PLACEMENT_3D('',#6984,#6985,#6986);
#6988=CONICAL_SURFACE('',#6987,8.859193163805E0,3.192651531923E-1);
#6989=ORIENTED_EDGE('',*,*,#6978,.F.);
#6990=ORIENTED_EDGE('',*,*,#6976,.F.);
#6991=ORIENTED_EDGE('',*,*,#5696,.T.);
#6992=ORIENTED_EDGE('',*,*,#4988,.F.);
#6993=ORIENTED_EDGE('',*,*,#5474,.T.);
#6994=ORIENTED_EDGE('',*,*,#5472,.T.);
#6995=ORIENTED_EDGE('',*,*,#5691,.T.);
#6996=EDGE_LOOP('',(#6989,#6990,#6991,#6992,#6993,#6994,#6995));
#6997=FACE_OUTER_BOUND('',#6996,.F.);
#6998=ADVANCED_FACE('',(#6997),#6988,.F.);
#6999=CARTESIAN_POINT('',(-1.880296456128E2,5.412452341683E1,1.795E2));
#7000=DIRECTION('',(0.E0,0.E0,1.E0));
#7001=DIRECTION('',(1.E0,0.E0,0.E0));
#7002=AXIS2_PLACEMENT_3D('',#6999,#7000,#7001);
#7003=PLANE('',#7002);
#7004=ORIENTED_EDGE('',*,*,#4982,.F.);
#7005=ORIENTED_EDGE('',*,*,#5478,.F.);
#7006=EDGE_LOOP('',(#7004,#7005));
#7007=FACE_OUTER_BOUND('',#7006,.F.);
#7008=ADVANCED_FACE('',(#7007),#7003,.T.);
#7009=CARTESIAN_POINT('',(-1.868E2,1.445E1,1.5175E2));
#7010=DIRECTION('',(0.E0,1.E0,0.E0));
#7011=DIRECTION('',(-1.E0,0.E0,0.E0));
#7012=AXIS2_PLACEMENT_3D('',#7009,#7010,#7011);
#7013=PLANE('',#7012);
#7014=ORIENTED_EDGE('',*,*,#2818,.F.);
#7016=ORIENTED_EDGE('',*,*,#7015,.F.);
#7017=ORIENTED_EDGE('',*,*,#3167,.F.);
#7019=ORIENTED_EDGE('',*,*,#7018,.F.);
#7020=EDGE_LOOP('',(#7014,#7016,#7017,#7019));
#7021=FACE_OUTER_BOUND('',#7020,.F.);
#7022=ADVANCED_FACE('',(#7021),#7013,.F.);
#7023=CARTESIAN_POINT('',(-1.866E2,1.23E1,1.508754982015E2));
#7024=DIRECTION('',(0.E0,0.E0,1.E0));
#7025=DIRECTION('',(0.E0,-1.E0,0.E0));
#7026=AXIS2_PLACEMENT_3D('',#7023,#7024,#7025);
#7027=CYLINDRICAL_SURFACE('',#7026,2.15E0);
#7028=ORIENTED_EDGE('',*,*,#2824,.F.);
#7030=ORIENTED_EDGE('',*,*,#7029,.T.);
#7031=ORIENTED_EDGE('',*,*,#3169,.F.);
#7032=ORIENTED_EDGE('',*,*,#7015,.T.);
#7033=EDGE_LOOP('',(#7028,#7030,#7031,#7032));
#7034=FACE_OUTER_BOUND('',#7033,.F.);
#7035=ADVANCED_FACE('',(#7034),#7027,.F.);
#7036=CARTESIAN_POINT('',(-1.868E2,1.015E1,1.5175E2));
#7037=DIRECTION('',(0.E0,1.E0,0.E0));
#7038=DIRECTION('',(1.E0,0.E0,0.E0));
#7039=AXIS2_PLACEMENT_3D('',#7036,#7037,#7038);
#7040=PLANE('',#7039);
#7041=ORIENTED_EDGE('',*,*,#2822,.F.);
#7043=ORIENTED_EDGE('',*,*,#7042,.F.);
#7044=ORIENTED_EDGE('',*,*,#3171,.F.);
#7045=ORIENTED_EDGE('',*,*,#7029,.F.);
#7046=EDGE_LOOP('',(#7041,#7043,#7044,#7045));
#7047=FACE_OUTER_BOUND('',#7046,.F.);
#7048=ADVANCED_FACE('',(#7047),#7040,.T.);
#7049=CARTESIAN_POINT('',(-1.87E2,1.23E1,1.508754982015E2));
#7050=DIRECTION('',(0.E0,0.E0,1.E0));
#7051=DIRECTION('',(0.E0,-1.E0,0.E0));
#7052=AXIS2_PLACEMENT_3D('',#7049,#7050,#7051);
#7053=CYLINDRICAL_SURFACE('',#7052,2.15E0);
#7054=ORIENTED_EDGE('',*,*,#2820,.F.);
#7055=ORIENTED_EDGE('',*,*,#7018,.T.);
#7056=ORIENTED_EDGE('',*,*,#3173,.F.);
#7057=ORIENTED_EDGE('',*,*,#7042,.T.);
#7058=EDGE_LOOP('',(#7054,#7055,#7056,#7057));
#7059=FACE_OUTER_BOUND('',#7058,.F.);
#7060=ADVANCED_FACE('',(#7059),#7053,.F.);
#7061=CARTESIAN_POINT('',(-2.131E2,8.4E1,1.508754982015E2));
#7062=DIRECTION('',(0.E0,0.E0,1.E0));
#7063=DIRECTION('',(0.E0,-1.E0,0.E0));
#7064=AXIS2_PLACEMENT_3D('',#7061,#7062,#7063);
#7065=CYLINDRICAL_SURFACE('',#7064,2.15E0);
#7066=ORIENTED_EDGE('',*,*,#2830,.F.);
#7067=ORIENTED_EDGE('',*,*,#2828,.F.);
#7069=ORIENTED_EDGE('',*,*,#7068,.T.);
#7070=ORIENTED_EDGE('',*,*,#3179,.F.);
#7071=ORIENTED_EDGE('',*,*,#3177,.F.);
#7073=ORIENTED_EDGE('',*,*,#7072,.T.);
#7074=EDGE_LOOP('',(#7066,#7067,#7069,#7070,#7071,#7073));
#7075=FACE_OUTER_BOUND('',#7074,.F.);
#7076=ADVANCED_FACE('',(#7075),#7065,.F.);
#7077=CARTESIAN_POINT('',(-2.1095E2,8.38E1,1.5175E2));
#7078=DIRECTION('',(1.E0,0.E0,0.E0));
#7079=DIRECTION('',(0.E0,1.E0,0.E0));
#7080=AXIS2_PLACEMENT_3D('',#7077,#7078,#7079);
#7081=PLANE('',#7080);
#7082=ORIENTED_EDGE('',*,*,#2838,.F.);
#7084=ORIENTED_EDGE('',*,*,#7083,.F.);
#7085=ORIENTED_EDGE('',*,*,#3181,.F.);
#7086=ORIENTED_EDGE('',*,*,#7068,.F.);
#7087=EDGE_LOOP('',(#7082,#7084,#7085,#7086));
#7088=FACE_OUTER_BOUND('',#7087,.F.);
#7089=ADVANCED_FACE('',(#7088),#7081,.F.);
#7090=CARTESIAN_POINT('',(-2.131E2,8.36E1,1.508754982015E2));
#7091=DIRECTION('',(0.E0,0.E0,1.E0));
#7092=DIRECTION('',(0.E0,-1.E0,0.E0));
#7093=AXIS2_PLACEMENT_3D('',#7090,#7091,#7092);
#7094=CYLINDRICAL_SURFACE('',#7093,2.15E0);
#7095=ORIENTED_EDGE('',*,*,#2836,.F.);
#7096=ORIENTED_EDGE('',*,*,#2834,.F.);
#7098=ORIENTED_EDGE('',*,*,#7097,.T.);
#7099=ORIENTED_EDGE('',*,*,#3185,.F.);
#7100=ORIENTED_EDGE('',*,*,#3183,.F.);
#7101=ORIENTED_EDGE('',*,*,#7083,.T.);
#7102=EDGE_LOOP('',(#7095,#7096,#7098,#7099,#7100,#7101));
#7103=FACE_OUTER_BOUND('',#7102,.F.);
#7104=ADVANCED_FACE('',(#7103),#7094,.F.);
#7105=CARTESIAN_POINT('',(-2.1525E2,8.38E1,1.5175E2));
#7106=DIRECTION('',(1.E0,0.E0,0.E0));
#7107=DIRECTION('',(0.E0,-1.E0,0.E0));
#7108=AXIS2_PLACEMENT_3D('',#7105,#7106,#7107);
#7109=PLANE('',#7108);
#7110=ORIENTED_EDGE('',*,*,#2832,.F.);
#7111=ORIENTED_EDGE('',*,*,#7072,.F.);
#7112=ORIENTED_EDGE('',*,*,#3187,.F.);
#7113=ORIENTED_EDGE('',*,*,#7097,.F.);
#7114=EDGE_LOOP('',(#7110,#7111,#7112,#7113));
#7115=FACE_OUTER_BOUND('',#7114,.F.);
#7116=ADVANCED_FACE('',(#7115),#7109,.T.);
#7117=CARTESIAN_POINT('',(-2.131E2,1.23E1,1.508754982015E2));
#7118=DIRECTION('',(0.E0,0.E0,1.E0));
#7119=DIRECTION('',(0.E0,-1.E0,0.E0));
#7120=AXIS2_PLACEMENT_3D('',#7117,#7118,#7119);
#7121=CYLINDRICAL_SURFACE('',#7120,2.E0);
#7122=ORIENTED_EDGE('',*,*,#3191,.F.);
#7124=ORIENTED_EDGE('',*,*,#7123,.F.);
#7125=ORIENTED_EDGE('',*,*,#2842,.F.);
#7127=ORIENTED_EDGE('',*,*,#7126,.F.);
#7128=EDGE_LOOP('',(#7122,#7124,#7125,#7127));
#7129=FACE_OUTER_BOUND('',#7128,.F.);
#7130=ADVANCED_FACE('',(#7129),#7121,.F.);
#7131=CARTESIAN_POINT('',(-2.131E2,1.23E1,1.508754982015E2));
#7132=DIRECTION('',(0.E0,0.E0,1.E0));
#7133=DIRECTION('',(0.E0,-1.E0,0.E0));
#7134=AXIS2_PLACEMENT_3D('',#7131,#7132,#7133);
#7135=CYLINDRICAL_SURFACE('',#7134,2.E0);
#7136=ORIENTED_EDGE('',*,*,#3193,.F.);
#7137=ORIENTED_EDGE('',*,*,#7126,.T.);
#7138=ORIENTED_EDGE('',*,*,#2844,.F.);
#7139=ORIENTED_EDGE('',*,*,#7123,.T.);
#7140=EDGE_LOOP('',(#7136,#7137,#7138,#7139));
#7141=FACE_OUTER_BOUND('',#7140,.F.);
#7142=ADVANCED_FACE('',(#7141),#7135,.F.);
#7146=DIMENSIONAL_EXPONENTS(0.E0,0.E0,0.E0,0.E0,0.E0,0.E0,0.E0);
#7148=PLANE_ANGLE_MEASURE_WITH_UNIT(PLANE_ANGLE_MEASURE(1.745329251994E-2),
#7147);
#7149=(CONVERSION_BASED_UNIT('DEGREE',#7148)NAMED_UNIT(*)PLANE_ANGLE_UNIT());
#7151=UNCERTAINTY_MEASURE_WITH_UNIT(LENGTH_MEASURE(1.037473486851E-2),#7145,
'closure',
'Maximum model space distance between geometric entities at asserted connectivities');
#7152=(GEOMETRIC_REPRESENTATION_CONTEXT(3)GLOBAL_UNCERTAINTY_ASSIGNED_CONTEXT((
#7151))GLOBAL_UNIT_ASSIGNED_CONTEXT((#7145,#7149,#7150))REPRESENTATION_CONTEXT(
'ID1','3'));
#7154=APPLICATION_CONTEXT(
'CONFIGURATION CONTROLLED 3D DESIGNS OF MECHANICAL PARTS AND ASSEMBLIES');
#7155=APPLICATION_PROTOCOL_DEFINITION('international standard',
'config_control_design',1994,#7154);
#7156=DESIGN_CONTEXT('',#7154,'design');
#7157=MECHANICAL_CONTEXT('',#7154,'mechanical');
#7158=PRODUCT('PRT0004','PRT0004','NOT SPECIFIED',(#7157));
#7159=PRODUCT_DEFINITION_FORMATION_WITH_SPECIFIED_SOURCE('1','LAST_VERSION',
#7158,.MADE.);
#7163=PRODUCT_CATEGORY('part','');
#7164=PRODUCT_RELATED_PRODUCT_CATEGORY('detail','',(#7158));
#7165=PRODUCT_CATEGORY_RELATIONSHIP('','',#7163,#7164);
#7166=SECURITY_CLASSIFICATION_LEVEL('unclassified');
#7167=SECURITY_CLASSIFICATION('','',#7166);
#7168=CC_DESIGN_SECURITY_CLASSIFICATION(#7167,(#7159));
#7169=APPROVAL_STATUS('approved');
#7170=APPROVAL(#7169,'');
#7171=CC_DESIGN_APPROVAL(#7170,(#7167,#7159,#7160));
#7172=CALENDAR_DATE(126,6,7);
#7173=COORDINATED_UNIVERSAL_TIME_OFFSET(8,0,.AHEAD.);
#7174=LOCAL_TIME(12,7,1.8E1,#7173);
#7175=DATE_AND_TIME(#7172,#7174);
#7176=APPROVAL_DATE_TIME(#7175,#7170);
#7177=DATE_TIME_ROLE('creation_date');
#7178=CC_DESIGN_DATE_AND_TIME_ASSIGNMENT(#7175,#7177,(#7160));
#7179=DATE_TIME_ROLE('classification_date');
#7180=CC_DESIGN_DATE_AND_TIME_ASSIGNMENT(#7175,#7179,(#7167));
#7181=PERSON('UNSPECIFIED','UNSPECIFIED',$,$,$,$);
#7182=ORGANIZATION('UNSPECIFIED','UNSPECIFIED','UNSPECIFIED');
#7183=PERSON_AND_ORGANIZATION(#7181,#7182);
#7184=APPROVAL_ROLE('approver');
#7185=APPROVAL_PERSON_ORGANIZATION(#7183,#7170,#7184);
#7186=PERSON_AND_ORGANIZATION_ROLE('creator');
#7187=CC_DESIGN_PERSON_AND_ORGANIZATION_ASSIGNMENT(#7183,#7186,(#7159,#7160));
#7188=PERSON_AND_ORGANIZATION_ROLE('design_supplier');
#7189=CC_DESIGN_PERSON_AND_ORGANIZATION_ASSIGNMENT(#7183,#7188,(#7159));
#7190=PERSON_AND_ORGANIZATION_ROLE('classification_officer');
#7191=CC_DESIGN_PERSON_AND_ORGANIZATION_ASSIGNMENT(#7183,#7190,(#7167));
#7192=PERSON_AND_ORGANIZATION_ROLE('design_owner');
#7193=CC_DESIGN_PERSON_AND_ORGANIZATION_ASSIGNMENT(#7183,#7192,(#7158));
#5=CIRCLE('',#4,1.2E0);
#10=CIRCLE('',#9,1.000000000003E0);
#15=CIRCLE('',#14,2.E0);
#20=CIRCLE('',#19,2.E0);
#25=CIRCLE('',#24,1.000000000003E0);
#30=CIRCLE('',#29,2.E0);
#35=CIRCLE('',#34,2.E0);
#40=CIRCLE('',#39,5.5E0);
#45=CIRCLE('',#44,1.999999999994E0);
#58=CIRCLE('',#57,1.000000000003E0);
#63=CIRCLE('',#62,2.E0);
#68=CIRCLE('',#67,2.E0);
#73=CIRCLE('',#72,1.000000000003E0);
#88=B_SPLINE_CURVE_WITH_KNOTS('',3,(#82,#83,#84,#85,#86,#87),.UNSPECIFIED.,.F.,
.F.,(4,1,1,4),(0.E0,3.333333333333E-1,6.666666666667E-1,1.E0),.UNSPECIFIED.);
#95=B_SPLINE_CURVE_WITH_KNOTS('',3,(#89,#90,#91,#92,#93,#94),.UNSPECIFIED.,.F.,
.F.,(4,1,1,4),(0.E0,3.333333333333E-1,6.666666666667E-1,1.E0),.UNSPECIFIED.);
#102=B_SPLINE_CURVE_WITH_KNOTS('',3,(#96,#97,#98,#99,#100,#101),.UNSPECIFIED.,
.F.,.F.,(4,1,1,4),(0.E0,3.333333333333E-1,6.666666666667E-1,1.E0),
.UNSPECIFIED.);
#114=B_SPLINE_CURVE_WITH_KNOTS('',3,(#103,#104,#105,#106,#107,#108,#109,#110,
#111,#112,#113),.UNSPECIFIED.,.F.,.F.,(4,1,1,1,1,1,1,1,4),(0.E0,1.25E-1,2.5E-1,
3.75E-1,5.E-1,6.25E-1,7.5E-1,8.75E-1,1.E0),.UNSPECIFIED.);
#121=B_SPLINE_CURVE_WITH_KNOTS('',3,(#115,#116,#117,#118,#119,#120),
.UNSPECIFIED.,.F.,.F.,(4,1,1,4),(0.E0,3.333333333333E-1,6.666666666667E-1,1.E0),
.UNSPECIFIED.);
#135=B_SPLINE_CURVE_WITH_KNOTS('',3,(#122,#123,#124,#125,#126,#127,#128,#129,
#130,#131,#132,#133,#134),.UNSPECIFIED.,.F.,.F.,(4,1,1,1,1,1,1,1,1,1,4),(0.E0,
1.E-1,2.E-1,3.E-1,4.E-1,5.E-1,6.E-1,7.E-1,8.E-1,9.E-1,1.E0),.UNSPECIFIED.);
#142=B_SPLINE_CURVE_WITH_KNOTS('',3,(#136,#137,#138,#139,#140,#141),
.UNSPECIFIED.,.F.,.F.,(4,1,1,4),(0.E0,3.333333333333E-1,6.666666666667E-1,1.E0),
.UNSPECIFIED.);
#156=B_SPLINE_CURVE_WITH_KNOTS('',3,(#143,#144,#145,#146,#147,#148,#149,#150,
#151,#152,#153,#154,#155),.UNSPECIFIED.,.F.,.F.,(4,1,1,1,1,1,1,1,1,1,4),(0.E0,
1.E-1,2.E-1,3.E-1,4.E-1,5.E-1,6.E-1,7.E-1,8.E-1,9.E-1,1.E0),.UNSPECIFIED.);
#163=B_SPLINE_CURVE_WITH_KNOTS('',3,(#157,#158,#159,#160,#161,#162),
.UNSPECIFIED.,.F.,.F.,(4,1,1,4),(0.E0,3.333333333333E-1,6.666666666667E-1,1.E0),
.UNSPECIFIED.);
#176=B_SPLINE_CURVE_WITH_KNOTS('',3,(#164,#165,#166,#167,#168,#169,#170,#171,
#172,#173,#174,#175),.UNSPECIFIED.,.F.,.F.,(4,1,1,1,1,1,1,1,1,4),(0.E0,
1.111111111111E-1,2.222222222222E-1,3.333333333333E-1,4.444444444444E-1,
5.555555555556E-1,6.666666666667E-1,7.777777777778E-1,8.888888888889E-1,1.E0),
.UNSPECIFIED.);
#185=CIRCLE('',#184,2.15E0);
#194=CIRCLE('',#193,2.15E0);
#199=CIRCLE('',#198,2.15E0);
#204=CIRCLE('',#203,2.15E0);
#213=CIRCLE('',#212,2.15E0);
#218=CIRCLE('',#217,2.15E0);
#227=CIRCLE('',#226,2.E0);
#232=CIRCLE('',#231,2.E0);
#257=CIRCLE('',#256,1.2E0);
#270=CIRCLE('',#269,1.E0);
#275=CIRCLE('',#274,1.E0);
#280=CIRCLE('',#279,1.E0);
#285=CIRCLE('',#284,1.E0);
#290=CIRCLE('',#289,1.000000000003E0);
#295=CIRCLE('',#294,2.E0);
#300=CIRCLE('',#299,2.E0);
#305=CIRCLE('',#304,1.000000000003E0);
#322=CIRCLE('',#321,1.2E0);
#371=CIRCLE('',#370,1.2E0);
#388=CIRCLE('',#387,1.E0);
#393=CIRCLE('',#392,1.E0);
#398=CIRCLE('',#397,1.E0);
#403=CIRCLE('',#402,1.E0);
#408=CIRCLE('',#407,1.2E0);
#417=CIRCLE('',#416,1.E0);
#422=CIRCLE('',#421,1.E0);
#427=CIRCLE('',#426,1.E0);
#432=CIRCLE('',#431,1.E0);
#445=CIRCLE('',#444,1.999999999994E0);
#450=CIRCLE('',#449,5.5E0);
#455=CIRCLE('',#454,2.E0);
#460=CIRCLE('',#459,2.E0);
#467=B_SPLINE_CURVE_WITH_KNOTS('',3,(#461,#462,#463,#464,#465,#466),
.UNSPECIFIED.,.F.,.F.,(4,1,1,4),(0.E0,3.333333333333E-1,6.666666666667E-1,1.E0),
.UNSPECIFIED.);
#480=B_SPLINE_CURVE_WITH_KNOTS('',3,(#468,#469,#470,#471,#472,#473,#474,#475,
#476,#477,#478,#479),.UNSPECIFIED.,.F.,.F.,(4,1,1,1,1,1,1,1,1,4),(0.E0,
1.111111111111E-1,2.222222222222E-1,3.333333333333E-1,4.444444444444E-1,
5.555555555556E-1,6.666666666667E-1,7.777777777778E-1,8.888888888889E-1,1.E0),
.UNSPECIFIED.);
#487=B_SPLINE_CURVE_WITH_KNOTS('',3,(#481,#482,#483,#484,#485,#486),
.UNSPECIFIED.,.F.,.F.,(4,1,1,4),(0.E0,3.333333333333E-1,6.666666666667E-1,1.E0),
.UNSPECIFIED.);
#500=B_SPLINE_CURVE_WITH_KNOTS('',3,(#488,#489,#490,#491,#492,#493,#494,#495,
#496,#497,#498,#499),.UNSPECIFIED.,.F.,.F.,(4,1,1,1,1,1,1,1,1,4),(0.E0,
1.111111111111E-1,2.222222222222E-1,3.333333333333E-1,4.444444444444E-1,
5.555555555556E-1,6.666666666667E-1,7.777777777778E-1,8.888888888889E-1,1.E0),
.UNSPECIFIED.);
#507=B_SPLINE_CURVE_WITH_KNOTS('',3,(#501,#502,#503,#504,#505,#506),
.UNSPECIFIED.,.F.,.F.,(4,1,1,4),(0.E0,3.333333333333E-1,6.666666666667E-1,1.E0),
.UNSPECIFIED.);
#516=B_SPLINE_CURVE_WITH_KNOTS('',3,(#508,#509,#510,#511,#512,#513,#514,#515),
.UNSPECIFIED.,.F.,.F.,(4,1,1,1,1,4),(0.E0,2.E-1,4.E-1,6.E-1,8.E-1,1.E0),
.UNSPECIFIED.);
#526=B_SPLINE_CURVE_WITH_KNOTS('',3,(#517,#518,#519,#520,#521,#522,#523,#524,
#525),.UNSPECIFIED.,.F.,.F.,(4,1,1,1,1,1,4),(0.E0,1.666666666667E-1,
3.333333333333E-1,5.E-1,6.666666666667E-1,8.333333333333E-1,1.E0),
.UNSPECIFIED.);
#540=B_SPLINE_CURVE_WITH_KNOTS('',3,(#527,#528,#529,#530,#531,#532,#533,#534,
#535,#536,#537,#538,#539),.UNSPECIFIED.,.F.,.F.,(4,1,1,1,1,1,1,1,1,1,4),(0.E0,
1.E-1,2.E-1,3.E-1,4.E-1,5.E-1,6.E-1,7.E-1,8.E-1,9.E-1,1.E0),.UNSPECIFIED.);
#549=CIRCLE('',#548,2.15E0);
#558=CIRCLE('',#557,2.15E0);
#563=CIRCLE('',#562,2.15E0);
#568=CIRCLE('',#567,2.15E0);
#577=CIRCLE('',#576,2.15E0);
#582=CIRCLE('',#581,2.15E0);
#591=CIRCLE('',#590,2.E0);
#596=CIRCLE('',#595,2.E0);
#617=CIRCLE('',#616,1.2E0);
#626=CIRCLE('',#625,1.000000000003E0);
#631=CIRCLE('',#630,2.E0);
#636=CIRCLE('',#635,2.E0);
#641=CIRCLE('',#640,1.000000000003E0);
#646=CIRCLE('',#645,1.E0);
#651=CIRCLE('',#650,1.E0);
#656=CIRCLE('',#655,1.E0);
#661=CIRCLE('',#660,1.E0);
#670=CIRCLE('',#669,1.2E0);
#719=CIRCLE('',#718,1.2E0);
#752=CIRCLE('',#751,1.2E0);
#861=CIRCLE('',#860,1.2E0);
#884=B_SPLINE_CURVE_WITH_KNOTS('',3,(#878,#879,#880,#881,#882,#883),
.UNSPECIFIED.,.F.,.F.,(4,1,1,4),(0.E0,3.333333333333E-1,6.666666666667E-1,1.E0),
.UNSPECIFIED.);
#896=B_SPLINE_CURVE_WITH_KNOTS('',3,(#885,#886,#887,#888,#889,#890,#891,#892,
#893,#894,#895),.UNSPECIFIED.,.F.,.F.,(4,1,1,1,1,1,1,1,4),(0.E0,1.25E-1,2.5E-1,
3.75E-1,5.E-1,6.25E-1,7.5E-1,8.75E-1,1.E0),.UNSPECIFIED.);
#903=B_SPLINE_CURVE_WITH_KNOTS('',3,(#897,#898,#899,#900,#901,#902),
.UNSPECIFIED.,.F.,.F.,(4,1,1,4),(0.E0,3.333333333333E-1,6.666666666667E-1,1.E0),
.UNSPECIFIED.);
#910=B_SPLINE_CURVE_WITH_KNOTS('',3,(#904,#905,#906,#907,#908,#909),
.UNSPECIFIED.,.F.,.F.,(4,1,1,4),(0.E0,3.333333333333E-1,6.666666666667E-1,1.E0),
.UNSPECIFIED.);
#922=B_SPLINE_CURVE_WITH_KNOTS('',3,(#911,#912,#913,#914,#915,#916,#917,#918,
#919,#920,#921),.UNSPECIFIED.,.F.,.F.,(4,1,1,1,1,1,1,1,4),(0.E0,1.25E-1,2.5E-1,
3.75E-1,5.E-1,6.25E-1,7.5E-1,8.75E-1,1.E0),.UNSPECIFIED.);
#936=B_SPLINE_CURVE_WITH_KNOTS('',3,(#923,#924,#925,#926,#927,#928,#929,#930,
#931,#932,#933,#934,#935),.UNSPECIFIED.,.F.,.F.,(4,1,1,1,1,1,1,1,1,1,4),(0.E0,
1.E-1,2.E-1,3.E-1,4.E-1,5.E-1,6.E-1,7.E-1,8.E-1,9.E-1,1.E0),.UNSPECIFIED.);
#946=B_SPLINE_CURVE_WITH_KNOTS('',3,(#937,#938,#939,#940,#941,#942,#943,#944,
#945),.UNSPECIFIED.,.F.,.F.,(4,1,1,1,1,1,4),(0.E0,1.666666666667E-1,
3.333333333333E-1,5.E-1,6.666666666667E-1,8.333333333333E-1,1.E0),
.UNSPECIFIED.);
#964=B_SPLINE_CURVE_WITH_KNOTS('',3,(#947,#948,#949,#950,#951,#952,#953,#954,
#955,#956,#957,#958,#959,#960,#961,#962,#963),.UNSPECIFIED.,.F.,.F.,(4,1,1,1,1,
1,1,1,1,1,1,1,1,1,4),(0.E0,7.142857142857E-2,1.428571428571E-1,
2.142857142857E-1,2.857142857143E-1,3.571428571429E-1,4.285714285714E-1,5.E-1,
5.714285714286E-1,6.428571428571E-1,7.142857142857E-1,7.857142857143E-1,
8.571428571429E-1,9.285714285714E-1,1.E0),.UNSPECIFIED.);
#985=B_SPLINE_CURVE_WITH_KNOTS('',3,(#977,#978,#979,#980,#981,#982,#983,#984),
.UNSPECIFIED.,.F.,.F.,(4,1,1,1,1,4),(0.E0,2.E-1,4.E-1,6.E-1,8.E-1,1.E0),
.UNSPECIFIED.);
#999=B_SPLINE_CURVE_WITH_KNOTS('',3,(#986,#987,#988,#989,#990,#991,#992,#993,
#994,#995,#996,#997,#998),.UNSPECIFIED.,.F.,.F.,(4,1,1,1,1,1,1,1,1,1,4),(0.E0,
1.E-1,2.E-1,3.E-1,4.E-1,5.E-1,6.E-1,7.E-1,8.E-1,9.E-1,1.E0),.UNSPECIFIED.);
#1013=B_SPLINE_CURVE_WITH_KNOTS('',3,(#1004,#1005,#1006,#1007,#1008,#1009,#1010,
#1011,#1012),.UNSPECIFIED.,.F.,.F.,(4,1,1,1,1,1,4),(0.E0,1.666666666667E-1,
3.333333333333E-1,5.E-1,6.666666666667E-1,8.333333333333E-1,1.E0),
.UNSPECIFIED.);
#1028=B_SPLINE_CURVE_WITH_KNOTS('',3,(#1022,#1023,#1024,#1025,#1026,#1027),
.UNSPECIFIED.,.F.,.F.,(4,1,1,4),(0.E0,3.333333333333E-1,6.666666666667E-1,1.E0),
.UNSPECIFIED.);
#1039=B_SPLINE_CURVE_WITH_KNOTS('',3,(#1033,#1034,#1035,#1036,#1037,#1038),
.UNSPECIFIED.,.F.,.F.,(4,1,1,4),(0.E0,3.333333333333E-1,6.666666666667E-1,1.E0),
.UNSPECIFIED.);
#1046=B_SPLINE_CURVE_WITH_KNOTS('',3,(#1040,#1041,#1042,#1043,#1044,#1045),
.UNSPECIFIED.,.F.,.F.,(4,1,1,4),(0.E0,3.333333333333E-1,6.666666666667E-1,1.E0),
.UNSPECIFIED.);
#1053=B_SPLINE_CURVE_WITH_KNOTS('',3,(#1047,#1048,#1049,#1050,#1051,#1052),
.UNSPECIFIED.,.F.,.F.,(4,1,1,4),(0.E0,3.333333333333E-1,6.666666666667E-1,1.E0),
.UNSPECIFIED.);
#1060=B_SPLINE_CURVE_WITH_KNOTS('',3,(#1054,#1055,#1056,#1057,#1058,#1059),
.UNSPECIFIED.,.F.,.F.,(4,1,1,4),(0.E0,3.333333333333E-1,6.666666666667E-1,1.E0),
.UNSPECIFIED.);
#1067=B_SPLINE_CURVE_WITH_KNOTS('',3,(#1061,#1062,#1063,#1064,#1065,#1066),
.UNSPECIFIED.,.F.,.F.,(4,1,1,4),(0.E0,3.333333333333E-1,6.666666666667E-1,1.E0),
.UNSPECIFIED.);
#1074=B_SPLINE_CURVE_WITH_KNOTS('',3,(#1068,#1069,#1070,#1071,#1072,#1073),
.UNSPECIFIED.,.F.,.F.,(4,1,1,4),(0.E0,3.333333333333E-1,6.666666666667E-1,1.E0),
.UNSPECIFIED.);
#1081=B_SPLINE_CURVE_WITH_KNOTS('',3,(#1075,#1076,#1077,#1078,#1079,#1080),
.UNSPECIFIED.,.F.,.F.,(4,1,1,4),(0.E0,3.333333333333E-1,6.666666666667E-1,1.E0),
.UNSPECIFIED.);
#1089=B_SPLINE_CURVE_WITH_KNOTS('',3,(#1082,#1083,#1084,#1085,#1086,#1087,
#1088),.UNSPECIFIED.,.F.,.F.,(4,1,1,1,4),(0.E0,2.5E-1,5.E-1,7.5E-1,1.E0),
.UNSPECIFIED.);
#1100=B_SPLINE_CURVE_WITH_KNOTS('',3,(#1094,#1095,#1096,#1097,#1098,#1099),
.UNSPECIFIED.,.F.,.F.,(4,1,1,4),(0.E0,3.333333333333E-1,6.666666666667E-1,1.E0),
.UNSPECIFIED.);
#1113=B_SPLINE_CURVE_WITH_KNOTS('',3,(#1101,#1102,#1103,#1104,#1105,#1106,#1107,
#1108,#1109,#1110,#1111,#1112),.UNSPECIFIED.,.F.,.F.,(4,1,1,1,1,1,1,1,1,4),
(0.E0,1.111111111111E-1,2.222222222222E-1,3.333333333333E-1,4.444444444444E-1,
5.555555555556E-1,6.666666666667E-1,7.777777777778E-1,8.888888888889E-1,1.E0),
.UNSPECIFIED.);
#1136=B_SPLINE_CURVE_WITH_KNOTS('',3,(#1130,#1131,#1132,#1133,#1134,#1135),
.UNSPECIFIED.,.F.,.F.,(4,1,1,4),(0.E0,3.333333333333E-1,6.666666666667E-1,1.E0),
.UNSPECIFIED.);
#1147=B_SPLINE_CURVE_WITH_KNOTS('',3,(#1141,#1142,#1143,#1144,#1145,#1146),
.UNSPECIFIED.,.F.,.F.,(4,1,1,4),(0.E0,3.333333333333E-1,6.666666666667E-1,1.E0),
.UNSPECIFIED.);
#1317=B_SPLINE_CURVE_WITH_KNOTS('',3,(#1148,#1149,#1150,#1151,#1152,#1153,#1154,
#1155,#1156,#1157,#1158,#1159,#1160,#1161,#1162,#1163,#1164,#1165,#1166,#1167,
#1168,#1169,#1170,#1171,#1172,#1173,#1174,#1175,#1176,#1177,#1178,#1179,#1180,
#1181,#1182,#1183,#1184,#1185,#1186,#1187,#1188,#1189,#1190,#1191,#1192,#1193,
#1194,#1195,#1196,#1197,#1198,#1199,#1200,#1201,#1202,#1203,#1204,#1205,#1206,
#1207,#1208,#1209,#1210,#1211,#1212,#1213,#1214,#1215,#1216,#1217,#1218,#1219,
#1220,#1221,#1222,#1223,#1224,#1225,#1226,#1227,#1228,#1229,#1230,#1231,#1232,
#1233,#1234,#1235,#1236,#1237,#1238,#1239,#1240,#1241,#1242,#1243,#1244,#1245,
#1246,#1247,#1248,#1249,#1250,#1251,#1252,#1253,#1254,#1255,#1256,#1257,#1258,
#1259,#1260,#1261,#1262,#1263,#1264,#1265,#1266,#1267,#1268,#1269,#1270,#1271,
#1272,#1273,#1274,#1275,#1276,#1277,#1278,#1279,#1280,#1281,#1282,#1283,#1284,
#1285,#1286,#1287,#1288,#1289,#1290,#1291,#1292,#1293,#1294,#1295,#1296,#1297,
#1298,#1299,#1300,#1301,#1302,#1303,#1304,#1305,#1306,#1307,#1308,#1309,#1310,
#1311,#1312,#1313,#1314,#1315,#1316),.UNSPECIFIED.,.F.,.F.,(4,1,1,1,1,1,1,1,1,1,
1,1,1,1,1,1,1,1,1,1,1,1,1,1,1,1,1,1,1,1,1,1,1,1,1,1,1,1,1,1,1,1,1,1,1,1,1,1,1,1,
1,1,1,1,1,1,1,1,1,1,1,1,1,1,1,1,1,1,1,1,1,1,1,1,1,1,1,1,1,1,1,1,1,1,1,1,1,1,1,1,
1,1,1,1,1,1,1,1,1,1,1,1,1,1,1,1,1,1,1,1,1,1,1,1,1,1,1,1,1,1,1,1,1,1,1,1,1,1,1,1,
1,1,1,1,1,1,1,1,1,1,1,1,1,1,1,1,1,1,1,1,1,1,1,1,1,1,1,1,1,1,1,1,1,1,1,1,4),
(0.E0,6.024096385542E-3,1.204819277108E-2,1.807228915663E-2,2.409638554217E-2,
3.012048192771E-2,3.614457831325E-2,4.216867469880E-2,4.819277108434E-2,
5.421686746988E-2,6.024096385542E-2,6.626506024096E-2,7.228915662651E-2,
7.831325301205E-2,8.433734939759E-2,9.036144578313E-2,9.638554216867E-2,
1.024096385542E-1,1.084337349398E-1,1.144578313253E-1,1.204819277108E-1,
1.265060240964E-1,1.325301204819E-1,1.385542168675E-1,1.445783132530E-1,
1.506024096386E-1,1.566265060241E-1,1.626506024096E-1,1.686746987952E-1,
1.746987951807E-1,1.807228915663E-1,1.867469879518E-1,1.927710843373E-1,
1.987951807229E-1,2.048192771084E-1,2.108433734940E-1,2.168674698795E-1,
2.228915662651E-1,2.289156626506E-1,2.349397590361E-1,2.409638554217E-1,
2.469879518072E-1,2.530120481928E-1,2.590361445783E-1,2.650602409639E-1,
2.710843373494E-1,2.771084337349E-1,2.831325301205E-1,2.891566265060E-1,
2.951807228916E-1,3.012048192771E-1,3.072289156627E-1,3.132530120482E-1,
3.192771084337E-1,3.253012048193E-1,3.313253012048E-1,3.373493975904E-1,
3.433734939759E-1,3.493975903614E-1,3.554216867470E-1,3.614457831325E-1,
3.674698795181E-1,3.734939759036E-1,3.795180722892E-1,3.855421686747E-1,
3.915662650602E-1,3.975903614458E-1,4.036144578313E-1,4.096385542169E-1,
4.156626506024E-1,4.216867469880E-1,4.277108433735E-1,4.337349397590E-1,
4.397590361446E-1,4.457831325301E-1,4.518072289157E-1,4.578313253012E-1,
4.638554216867E-1,4.698795180723E-1,4.759036144578E-1,4.819277108434E-1,
4.879518072289E-1,4.939759036145E-1,5.E-1,5.060240963855E-1,5.120481927711E-1,
5.180722891566E-1,5.240963855422E-1,5.301204819277E-1,5.361445783133E-1,
5.421686746988E-1,5.481927710843E-1,5.542168674699E-1,5.602409638554E-1,
5.662650602410E-1,5.722891566265E-1,5.783132530120E-1,5.843373493976E-1,
5.903614457831E-1,5.963855421687E-1,6.024096385542E-1,6.084337349398E-1,
6.144578313253E-1,6.204819277108E-1,6.265060240964E-1,6.325301204819E-1,
6.385542168675E-1,6.445783132530E-1,6.506024096386E-1,6.566265060241E-1,
6.626506024096E-1,6.686746987952E-1,6.746987951807E-1,6.807228915663E-1,
6.867469879518E-1,6.927710843373E-1,6.987951807229E-1,7.048192771084E-1,
7.108433734940E-1,7.168674698795E-1,7.228915662651E-1,7.289156626506E-1,
7.349397590361E-1,7.409638554217E-1,7.469879518072E-1,7.530120481928E-1,
7.590361445783E-1,7.650602409639E-1,7.710843373494E-1,7.771084337349E-1,
7.831325301205E-1,7.891566265060E-1,7.951807228916E-1,8.012048192771E-1,
8.072289156627E-1,8.132530120482E-1,8.192771084337E-1,8.253012048193E-1,
8.313253012048E-1,8.373493975904E-1,8.433734939759E-1,8.493975903614E-1,
8.554216867470E-1,8.614457831325E-1,8.674698795181E-1,8.734939759036E-1,
8.795180722892E-1,8.855421686747E-1,8.915662650602E-1,8.975903614458E-1,
9.036144578313E-1,9.096385542169E-1,9.156626506024E-1,9.216867469880E-1,
9.277108433735E-1,9.337349397590E-1,9.397590361446E-1,9.457831325301E-1,
9.518072289157E-1,9.578313253012E-1,9.638554216867E-1,9.698795180723E-1,
9.759036144578E-1,9.819277108434E-1,9.879518072289E-1,9.939759036145E-1,1.E0),
.UNSPECIFIED.);
#1373=B_SPLINE_CURVE_WITH_KNOTS('',3,(#1318,#1319,#1320,#1321,#1322,#1323,#1324,
#1325,#1326,#1327,#1328,#1329,#1330,#1331,#1332,#1333,#1334,#1335,#1336,#1337,
#1338,#1339,#1340,#1341,#1342,#1343,#1344,#1345,#1346,#1347,#1348,#1349,#1350,
#1351,#1352,#1353,#1354,#1355,#1356,#1357,#1358,#1359,#1360,#1361,#1362,#1363,
#1364,#1365,#1366,#1367,#1368,#1369,#1370,#1371,#1372),.UNSPECIFIED.,.F.,.F.,(4,
1,1,1,1,1,1,1,1,1,1,1,1,1,1,1,1,1,1,1,1,1,1,1,1,1,1,1,1,1,1,1,1,1,1,1,1,1,1,1,1,
1,1,1,1,1,1,1,1,1,1,1,4),(0.E0,1.923076923077E-2,3.846153846154E-2,
5.769230769231E-2,7.692307692308E-2,9.615384615385E-2,1.153846153846E-1,
1.346153846154E-1,1.538461538462E-1,1.730769230769E-1,1.923076923077E-1,
2.115384615385E-1,2.307692307692E-1,2.5E-1,2.692307692308E-1,2.884615384615E-1,
3.076923076923E-1,3.269230769231E-1,3.461538461538E-1,3.653846153846E-1,
3.846153846154E-1,4.038461538462E-1,4.230769230769E-1,4.423076923077E-1,
4.615384615385E-1,4.807692307692E-1,5.E-1,5.192307692308E-1,5.384615384615E-1,
5.576923076923E-1,5.769230769231E-1,5.961538461538E-1,6.153846153846E-1,
6.346153846154E-1,6.538461538462E-1,6.730769230769E-1,6.923076923077E-1,
7.115384615385E-1,7.307692307692E-1,7.5E-1,7.692307692308E-1,7.884615384615E-1,
8.076923076923E-1,8.269230769231E-1,8.461538461538E-1,8.653846153846E-1,
8.846153846154E-1,9.038461538462E-1,9.230769230769E-1,9.423076923077E-1,
9.615384615385E-1,9.807692307692E-1,1.E0),.UNSPECIFIED.);
#1392=B_SPLINE_CURVE_WITH_KNOTS('',3,(#1374,#1375,#1376,#1377,#1378,#1379,#1380,
#1381,#1382,#1383,#1384,#1385,#1386,#1387,#1388,#1389,#1390,#1391),
.UNSPECIFIED.,.F.,.F.,(4,1,1,1,1,1,1,1,1,1,1,1,1,1,1,4),(0.E0,6.666666666667E-2,
1.333333333333E-1,2.E-1,2.666666666667E-1,3.333333333333E-1,4.E-1,
4.666666666667E-1,5.333333333333E-1,6.E-1,6.666666666667E-1,7.333333333333E-1,
8.E-1,8.666666666667E-1,9.333333333333E-1,1.E0),.UNSPECIFIED.);
#1399=B_SPLINE_CURVE_WITH_KNOTS('',3,(#1393,#1394,#1395,#1396,#1397,#1398),
.UNSPECIFIED.,.F.,.F.,(4,1,1,4),(0.E0,3.333333333333E-1,6.666666666667E-1,1.E0),
.UNSPECIFIED.);
#1406=B_SPLINE_CURVE_WITH_KNOTS('',3,(#1400,#1401,#1402,#1403,#1404,#1405),
.UNSPECIFIED.,.F.,.F.,(4,1,1,4),(0.E0,3.333333333333E-1,6.666666666667E-1,1.E0),
.UNSPECIFIED.);
#1413=B_SPLINE_CURVE_WITH_KNOTS('',3,(#1407,#1408,#1409,#1410,#1411,#1412),
.UNSPECIFIED.,.F.,.F.,(4,1,1,4),(0.E0,3.333333333333E-1,6.666666666667E-1,1.E0),
.UNSPECIFIED.);
#1420=B_SPLINE_CURVE_WITH_KNOTS('',3,(#1414,#1415,#1416,#1417,#1418,#1419),
.UNSPECIFIED.,.F.,.F.,(4,1,1,4),(0.E0,3.333333333333E-1,6.666666666667E-1,1.E0),
.UNSPECIFIED.);
#1427=B_SPLINE_CURVE_WITH_KNOTS('',3,(#1421,#1422,#1423,#1424,#1425,#1426),
.UNSPECIFIED.,.F.,.F.,(4,1,1,4),(0.E0,3.333333333333E-1,6.666666666667E-1,1.E0),
.UNSPECIFIED.);
#1434=B_SPLINE_CURVE_WITH_KNOTS('',3,(#1428,#1429,#1430,#1431,#1432,#1433),
.UNSPECIFIED.,.F.,.F.,(4,1,1,4),(0.E0,3.333333333333E-1,6.666666666667E-1,1.E0),
.UNSPECIFIED.);
#1442=B_SPLINE_CURVE_WITH_KNOTS('',3,(#1435,#1436,#1437,#1438,#1439,#1440,
#1441),.UNSPECIFIED.,.F.,.F.,(4,1,1,1,4),(0.E0,2.5E-1,5.E-1,7.5E-1,1.E0),
.UNSPECIFIED.);
#1449=B_SPLINE_CURVE_WITH_KNOTS('',3,(#1443,#1444,#1445,#1446,#1447,#1448),
.UNSPECIFIED.,.F.,.F.,(4,1,1,4),(0.E0,3.333333333333E-1,6.666666666667E-1,1.E0),
.UNSPECIFIED.);
#1456=B_SPLINE_CURVE_WITH_KNOTS('',3,(#1450,#1451,#1452,#1453,#1454,#1455),
.UNSPECIFIED.,.F.,.F.,(4,1,1,4),(0.E0,3.333333333333E-1,6.666666666667E-1,1.E0),
.UNSPECIFIED.);
#1463=B_SPLINE_CURVE_WITH_KNOTS('',3,(#1457,#1458,#1459,#1460,#1461,#1462),
.UNSPECIFIED.,.F.,.F.,(4,1,1,4),(0.E0,3.333333333333E-1,6.666666666667E-1,1.E0),
.UNSPECIFIED.);
#1556=B_SPLINE_CURVE_WITH_KNOTS('',3,(#1464,#1465,#1466,#1467,#1468,#1469,#1470,
#1471,#1472,#1473,#1474,#1475,#1476,#1477,#1478,#1479,#1480,#1481,#1482,#1483,
#1484,#1485,#1486,#1487,#1488,#1489,#1490,#1491,#1492,#1493,#1494,#1495,#1496,
#1497,#1498,#1499,#1500,#1501,#1502,#1503,#1504,#1505,#1506,#1507,#1508,#1509,
#1510,#1511,#1512,#1513,#1514,#1515,#1516,#1517,#1518,#1519,#1520,#1521,#1522,
#1523,#1524,#1525,#1526,#1527,#1528,#1529,#1530,#1531,#1532,#1533,#1534,#1535,
#1536,#1537,#1538,#1539,#1540,#1541,#1542,#1543,#1544,#1545,#1546,#1547,#1548,
#1549,#1550,#1551,#1552,#1553,#1554,#1555),.UNSPECIFIED.,.F.,.F.,(4,1,1,1,1,1,1,
1,1,1,1,1,1,1,1,1,1,1,1,1,1,1,1,1,1,1,1,1,1,1,1,1,1,1,1,1,1,1,1,1,1,1,1,1,1,1,1,
1,1,1,1,1,1,1,1,1,1,1,1,1,1,1,1,1,1,1,1,1,1,1,1,1,1,1,1,1,1,1,1,1,1,1,1,1,1,1,1,
1,1,4),(0.E0,1.123595505618E-2,2.247191011236E-2,3.370786516854E-2,
4.494382022472E-2,5.617977528090E-2,6.741573033708E-2,7.865168539326E-2,
8.988764044944E-2,1.011235955056E-1,1.123595505618E-1,1.235955056180E-1,
1.348314606742E-1,1.460674157303E-1,1.573033707865E-1,1.685393258427E-1,
1.797752808989E-1,1.910112359551E-1,2.022471910112E-1,2.134831460674E-1,
2.247191011236E-1,2.359550561798E-1,2.471910112360E-1,2.584269662921E-1,
2.696629213483E-1,2.808988764045E-1,2.921348314607E-1,3.033707865169E-1,
3.146067415730E-1,3.258426966292E-1,3.370786516854E-1,3.483146067416E-1,
3.595505617978E-1,3.707865168539E-1,3.820224719101E-1,3.932584269663E-1,
4.044943820225E-1,4.157303370787E-1,4.269662921348E-1,4.382022471910E-1,
4.494382022472E-1,4.606741573034E-1,4.719101123596E-1,4.831460674157E-1,
4.943820224719E-1,5.056179775281E-1,5.168539325843E-1,5.280898876404E-1,
5.393258426966E-1,5.505617977528E-1,5.617977528090E-1,5.730337078652E-1,
5.842696629213E-1,5.955056179775E-1,6.067415730337E-1,6.179775280899E-1,
6.292134831461E-1,6.404494382022E-1,6.516853932584E-1,6.629213483146E-1,
6.741573033708E-1,6.853932584270E-1,6.966292134831E-1,7.078651685393E-1,
7.191011235955E-1,7.303370786517E-1,7.415730337079E-1,7.528089887640E-1,
7.640449438202E-1,7.752808988764E-1,7.865168539326E-1,7.977528089888E-1,
8.089887640449E-1,8.202247191011E-1,8.314606741573E-1,8.426966292135E-1,
8.539325842697E-1,8.651685393258E-1,8.764044943820E-1,8.876404494382E-1,
8.988764044944E-1,9.101123595506E-1,9.213483146067E-1,9.325842696629E-1,
9.438202247191E-1,9.550561797753E-1,9.662921348315E-1,9.775280898876E-1,
9.887640449438E-1,1.E0),.UNSPECIFIED.);
#1572=B_SPLINE_CURVE_WITH_KNOTS('',3,(#1557,#1558,#1559,#1560,#1561,#1562,#1563,
#1564,#1565,#1566,#1567,#1568,#1569,#1570,#1571),.UNSPECIFIED.,.F.,.F.,(4,1,1,1,
1,1,1,1,1,1,1,1,4),(0.E0,8.333333333333E-2,1.666666666667E-1,2.5E-1,
3.333333333333E-1,4.166666666667E-1,5.E-1,5.833333333333E-1,6.666666666667E-1,
7.5E-1,8.333333333333E-1,9.166666666667E-1,1.E0),.UNSPECIFIED.);
#1647=B_SPLINE_CURVE_WITH_KNOTS('',3,(#1573,#1574,#1575,#1576,#1577,#1578,#1579,
#1580,#1581,#1582,#1583,#1584,#1585,#1586,#1587,#1588,#1589,#1590,#1591,#1592,
#1593,#1594,#1595,#1596,#1597,#1598,#1599,#1600,#1601,#1602,#1603,#1604,#1605,
#1606,#1607,#1608,#1609,#1610,#1611,#1612,#1613,#1614,#1615,#1616,#1617,#1618,
#1619,#1620,#1621,#1622,#1623,#1624,#1625,#1626,#1627,#1628,#1629,#1630,#1631,
#1632,#1633,#1634,#1635,#1636,#1637,#1638,#1639,#1640,#1641,#1642,#1643,#1644,
#1645,#1646),.UNSPECIFIED.,.F.,.F.,(4,1,1,1,1,1,1,1,1,1,1,1,1,1,1,1,1,1,1,1,1,1,
1,1,1,1,1,1,1,1,1,1,1,1,1,1,1,1,1,1,1,1,1,1,1,1,1,1,1,1,1,1,1,1,1,1,1,1,1,1,1,1,
1,1,1,1,1,1,1,1,1,4),(0.E0,1.408450704225E-2,2.816901408451E-2,
4.225352112676E-2,5.633802816901E-2,7.042253521127E-2,8.450704225352E-2,
9.859154929577E-2,1.126760563380E-1,1.267605633803E-1,1.408450704225E-1,
1.549295774648E-1,1.690140845070E-1,1.830985915493E-1,1.971830985915E-1,
2.112676056338E-1,2.253521126761E-1,2.394366197183E-1,2.535211267606E-1,
2.676056338028E-1,2.816901408451E-1,2.957746478873E-1,3.098591549296E-1,
3.239436619718E-1,3.380281690141E-1,3.521126760563E-1,3.661971830986E-1,
3.802816901408E-1,3.943661971831E-1,4.084507042254E-1,4.225352112676E-1,
4.366197183099E-1,4.507042253521E-1,4.647887323944E-1,4.788732394366E-1,
4.929577464789E-1,5.070422535211E-1,5.211267605634E-1,5.352112676056E-1,
5.492957746479E-1,5.633802816901E-1,5.774647887324E-1,5.915492957746E-1,
6.056338028169E-1,6.197183098592E-1,6.338028169014E-1,6.478873239437E-1,
6.619718309859E-1,6.760563380282E-1,6.901408450704E-1,7.042253521127E-1,
7.183098591549E-1,7.323943661972E-1,7.464788732394E-1,7.605633802817E-1,
7.746478873239E-1,7.887323943662E-1,8.028169014085E-1,8.169014084507E-1,
8.309859154930E-1,8.450704225352E-1,8.591549295775E-1,8.732394366197E-1,
8.873239436620E-1,9.014084507042E-1,9.154929577465E-1,9.295774647887E-1,
9.436619718310E-1,9.577464788732E-1,9.718309859155E-1,9.859154929577E-1,1.E0),
.UNSPECIFIED.);
#1654=B_SPLINE_CURVE_WITH_KNOTS('',3,(#1648,#1649,#1650,#1651,#1652,#1653),
.UNSPECIFIED.,.F.,.F.,(4,1,1,4),(0.E0,3.333333333333E-1,6.666666666667E-1,1.E0),
.UNSPECIFIED.);
#1661=B_SPLINE_CURVE_WITH_KNOTS('',3,(#1655,#1656,#1657,#1658,#1659,#1660),
.UNSPECIFIED.,.F.,.F.,(4,1,1,4),(0.E0,3.333333333333E-1,6.666666666667E-1,1.E0),
.UNSPECIFIED.);
#1670=B_SPLINE_CURVE_WITH_KNOTS('',3,(#1662,#1663,#1664,#1665,#1666,#1667,#1668,
#1669),.UNSPECIFIED.,.F.,.F.,(4,1,1,1,1,4),(0.E0,2.E-1,4.E-1,6.E-1,8.E-1,1.E0),
.UNSPECIFIED.);
#1677=B_SPLINE_CURVE_WITH_KNOTS('',3,(#1671,#1672,#1673,#1674,#1675,#1676),
.UNSPECIFIED.,.F.,.F.,(4,1,1,4),(0.E0,3.333333333333E-1,6.666666666667E-1,1.E0),
.UNSPECIFIED.);
#1684=B_SPLINE_CURVE_WITH_KNOTS('',3,(#1678,#1679,#1680,#1681,#1682,#1683),
.UNSPECIFIED.,.F.,.F.,(4,1,1,4),(0.E0,3.333333333333E-1,6.666666666667E-1,1.E0),
.UNSPECIFIED.);
#1691=B_SPLINE_CURVE_WITH_KNOTS('',3,(#1685,#1686,#1687,#1688,#1689,#1690),
.UNSPECIFIED.,.F.,.F.,(4,1,1,4),(0.E0,3.333333333333E-1,6.666666666667E-1,1.E0),
.UNSPECIFIED.);
#1698=B_SPLINE_CURVE_WITH_KNOTS('',3,(#1692,#1693,#1694,#1695,#1696,#1697),
.UNSPECIFIED.,.F.,.F.,(4,1,1,4),(0.E0,3.333333333333E-1,6.666666666667E-1,1.E0),
.UNSPECIFIED.);
#1705=B_SPLINE_CURVE_WITH_KNOTS('',3,(#1699,#1700,#1701,#1702,#1703,#1704),
.UNSPECIFIED.,.F.,.F.,(4,1,1,4),(0.E0,3.333333333333E-1,6.666666666667E-1,1.E0),
.UNSPECIFIED.);
#1712=B_SPLINE_CURVE_WITH_KNOTS('',3,(#1706,#1707,#1708,#1709,#1710,#1711),
.UNSPECIFIED.,.F.,.F.,(4,1,1,4),(0.E0,3.333333333333E-1,6.666666666667E-1,1.E0),
.UNSPECIFIED.);
#1719=B_SPLINE_CURVE_WITH_KNOTS('',3,(#1713,#1714,#1715,#1716,#1717,#1718),
.UNSPECIFIED.,.F.,.F.,(4,1,1,4),(0.E0,3.333333333333E-1,6.666666666667E-1,1.E0),
.UNSPECIFIED.);
#1726=B_SPLINE_CURVE_WITH_KNOTS('',3,(#1720,#1721,#1722,#1723,#1724,#1725),
.UNSPECIFIED.,.F.,.F.,(4,1,1,4),(0.E0,3.333333333333E-1,6.666666666667E-1,1.E0),
.UNSPECIFIED.);
#1736=B_SPLINE_CURVE_WITH_KNOTS('',3,(#1727,#1728,#1729,#1730,#1731,#1732,#1733,
#1734,#1735),.UNSPECIFIED.,.F.,.F.,(4,1,1,1,1,1,4),(0.E0,1.666666666667E-1,
3.333333333333E-1,5.E-1,6.666666666667E-1,8.333333333333E-1,1.E0),
.UNSPECIFIED.);
#1743=B_SPLINE_CURVE_WITH_KNOTS('',3,(#1737,#1738,#1739,#1740,#1741,#1742),
.UNSPECIFIED.,.F.,.F.,(4,1,1,4),(0.E0,3.333333333333E-1,6.666666666667E-1,1.E0),
.UNSPECIFIED.);
#1750=B_SPLINE_CURVE_WITH_KNOTS('',3,(#1744,#1745,#1746,#1747,#1748,#1749),
.UNSPECIFIED.,.F.,.F.,(4,1,1,4),(0.E0,3.333333333333E-1,6.666666666667E-1,1.E0),
.UNSPECIFIED.);
#1755=B_SPLINE_CURVE_WITH_KNOTS('',3,(#1751,#1752,#1753,#1754),.UNSPECIFIED.,
.F.,.F.,(4,4),(0.E0,1.E0),.UNSPECIFIED.);
#1768=B_SPLINE_CURVE_WITH_KNOTS('',3,(#1764,#1765,#1766,#1767),.UNSPECIFIED.,
.F.,.F.,(4,4),(0.E0,1.E0),.UNSPECIFIED.);
#1797=CIRCLE('',#1796,8.760596632866E0);
#1802=CIRCLE('',#1801,8.760596632866E0);
#1807=CIRCLE('',#1806,5.E-1);
#1812=CIRCLE('',#1811,8.957826014883E0);
#1817=CIRCLE('',#1816,8.957826014883E0);
#1822=CIRCLE('',#1821,5.E-1);
#1827=CIRCLE('',#1826,9.960596632800E0);
#1832=CIRCLE('',#1831,9.960596632800E0);
#1837=CIRCLE('',#1836,9.457818252431E0);
#1842=CIRCLE('',#1841,9.457818252431E0);
#1847=CIRCLE('',#1846,9.457818252404E0);
#1852=CIRCLE('',#1851,9.457818252404E0);
#1881=B_SPLINE_CURVE_WITH_KNOTS('',3,(#1869,#1870,#1871,#1872,#1873,#1874,#1875,
#1876,#1877,#1878,#1879,#1880),.UNSPECIFIED.,.F.,.F.,(4,1,1,1,1,1,1,1,1,4),
(0.E0,1.111111111111E-1,2.222222222222E-1,3.333333333333E-1,4.444444444444E-1,
5.555555555556E-1,6.666666666667E-1,7.777777777778E-1,8.888888888889E-1,1.E0),
.UNSPECIFIED.);
#1888=B_SPLINE_CURVE_WITH_KNOTS('',3,(#1882,#1883,#1884,#1885,#1886,#1887),
.UNSPECIFIED.,.F.,.F.,(4,1,1,4),(0.E0,3.333333333333E-1,6.666666666667E-1,1.E0),
.UNSPECIFIED.);
#1898=B_SPLINE_CURVE_WITH_KNOTS('',3,(#1889,#1890,#1891,#1892,#1893,#1894,#1895,
#1896,#1897),.UNSPECIFIED.,.F.,.F.,(4,1,1,1,1,1,4),(0.E0,1.666666666667E-1,
3.333333333333E-1,5.E-1,6.666666666667E-1,8.333333333333E-1,1.E0),
.UNSPECIFIED.);
#1912=B_SPLINE_CURVE_WITH_KNOTS('',3,(#1899,#1900,#1901,#1902,#1903,#1904,#1905,
#1906,#1907,#1908,#1909,#1910,#1911),.UNSPECIFIED.,.F.,.F.,(4,1,1,1,1,1,1,1,1,1,
4),(0.E0,1.E-1,2.E-1,3.E-1,4.E-1,5.E-1,6.E-1,7.E-1,8.E-1,9.E-1,1.E0),
.UNSPECIFIED.);
#1923=B_SPLINE_CURVE_WITH_KNOTS('',3,(#1913,#1914,#1915,#1916,#1917,#1918,#1919,
#1920,#1921,#1922),.UNSPECIFIED.,.F.,.F.,(4,1,1,1,1,1,1,4),(0.E0,
1.428571428571E-1,2.857142857143E-1,4.285714285714E-1,5.714285714286E-1,
7.142857142857E-1,8.571428571429E-1,1.E0),.UNSPECIFIED.);
#1936=B_SPLINE_CURVE_WITH_KNOTS('',3,(#1924,#1925,#1926,#1927,#1928,#1929,#1930,
#1931,#1932,#1933,#1934,#1935),.UNSPECIFIED.,.F.,.F.,(4,1,1,1,1,1,1,1,1,4),
(0.E0,1.111111111111E-1,2.222222222222E-1,3.333333333333E-1,4.444444444444E-1,
5.555555555556E-1,6.666666666667E-1,7.777777777778E-1,8.888888888889E-1,1.E0),
.UNSPECIFIED.);
#1943=B_SPLINE_CURVE_WITH_KNOTS('',3,(#1937,#1938,#1939,#1940,#1941,#1942),
.UNSPECIFIED.,.F.,.F.,(4,1,1,4),(0.E0,3.333333333333E-1,6.666666666667E-1,1.E0),
.UNSPECIFIED.);
#1955=B_SPLINE_CURVE_WITH_KNOTS('',3,(#1944,#1945,#1946,#1947,#1948,#1949,#1950,
#1951,#1952,#1953,#1954),.UNSPECIFIED.,.F.,.F.,(4,1,1,1,1,1,1,1,4),(0.E0,
1.25E-1,2.5E-1,3.75E-1,5.E-1,6.25E-1,7.5E-1,8.75E-1,1.E0),.UNSPECIFIED.);
#1966=B_SPLINE_CURVE_WITH_KNOTS('',3,(#1956,#1957,#1958,#1959,#1960,#1961,#1962,
#1963,#1964,#1965),.UNSPECIFIED.,.F.,.F.,(4,1,1,1,1,1,1,4),(0.E0,
1.428571428571E-1,2.857142857143E-1,4.285714285714E-1,5.714285714286E-1,
7.142857142857E-1,8.571428571429E-1,1.E0),.UNSPECIFIED.);
#1979=B_SPLINE_CURVE_WITH_KNOTS('',3,(#1967,#1968,#1969,#1970,#1971,#1972,#1973,
#1974,#1975,#1976,#1977,#1978),.UNSPECIFIED.,.F.,.F.,(4,1,1,1,1,1,1,1,1,4),
(0.E0,1.111111111111E-1,2.222222222222E-1,3.333333333333E-1,4.444444444444E-1,
5.555555555556E-1,6.666666666667E-1,7.777777777778E-1,8.888888888889E-1,1.E0),
.UNSPECIFIED.);
#1984=B_SPLINE_CURVE_WITH_KNOTS('',3,(#1980,#1981,#1982,#1983),.UNSPECIFIED.,
.T.,.F.,(4,4),(0.E0,1.E0),.UNSPECIFIED.);
#2008=B_SPLINE_CURVE_WITH_KNOTS('',3,(#1985,#1986,#1987,#1988,#1989,#1990,#1991,
#1992,#1993,#1994,#1995,#1996,#1997,#1998,#1999,#2000,#2001,#2002,#2003,#2004,
#2005,#2006,#2007),.UNSPECIFIED.,.F.,.F.,(4,1,1,1,1,1,1,1,1,1,1,1,1,1,1,1,1,1,1,
1,4),(0.E0,5.E-2,1.E-1,1.5E-1,2.E-1,2.5E-1,3.E-1,3.5E-1,4.E-1,4.5E-1,5.E-1,
5.5E-1,6.E-1,6.5E-1,7.E-1,7.5E-1,8.E-1,8.5E-1,9.E-1,9.5E-1,1.E0),.UNSPECIFIED.);
#2015=B_SPLINE_CURVE_WITH_KNOTS('',3,(#2009,#2010,#2011,#2012,#2013,#2014),
.UNSPECIFIED.,.F.,.F.,(4,1,1,4),(0.E0,5.015522389296E-1,9.513816499657E-1,1.E0),
.UNSPECIFIED.);
#2034=B_SPLINE_CURVE_WITH_KNOTS('',3,(#2016,#2017,#2018,#2019,#2020,#2021,#2022,
#2023,#2024,#2025,#2026,#2027,#2028,#2029,#2030,#2031,#2032,#2033),
.UNSPECIFIED.,.F.,.F.,(4,1,1,1,1,1,1,1,1,1,1,1,1,1,1,4),(0.E0,3.020131577402E-3,
8.130189398322E-2,1.592974696699E-1,2.357488528931E-1,3.122645159633E-1,
3.901270712400E-1,4.684666335206E-1,5.464727084271E-1,6.231771471525E-1,
6.992738479387E-1,7.763526600878E-1,8.539297828472E-1,9.295622100949E-1,
9.999999867050E-1,1.E0),.UNSPECIFIED.);
#2041=B_SPLINE_CURVE_WITH_KNOTS('',3,(#2035,#2036,#2037,#2038,#2039,#2040),
.UNSPECIFIED.,.F.,.F.,(4,1,1,4),(0.E0,3.281101253719E-1,6.622734338705E-1,1.E0),
.UNSPECIFIED.);
#2059=B_SPLINE_CURVE_WITH_KNOTS('',3,(#2046,#2047,#2048,#2049,#2050,#2051,#2052,
#2053,#2054,#2055,#2056,#2057,#2058),.UNSPECIFIED.,.F.,.F.,(4,1,1,1,1,1,1,1,1,1,
4),(0.E0,1.E-1,2.E-1,3.E-1,4.E-1,5.E-1,6.E-1,7.E-1,8.E-1,9.E-1,1.E0),
.UNSPECIFIED.);
#2069=B_SPLINE_CURVE_WITH_KNOTS('',3,(#2064,#2065,#2066,#2067,#2068),
.UNSPECIFIED.,.F.,.F.,(4,1,4),(0.E0,5.E-1,1.E0),.UNSPECIFIED.);
#2075=B_SPLINE_CURVE_WITH_KNOTS('',3,(#2070,#2071,#2072,#2073,#2074),
.UNSPECIFIED.,.F.,.F.,(4,1,4),(0.E0,5.E-1,1.E0),.UNSPECIFIED.);
#2083=B_SPLINE_CURVE_WITH_KNOTS('',3,(#2076,#2077,#2078,#2079,#2080,#2081,
#2082),.UNSPECIFIED.,.F.,.F.,(4,1,1,1,4),(0.E0,3.305865809174E-1,
6.667913395709E-1,9.999999548853E-1,1.E0),.UNSPECIFIED.);
#2094=B_SPLINE_CURVE_WITH_KNOTS('',3,(#2084,#2085,#2086,#2087,#2088,#2089,#2090,
#2091,#2092,#2093),.UNSPECIFIED.,.F.,.F.,(4,1,1,1,1,1,1,4),(0.E0,
1.428571428571E-1,2.857142857143E-1,4.285714285714E-1,5.714285714286E-1,
7.142857142857E-1,8.571428571429E-1,1.E0),.UNSPECIFIED.);
#2101=B_SPLINE_CURVE_WITH_KNOTS('',3,(#2095,#2096,#2097,#2098,#2099,#2100),
.UNSPECIFIED.,.F.,.F.,(4,1,1,4),(0.E0,3.333333333333E-1,6.666666666667E-1,1.E0),
.UNSPECIFIED.);
#2112=B_SPLINE_CURVE_WITH_KNOTS('',3,(#2106,#2107,#2108,#2109,#2110,#2111),
.UNSPECIFIED.,.F.,.F.,(4,1,1,4),(0.E0,3.200760925607E-1,6.535376991080E-1,1.E0),
.UNSPECIFIED.);
#2129=B_SPLINE_CURVE_WITH_KNOTS('',3,(#2113,#2114,#2115,#2116,#2117,#2118,#2119,
#2120,#2121,#2122,#2123,#2124,#2125,#2126,#2127,#2128),.UNSPECIFIED.,.F.,.F.,(4,
1,1,1,1,1,1,1,1,1,1,1,1,4),(0.E0,3.162539458592E-9,8.264540011045E-2,
1.716108945597E-1,2.613821682926E-1,3.508065773667E-1,4.388614006008E-1,
5.273433059076E-1,6.172814341306E-1,7.075810514854E-1,7.972659531482E-1,
8.854627153695E-1,9.736735627147E-1,1.E0),.UNSPECIFIED.);
#2136=B_SPLINE_CURVE_WITH_KNOTS('',3,(#2130,#2131,#2132,#2133,#2134,#2135),
.UNSPECIFIED.,.F.,.F.,(4,1,1,4),(0.E0,2.756930347051E-1,6.228815493554E-1,1.E0),
.UNSPECIFIED.);
#2143=B_SPLINE_CURVE_WITH_KNOTS('',3,(#2137,#2138,#2139,#2140,#2141,#2142),
.UNSPECIFIED.,.F.,.F.,(4,1,1,4),(0.E0,3.195734853160E-1,6.545649161970E-1,1.E0),
.UNSPECIFIED.);
#2163=B_SPLINE_CURVE_WITH_KNOTS('',3,(#2144,#2145,#2146,#2147,#2148,#2149,#2150,
#2151,#2152,#2153,#2154,#2155,#2156,#2157,#2158,#2159,#2160,#2161,#2162),
.UNSPECIFIED.,.F.,.F.,(4,1,1,1,1,1,1,1,1,1,1,1,1,1,1,1,4),(0.E0,
5.864480178168E-2,1.206349293316E-1,1.829547765080E-1,2.451318219736E-1,
3.066430802124E-1,3.680609808007E-1,4.302649994705E-1,4.931512535521E-1,
5.562080798356E-1,6.190218075805E-1,6.812823447506E-1,7.439286231024E-1,
8.077489832737E-1,8.719108809117E-1,9.361803329023E-1,1.E0),.UNSPECIFIED.);
#2177=B_SPLINE_CURVE_WITH_KNOTS('',3,(#2164,#2165,#2166,#2167,#2168,#2169,#2170,
#2171,#2172,#2173,#2174,#2175,#2176),.UNSPECIFIED.,.F.,.F.,(4,1,1,1,1,1,1,1,1,1,
4),(0.E0,1.E-1,2.E-1,3.E-1,4.E-1,5.E-1,6.E-1,7.E-1,8.E-1,9.E-1,1.E0),
.UNSPECIFIED.);
#2189=B_SPLINE_CURVE_WITH_KNOTS('',3,(#2182,#2183,#2184,#2185,#2186,#2187,
#2188),.UNSPECIFIED.,.F.,.F.,(4,1,1,1,4),(0.E0,2.5E-1,5.E-1,7.5E-1,1.E0),
.UNSPECIFIED.);
#2195=B_SPLINE_CURVE_WITH_KNOTS('',3,(#2190,#2191,#2192,#2193,#2194),
.UNSPECIFIED.,.F.,.F.,(4,1,4),(0.E0,5.E-1,1.E0),.UNSPECIFIED.);
#2202=B_SPLINE_CURVE_WITH_KNOTS('',3,(#2196,#2197,#2198,#2199,#2200,#2201),
.UNSPECIFIED.,.F.,.F.,(4,1,1,4),(0.E0,3.333333333333E-1,6.666666666667E-1,1.E0),
.UNSPECIFIED.);
#2222=B_SPLINE_CURVE_WITH_KNOTS('',3,(#2203,#2204,#2205,#2206,#2207,#2208,#2209,
#2210,#2211,#2212,#2213,#2214,#2215,#2216,#2217,#2218,#2219,#2220,#2221),
.UNSPECIFIED.,.F.,.F.,(4,1,1,1,1,1,1,1,1,1,1,1,1,1,1,1,4),(0.E0,
6.320160386051E-2,1.272032018340E-1,1.912100541450E-1,2.547967674884E-1,
3.173562042338E-1,3.795319677714E-1,4.422848158315E-1,5.053092582552E-1,
5.682412778821E-1,6.305145968293E-1,6.920884764436E-1,7.538353757875E-1,
8.161934348347E-1,8.788089027411E-1,9.405818330570E-1,1.E0),.UNSPECIFIED.);
#2228=B_SPLINE_CURVE_WITH_KNOTS('',3,(#2223,#2224,#2225,#2226,#2227),
.UNSPECIFIED.,.F.,.F.,(4,1,4),(0.E0,5.E-1,1.E0),.UNSPECIFIED.);
#2234=B_SPLINE_CURVE_WITH_KNOTS('',3,(#2229,#2230,#2231,#2232,#2233),
.UNSPECIFIED.,.F.,.F.,(4,1,4),(0.E0,5.E-1,1.E0),.UNSPECIFIED.);
#2240=B_SPLINE_CURVE_WITH_KNOTS('',3,(#2235,#2236,#2237,#2238,#2239),
.UNSPECIFIED.,.F.,.F.,(4,1,4),(0.E0,5.E-1,1.E0),.UNSPECIFIED.);
#2246=B_SPLINE_CURVE_WITH_KNOTS('',3,(#2241,#2242,#2243,#2244,#2245),
.UNSPECIFIED.,.F.,.F.,(4,1,4),(0.E0,5.E-1,1.E0),.UNSPECIFIED.);
#2252=B_SPLINE_CURVE_WITH_KNOTS('',3,(#2247,#2248,#2249,#2250,#2251),
.UNSPECIFIED.,.F.,.F.,(4,1,4),(0.E0,5.E-1,1.E0),.UNSPECIFIED.);
#2257=CIRCLE('',#2256,9.960596632800E0);
#2262=CIRCLE('',#2261,1.046059663280E1);
#2275=CIRCLE('',#2274,9.960596632800E0);
#2284=CIRCLE('',#2283,1.046059663280E1);
#2301=CIRCLE('',#2300,8.957826014855E0);
#2306=CIRCLE('',#2305,8.957826014855E0);
#2320=B_SPLINE_CURVE_WITH_KNOTS('',3,(#2311,#2312,#2313,#2314,#2315,#2316,#2317,
#2318,#2319),.UNSPECIFIED.,.F.,.F.,(4,1,1,1,1,1,4),(0.E0,1.666666666667E-1,
3.333333333333E-1,5.E-1,6.666666666667E-1,8.333333333333E-1,1.E0),
.UNSPECIFIED.);
#2325=CIRCLE('',#2324,8.760596632843E0);
#2742=EDGE_CURVE('',#2372,#2373,#5,.T.);
#2744=EDGE_CURVE('',#2375,#2373,#743,.T.);
#2746=EDGE_CURVE('',#2377,#2375,#727,.T.);
#2748=EDGE_CURVE('',#2377,#2379,#10,.T.);
#2750=EDGE_CURVE('',#2379,#2381,#15,.T.);
#2752=EDGE_CURVE('',#2383,#2381,#702,.T.);
#2754=EDGE_CURVE('',#2383,#2385,#20,.T.);
#2756=EDGE_CURVE('',#2385,#2387,#25,.T.);
#2758=EDGE_CURVE('',#2389,#2387,#678,.T.);
#2760=EDGE_CURVE('',#2391,#2389,#604,.T.);
#2762=EDGE_CURVE('',#2391,#2393,#30,.T.);
#2764=EDGE_CURVE('',#2395,#2393,#808,.T.);
#2766=EDGE_CURVE('',#2395,#2397,#35,.T.);
#2768=EDGE_CURVE('',#2397,#2399,#40,.T.);
#2770=EDGE_CURVE('',#2399,#2401,#45,.T.);
#2772=EDGE_CURVE('',#2401,#2403,#49,.T.);
#2774=EDGE_CURVE('',#2403,#2405,#53,.T.);
#2776=EDGE_CURVE('',#2407,#2405,#330,.T.);
#2778=EDGE_CURVE('',#2407,#2409,#58,.T.);
#2780=EDGE_CURVE('',#2409,#2411,#63,.T.);
#2782=EDGE_CURVE('',#2413,#2411,#354,.T.);
#2784=EDGE_CURVE('',#2413,#2415,#68,.T.);
#2786=EDGE_CURVE('',#2415,#2417,#73,.T.);
#2788=EDGE_CURVE('',#2419,#2417,#379,.T.);
#2790=EDGE_CURVE('',#2419,#2421,#77,.T.);
#2792=EDGE_CURVE('',#2421,#2372,#81,.T.);
#2796=EDGE_CURVE('',#2422,#2423,#88,.T.);
#2798=EDGE_CURVE('',#2423,#2424,#95,.T.);
#2800=EDGE_CURVE('',#2424,#2425,#102,.T.);
#2802=EDGE_CURVE('',#2425,#2426,#114,.T.);
#2804=EDGE_CURVE('',#2426,#2427,#121,.T.);
#2806=EDGE_CURVE('',#2427,#2428,#135,.T.);
#2808=EDGE_CURVE('',#2428,#2429,#142,.T.);
#2810=EDGE_CURVE('',#2429,#2430,#156,.T.);
#2812=EDGE_CURVE('',#2430,#2431,#163,.T.);
#2814=EDGE_CURVE('',#2431,#2422,#176,.T.);
#2818=EDGE_CURVE('',#2434,#2435,#180,.T.);
#2820=EDGE_CURVE('',#2435,#2437,#185,.T.);
#2822=EDGE_CURVE('',#2437,#2439,#189,.T.);
#2824=EDGE_CURVE('',#2439,#2434,#194,.T.);
#2828=EDGE_CURVE('',#2445,#2442,#199,.T.);
#2830=EDGE_CURVE('',#2442,#2443,#204,.T.);
#2832=EDGE_CURVE('',#2443,#2447,#208,.T.);
#2834=EDGE_CURVE('',#2447,#2450,#213,.T.);
#2836=EDGE_CURVE('',#2450,#2451,#218,.T.);
#2838=EDGE_CURVE('',#2451,#2445,#222,.T.);
#2842=EDGE_CURVE('',#2454,#2455,#227,.T.);
#2844=EDGE_CURVE('',#2455,#2454,#232,.T.);
#2855=EDGE_CURVE('',#2372,#2457,#236,.T.);
#2857=EDGE_CURVE('',#2459,#2457,#408,.T.);
#2859=EDGE_CURVE('',#2459,#2373,#240,.T.);
#2871=EDGE_CURVE('',#2421,#2461,#244,.T.);
#2873=EDGE_CURVE('',#2457,#2461,#412,.T.);
#2883=EDGE_CURVE('',#2461,#2463,#248,.T.);
#2887=EDGE_CURVE('',#2463,#2419,#375,.T.);
#2897=EDGE_CURVE('',#2461,#2465,#257,.T.);
#2900=EDGE_CURVE('',#2467,#2463,#371,.T.);
#2902=EDGE_CURVE('',#2467,#2465,#252,.T.);
#2913=EDGE_CURVE('',#2465,#2469,#261,.T.);
#2915=EDGE_CURVE('',#2471,#2469,#828,.T.);
#2917=EDGE_CURVE('',#2471,#2461,#265,.T.);
#2927=EDGE_CURVE('',#2474,#2475,#313,.T.);
#2929=EDGE_CURVE('',#2477,#2474,#869,.T.);
#2931=EDGE_CURVE('',#2477,#2479,#270,.T.);
#2933=EDGE_CURVE('',#2479,#2481,#275,.T.);
#2935=EDGE_CURVE('',#2483,#2481,#844,.T.);
#2937=EDGE_CURVE('',#2483,#2485,#280,.T.);
#2939=EDGE_CURVE('',#2485,#2469,#285,.T.);
#2943=EDGE_CURVE('',#2487,#2467,#383,.T.);
#2945=EDGE_CURVE('',#2487,#2489,#290,.T.);
#2947=EDGE_CURVE('',#2489,#2491,#295,.T.);
#2949=EDGE_CURVE('',#2493,#2491,#350,.T.);
#2951=EDGE_CURVE('',#2493,#2495,#300,.T.);
#2953=EDGE_CURVE('',#2495,#2497,#305,.T.);
#2955=EDGE_CURVE('',#2475,#2497,#326,.T.);
#2965=EDGE_CURVE('',#2500,#2501,#309,.T.);
#2967=EDGE_CURVE('',#2474,#2501,#861,.T.);
#2970=EDGE_CURVE('',#2500,#2475,#322,.T.);
#2981=EDGE_CURVE('',#2405,#2500,#334,.T.);
#2984=EDGE_CURVE('',#2403,#2503,#317,.T.);
#2986=EDGE_CURVE('',#2501,#2503,#436,.T.);
#2998=EDGE_CURVE('',#2407,#2497,#342,.T.);
#3010=EDGE_CURVE('',#2495,#2409,#338,.T.);
#3025=EDGE_CURVE('',#2493,#2411,#346,.T.);
#3038=EDGE_CURVE('',#2413,#2491,#358,.T.);
#3049=EDGE_CURVE('',#2415,#2489,#362,.T.);
#3064=EDGE_CURVE('',#2487,#2417,#366,.T.);
#3088=EDGE_CURVE('',#2503,#2505,#440,.T.);
#3092=EDGE_CURVE('',#2505,#2401,#824,.T.);
#3102=EDGE_CURVE('',#2508,#2509,#600,.T.);
#3104=EDGE_CURVE('',#2511,#2508,#621,.T.);
#3106=EDGE_CURVE('',#2511,#2513,#388,.T.);
#3108=EDGE_CURVE('',#2513,#2515,#393,.T.);
#3110=EDGE_CURVE('',#2517,#2515,#776,.T.);
#3112=EDGE_CURVE('',#2517,#2519,#398,.T.);
#3114=EDGE_CURVE('',#2519,#2521,#403,.T.);
#3116=EDGE_CURVE('',#2523,#2521,#756,.T.);
#3118=EDGE_CURVE('',#2459,#2523,#747,.T.);
#3123=EDGE_CURVE('',#2471,#2525,#417,.T.);
#3125=EDGE_CURVE('',#2525,#2527,#422,.T.);
#3127=EDGE_CURVE('',#2529,#2527,#840,.T.);
#3129=EDGE_CURVE('',#2529,#2531,#427,.T.);
#3131=EDGE_CURVE('',#2531,#2533,#432,.T.);
#3133=EDGE_CURVE('',#2501,#2533,#865,.T.);
#3137=EDGE_CURVE('',#2505,#2535,#445,.T.);
#3139=EDGE_CURVE('',#2535,#2537,#450,.T.);
#3141=EDGE_CURVE('',#2537,#2539,#455,.T.);
#3143=EDGE_CURVE('',#2541,#2539,#804,.T.);
#3145=EDGE_CURVE('',#2541,#2509,#460,.T.);
#3149=EDGE_CURVE('',#2542,#2543,#467,.T.);
#3151=EDGE_CURVE('',#2543,#2544,#480,.T.);
#3153=EDGE_CURVE('',#2544,#2545,#487,.T.);
#3155=EDGE_CURVE('',#2545,#2546,#500,.T.);
#3157=EDGE_CURVE('',#2546,#2547,#507,.T.);
#3159=EDGE_CURVE('',#2547,#2548,#516,.T.);
#3161=EDGE_CURVE('',#2548,#2549,#526,.T.);
#3163=EDGE_CURVE('',#2549,#2542,#540,.T.);
#3167=EDGE_CURVE('',#2552,#2553,#544,.T.);
#3169=EDGE_CURVE('',#2553,#2555,#549,.T.);
#3171=EDGE_CURVE('',#2555,#2557,#553,.T.);
#3173=EDGE_CURVE('',#2557,#2552,#558,.T.);
#3177=EDGE_CURVE('',#2560,#2561,#563,.T.);
#3179=EDGE_CURVE('',#2561,#2563,#568,.T.);
#3181=EDGE_CURVE('',#2563,#2565,#572,.T.);
#3183=EDGE_CURVE('',#2565,#2567,#577,.T.);
#3185=EDGE_CURVE('',#2567,#2569,#582,.T.);
#3187=EDGE_CURVE('',#2569,#2560,#586,.T.);
#3191=EDGE_CURVE('',#2572,#2573,#591,.T.);
#3193=EDGE_CURVE('',#2573,#2572,#596,.T.);
#3203=EDGE_CURVE('',#2508,#2575,#608,.T.);
#3206=EDGE_CURVE('',#2391,#2509,#800,.T.);
#3209=EDGE_CURVE('',#2575,#2389,#674,.T.);
#3219=EDGE_CURVE('',#2508,#2577,#617,.T.);
#3222=EDGE_CURVE('',#2579,#2575,#670,.T.);
#3224=EDGE_CURVE('',#2579,#2577,#612,.T.);
#3235=EDGE_CURVE('',#2581,#2577,#665,.T.);
#3237=EDGE_CURVE('',#2511,#2581,#792,.T.);
#3249=EDGE_CURVE('',#2583,#2579,#682,.T.);
#3251=EDGE_CURVE('',#2583,#2585,#626,.T.);
#3253=EDGE_CURVE('',#2585,#2587,#631,.T.);
#3255=EDGE_CURVE('',#2589,#2587,#698,.T.);
#3257=EDGE_CURVE('',#2589,#2591,#636,.T.);
#3259=EDGE_CURVE('',#2591,#2593,#641,.T.);
#3261=EDGE_CURVE('',#2595,#2593,#723,.T.);
#3263=EDGE_CURVE('',#2597,#2595,#735,.T.);
#3265=EDGE_CURVE('',#2599,#2597,#760,.T.);
#3267=EDGE_CURVE('',#2599,#2601,#646,.T.);
#3269=EDGE_CURVE('',#2601,#2603,#651,.T.);
#3271=EDGE_CURVE('',#2605,#2603,#780,.T.);
#3273=EDGE_CURVE('',#2605,#2607,#656,.T.);
#3275=EDGE_CURVE('',#2607,#2581,#661,.T.);
#3289=EDGE_CURVE('',#2583,#2387,#690,.T.);
#3300=EDGE_CURVE('',#2385,#2585,#686,.T.);
#3315=EDGE_CURVE('',#2383,#2587,#694,.T.);
#3326=EDGE_CURVE('',#2589,#2381,#706,.T.);
#3339=EDGE_CURVE('',#2591,#2379,#710,.T.);
#3354=EDGE_CURVE('',#2377,#2593,#714,.T.);
#3365=EDGE_CURVE('',#2609,#2595,#719,.T.);
#3370=EDGE_CURVE('',#2609,#2375,#739,.T.);
#3381=EDGE_CURVE('',#2609,#2523,#731,.T.);
#3383=EDGE_CURVE('',#2597,#2523,#752,.T.);
#3409=EDGE_CURVE('',#2599,#2521,#764,.T.);
#3420=EDGE_CURVE('',#2601,#2519,#768,.T.);
#3435=EDGE_CURVE('',#2517,#2603,#772,.T.);
#3447=EDGE_CURVE('',#2605,#2515,#788,.T.);
#3459=EDGE_CURVE('',#2513,#2607,#784,.T.);
#3485=EDGE_CURVE('',#2541,#2393,#796,.T.);
#3498=EDGE_CURVE('',#2395,#2539,#812,.T.);
#3511=EDGE_CURVE('',#2397,#2537,#820,.T.);
#3524=EDGE_CURVE('',#2535,#2399,#816,.T.);
#3550=EDGE_CURVE('',#2525,#2485,#832,.T.);
#3563=EDGE_CURVE('',#2483,#2527,#836,.T.);
#3577=EDGE_CURVE('',#2529,#2481,#852,.T.);
#3587=EDGE_CURVE('',#2479,#2531,#848,.T.);
#3602=EDGE_CURVE('',#2477,#2533,#856,.T.);
#3637=EDGE_CURVE('',#2610,#2611,#884,.T.);
#3639=EDGE_CURVE('',#2610,#2543,#873,.T.);
#3642=EDGE_CURVE('',#2542,#2611,#877,.T.);
#3685=EDGE_CURVE('',#2613,#2611,#968,.T.);
#3687=EDGE_CURVE('',#2613,#2614,#896,.T.);
#3689=EDGE_CURVE('',#2614,#2615,#903,.T.);
#3691=EDGE_CURVE('',#2615,#2616,#910,.T.);
#3693=EDGE_CURVE('',#2618,#2616,#1032,.T.);
#3695=EDGE_CURVE('',#2618,#2610,#922,.T.);
#3733=EDGE_CURVE('',#2611,#2619,#936,.T.);
#3735=EDGE_CURVE('',#2621,#2619,#1003,.T.);
#3737=EDGE_CURVE('',#2621,#2622,#946,.T.);
#3739=EDGE_CURVE('',#2622,#2613,#964,.T.);
#3845=EDGE_CURVE('',#2549,#2619,#972,.T.);
#3887=EDGE_CURVE('',#2619,#2623,#1013,.T.);
#3891=EDGE_CURVE('',#2548,#2623,#976,.T.);
#3929=EDGE_CURVE('',#2623,#2624,#985,.T.);
#3931=EDGE_CURVE('',#2626,#2624,#1093,.T.);
#3933=EDGE_CURVE('',#2626,#2621,#999,.T.);
#3980=EDGE_CURVE('',#2547,#2624,#1017,.T.);
#4010=EDGE_CURVE('',#2624,#2627,#1100,.T.);
#4014=EDGE_CURVE('',#2546,#2627,#1021,.T.);
#4056=EDGE_CURVE('',#2628,#2618,#1028,.T.);
#4059=EDGE_CURVE('',#2616,#2629,#1039,.T.);
#4061=EDGE_CURVE('',#2629,#2630,#1046,.T.);
#4063=EDGE_CURVE('',#2630,#2631,#1053,.T.);
#4065=EDGE_CURVE('',#2631,#2632,#1060,.T.);
#4067=EDGE_CURVE('',#2632,#2633,#1067,.T.);
#4069=EDGE_CURVE('',#2633,#2634,#1074,.T.);
#4071=EDGE_CURVE('',#2634,#2635,#1081,.T.);
#4073=EDGE_CURVE('',#2635,#2636,#1089,.T.);
#4075=EDGE_CURVE('',#2626,#2636,#1463,.T.);
#4079=EDGE_CURVE('',#2627,#2628,#1113,.T.);
#4110=EDGE_CURVE('',#2628,#2545,#1117,.T.);
#4113=EDGE_CURVE('',#2544,#2618,#1121,.T.);
#4284=EDGE_CURVE('',#2638,#2616,#1125,.T.);
#4286=EDGE_CURVE('',#2639,#2638,#1712,.T.);
#4288=EDGE_CURVE('',#2629,#2639,#1788,.T.);
#4323=EDGE_CURVE('',#2641,#2615,#1129,.T.);
#4325=EDGE_CURVE('',#2638,#2641,#1719,.T.);
#4385=EDGE_CURVE('',#2643,#2614,#1140,.T.);
#4387=EDGE_CURVE('',#2641,#2643,#1726,.T.);
#4498=EDGE_CURVE('',#2644,#2645,#1317,.T.);
#4500=EDGE_CURVE('',#2646,#2644,#1392,.T.);
#4502=EDGE_CURVE('',#2646,#2647,#1136,.T.);
#4504=EDGE_CURVE('',#2648,#2647,#1750,.T.);
#4506=EDGE_CURVE('',#2649,#2648,#1743,.T.);
#4508=EDGE_CURVE('',#2643,#2649,#1736,.T.);
#4512=EDGE_CURVE('',#2613,#2645,#1147,.T.);
#4848=EDGE_CURVE('',#2613,#2646,#1373,.T.);
#4976=EDGE_CURVE('',#2650,#2636,#1556,.T.);
#4978=EDGE_CURVE('',#2650,#2651,#1399,.T.);
#4980=EDGE_CURVE('',#2652,#2651,#1768,.T.);
#4982=EDGE_CURVE('',#2652,#2653,#1406,.T.);
#4984=EDGE_CURVE('',#2653,#2654,#1413,.T.);
#4986=EDGE_CURVE('',#2654,#2655,#1420,.T.);
#4988=EDGE_CURVE('',#2655,#2656,#1427,.T.);
#4990=EDGE_CURVE('',#2656,#2657,#1434,.T.);
#4992=EDGE_CURVE('',#2657,#2658,#1442,.T.);
#4994=EDGE_CURVE('',#2658,#2659,#1449,.T.);
#4996=EDGE_CURVE('',#2659,#2660,#1456,.T.);
#4998=EDGE_CURVE('',#2647,#2660,#1755,.T.);
#5343=EDGE_CURVE('',#2661,#2636,#1647,.T.);
#5345=EDGE_CURVE('',#2661,#2650,#1572,.T.);
#5423=EDGE_CURVE('',#2651,#2662,#1654,.T.);
#5430=EDGE_CURVE('',#2664,#2634,#1772,.T.);
#5432=EDGE_CURVE('',#2665,#2664,#1670,.T.);
#5434=EDGE_CURVE('',#2662,#2665,#1661,.T.);
#5447=EDGE_CURVE('',#2664,#2666,#1677,.T.);
#5449=EDGE_CURVE('',#2666,#2667,#1684,.T.);
#5451=EDGE_CURVE('',#2667,#2668,#1691,.T.);
#5453=EDGE_CURVE('',#2668,#2669,#1698,.T.);
#5455=EDGE_CURVE('',#2669,#2639,#1705,.T.);
#5464=EDGE_CURVE('',#2660,#2659,#1759,.T.);
#5468=EDGE_CURVE('',#2671,#2657,#1802,.T.);
#5470=EDGE_CURVE('',#2673,#2671,#1797,.T.);
#5472=EDGE_CURVE('',#2675,#2673,#2325,.T.);
#5474=EDGE_CURVE('',#2655,#2675,#2320,.T.);
#5478=EDGE_CURVE('',#2653,#2652,#1763,.T.);
#5523=EDGE_CURVE('',#2666,#2633,#1776,.T.);
#5555=EDGE_CURVE('',#2667,#2632,#1780,.T.);
#5596=EDGE_CURVE('',#2668,#2631,#1784,.T.);
#5637=EDGE_CURVE('',#2669,#2630,#1792,.T.);
#5687=EDGE_CURVE('',#2679,#2681,#1817,.T.);
#5689=EDGE_CURVE('',#2678,#2679,#1812,.T.);
#5691=EDGE_CURVE('',#2673,#2678,#2329,.T.);
#5696=EDGE_CURVE('',#2681,#2656,#2310,.T.);
#5706=EDGE_CURVE('',#2684,#2685,#1842,.T.);
#5708=EDGE_CURVE('',#2687,#2684,#1837,.T.);
#5710=EDGE_CURVE('',#2687,#2678,#1807,.T.);
#5714=EDGE_CURVE('',#2681,#2685,#1822,.T.);
#5724=EDGE_CURVE('',#2690,#2691,#1827,.T.);
#5726=EDGE_CURVE('',#2691,#2690,#1832,.T.);
#5732=EDGE_CURVE('',#2685,#2693,#1847,.T.);
#5734=EDGE_CURVE('',#2693,#2687,#1852,.T.);
#5745=EDGE_CURVE('',#2690,#2695,#1856,.T.);
#5747=EDGE_CURVE('',#2696,#2695,#1923,.T.);
#5749=EDGE_CURVE('',#2697,#2696,#1912,.T.);
#5751=EDGE_CURVE('',#2698,#2697,#1966,.T.);
#5753=EDGE_CURVE('',#2698,#2691,#1860,.T.);
#5757=EDGE_CURVE('',#2701,#2702,#2257,.T.);
#5759=EDGE_CURVE('',#2701,#2704,#1864,.T.);
#5761=EDGE_CURVE('',#2706,#2704,#2275,.T.);
#5763=EDGE_CURVE('',#2706,#2702,#1868,.T.);
#5775=EDGE_CURVE('',#2707,#2698,#1881,.T.);
#5777=EDGE_CURVE('',#2695,#2707,#1979,.T.);
#5873=EDGE_CURVE('',#2708,#2698,#1955,.T.);
#5875=EDGE_CURVE('',#2708,#2709,#1888,.T.);
#5877=EDGE_CURVE('',#2710,#2709,#2059,.T.);
#5879=EDGE_CURVE('',#2710,#2707,#1898,.T.);
#6008=EDGE_CURVE('',#2695,#2711,#1936,.T.);
#6010=EDGE_CURVE('',#2711,#2712,#1943,.T.);
#6012=EDGE_CURVE('',#2713,#2712,#2177,.T.);
#6014=EDGE_CURVE('',#2714,#2713,#2101,.T.);
#6016=EDGE_CURVE('',#2708,#2714,#2094,.T.);
#6114=EDGE_CURVE('',#2710,#2715,#1984,.T.);
#6116=EDGE_CURVE('',#2715,#2711,#2008,.T.);
#6159=EDGE_CURVE('',#2716,#2717,#2015,.T.);
#6161=EDGE_CURVE('',#2717,#2718,#2034,.T.);
#6163=EDGE_CURVE('',#2718,#2719,#2041,.T.);
#6165=EDGE_CURVE('',#2719,#2715,#2045,.T.);
#6169=EDGE_CURVE('',#2709,#2716,#2063,.T.);
#6204=EDGE_CURVE('',#2716,#2423,#2069,.T.);
#6207=EDGE_CURVE('',#2422,#2717,#2075,.T.);
#6245=EDGE_CURVE('',#2716,#2720,#2083,.T.);
#6247=EDGE_CURVE('',#2424,#2720,#2252,.T.);
#6296=EDGE_CURVE('',#2713,#2722,#2105,.T.);
#6298=EDGE_CURVE('',#2722,#2723,#2112,.T.);
#6300=EDGE_CURVE('',#2723,#2724,#2129,.T.);
#6302=EDGE_CURVE('',#2724,#2720,#2136,.T.);
#6344=EDGE_CURVE('',#2725,#2726,#2143,.T.);
#6346=EDGE_CURVE('',#2726,#2722,#2163,.T.);
#6350=EDGE_CURVE('',#2712,#2725,#2181,.T.);
#6389=EDGE_CURVE('',#2725,#2429,#2189,.T.);
#6392=EDGE_CURVE('',#2428,#2726,#2195,.T.);
#6482=EDGE_CURVE('',#2719,#2725,#2222,.T.);
#6484=EDGE_CURVE('',#2719,#2430,#2202,.T.);
#6570=EDGE_CURVE('',#2718,#2431,#2228,.T.);
#6745=EDGE_CURVE('',#2427,#2722,#2234,.T.);
#6786=EDGE_CURVE('',#2426,#2723,#2240,.T.);
#6859=EDGE_CURVE('',#2425,#2724,#2246,.T.);
#6906=EDGE_CURVE('',#2728,#2702,#2270,.T.);
#6908=EDGE_CURVE('',#2728,#2730,#2262,.T.);
#6910=EDGE_CURVE('',#2730,#2701,#2266,.T.);
#6921=EDGE_CURVE('',#2732,#2706,#2288,.T.);
#6923=EDGE_CURVE('',#2728,#2732,#2292,.T.);
#6935=EDGE_CURVE('',#2704,#2734,#2279,.T.);
#6937=EDGE_CURVE('',#2734,#2732,#2284,.T.);
#6950=EDGE_CURVE('',#2734,#2730,#2296,.T.);
#6976=EDGE_CURVE('',#2681,#2736,#2301,.T.);
#6978=EDGE_CURVE('',#2736,#2678,#2306,.T.);
#7015=EDGE_CURVE('',#2553,#2434,#2337,.T.);
#7018=EDGE_CURVE('',#2435,#2552,#2341,.T.);
#7029=EDGE_CURVE('',#2439,#2555,#2333,.T.);
#7042=EDGE_CURVE('',#2557,#2437,#2345,.T.);
#7068=EDGE_CURVE('',#2445,#2563,#2349,.T.);
#7072=EDGE_CURVE('',#2560,#2443,#2353,.T.);
#7083=EDGE_CURVE('',#2565,#2451,#2361,.T.);
#7097=EDGE_CURVE('',#2447,#2569,#2357,.T.);
#7123=EDGE_CURVE('',#2455,#2572,#2369,.T.);
#7126=EDGE_CURVE('',#2573,#2454,#2365,.T.);
#7143=CLOSED_SHELL('',(#2848,#2863,#2877,#2891,#2906,#2921,#2959,#2974,#2990,
#3004,#3017,#3030,#3043,#3056,#3069,#3082,#3096,#3197,#3213,#3228,#3242,#3280,
#3294,#3307,#3320,#3333,#3346,#3359,#3374,#3388,#3401,#3414,#3427,#3440,#3453,
#3466,#3478,#3491,#3504,#3517,#3530,#3542,#3555,#3568,#3581,#3594,#3607,#3619,
#3646,#3699,#3744,#3849,#3895,#3939,#3984,#4018,#4083,#4117,#4177,#4229,#4292,
#4330,#4392,#4516,#4853,#5008,#5349,#5438,#5483,#5528,#5561,#5602,#5643,#5671,
#5681,#5700,#5718,#5738,#5767,#5782,#5883,#6022,#6121,#6173,#6211,#6253,#6306,
#6354,#6396,#6490,#6535,#6576,#6656,#6749,#6790,#6863,#6899,#6914,#6928,#6942,
#6955,#6967,#6983,#6998,#7008,#7022,#7035,#7048,#7060,#7076,#7089,#7104,#7116,
#7130,#7142));
#7144=MANIFOLD_SOLID_BREP('',#7143);
#7145=(LENGTH_UNIT()NAMED_UNIT(*)SI_UNIT(.MILLI.,.METRE.));
#7147=(NAMED_UNIT(*)PLANE_ANGLE_UNIT()SI_UNIT($,.RADIAN.));
#7150=(NAMED_UNIT(*)SI_UNIT($,.STERADIAN.)SOLID_ANGLE_UNIT());
#7153=ADVANCED_BREP_SHAPE_REPRESENTATION('',(#7144),#7152);
#7160=PRODUCT_DEFINITION('design','',#7159,#7156);
#7161=PRODUCT_DEFINITION_SHAPE('','SHAPE FOR PRT0004.',#7160);
#7162=SHAPE_DEFINITION_REPRESENTATION(#7161,#7153);
ENDSEC;
END-ISO-10303-21;
